 0.1738000000000000E+04, 0.4902799967088640E+04, 1.4178101463045039E-05,  900,  900,    1, 0.0000000000000000E+00, 0.0000000000000000E+00
    1,    0, 0.0000000000000000e+00, 0.0000000000000000e+00, 0.0000000000000000e+00, 0.0000000000000000e+00
    1,    1, 0.0000000000000000e+00, 0.0000000000000000e+00, 0.0000000000000000e+00, 0.0000000000000000e+00
    2,    0,-9.0886616361343905e-05, 0.0000000000000000e+00, 2.6968830316230259e-10, 0.0000000000000000e+00
    2,    1,-1.9495932361259600e-10, 1.0733325387331199e-09, 1.2635365661845827e-11, 1.0460593339221404e-11
    2,    2, 3.4673334085426700e-05, 1.0908462869835500e-10, 6.0788142267342969e-11, 6.6436159158311349e-11
    3,    0,-3.1973529610071702e-06, 0.0000000000000000e+00, 3.6294206759977827e-12, 0.0000000000000000e+00
    3,    1, 2.6368016319046001e-05, 5.4545512661968897e-06, 4.2509687609770794e-12, 4.3257133491057782e-12
    3,    2, 1.4171552433678901e-05, 4.8780038179173099e-06, 6.4535173882415071e-12, 6.4750067045146658e-12
    3,    3, 1.2275384816292799e-05,-1.7741560963106001e-06, 1.2268728502389878e-11, 1.2238796064399372e-11
    4,    0, 3.2347895606661501e-06, 0.0000000000000000e+00, 1.0846515206937267e-12, 0.0000000000000000e+00
    4,    1,-6.0134653270642400e-06, 1.6643329301217600e-06, 1.1770189756259057e-12, 1.1531475530101991e-12
    4,    2,-7.1161801004935898e-06,-6.7770192381990902e-06, 1.7111199001362142e-12, 1.6898463456135978e-12
    4,    3,-1.3499352685757700e-06,-1.3444990500099299e-05, 3.2683289619082761e-12, 3.1529910935315923e-12
    4,    4,-6.0069863117290297e-06, 3.9265541252566401e-06, 5.7454048949741982e-12, 5.8009554687078465e-12
    5,    0,-2.2377875305589299e-07, 0.0000000000000000e+00, 4.2015788765002427e-13, 0.0000000000000000e+00
    5,    1,-1.0116092340501300e-06,-4.1189107520555396e-06, 4.5846218101471315e-13, 4.4990685413506447e-13
    5,    2, 4.3995277545202701e-06, 1.0571129058851900e-06, 5.9122679901632621e-13, 5.8838775669972856e-13
    5,    3, 4.6618255686504602e-07, 8.6988884519578896e-06, 1.3119256382993967e-12, 1.2827481737723979e-12
    5,    4, 2.7542669759555499e-06, 6.7702201143341805e-08, 5.4115113766750204e-12, 5.4588271812420645e-12
    5,    5, 3.1105053983013201e-06,-2.7543847261197901e-06, 8.1616835466360665e-12, 8.1918439505838468e-12
    6,    0, 3.8184243532883396e-06, 0.0000000000000000e+00, 2.1754965413484871e-13, 0.0000000000000000e+00
    6,    1, 1.5282752846466899e-06,-2.5995942647864100e-06, 2.4876057583551398e-13, 2.2563807952249621e-13
    6,    2,-4.3972966886307101e-06,-2.1676866566411700e-06, 2.8644522456467094e-13, 2.7231903639431720e-13
    6,    3,-3.3175298694206902e-06,-3.4274131163629601e-06, 6.6984504918828479e-13, 6.4020417773949095e-13
    6,    4, 3.4121450365100602e-07,-4.0580226905049899e-06, 1.9603772363722376e-12, 1.9623501312428578e-12
    6,    5, 1.4543911420017600e-06,-1.0341797971524200e-05, 2.8588952979207119e-12, 2.8879309412310748e-12
    6,    6,-4.6841811863593903e-06, 7.2298730427922903e-06, 4.3255275199496070e-12, 4.3235001096436823e-12
    7,    0, 5.5933939655279096e-06, 0.0000000000000000e+00, 1.7762525505986530e-13, 0.0000000000000000e+00
    7,    1, 7.4716849117364299e-06,-1.1974008673063400e-07, 1.9697998201019236e-13, 2.1518194077838428e-13
    7,    2,-6.5013170380360805e-07, 2.4111115163277199e-06, 2.1738942616235624e-13, 2.4917630287798808e-13
    7,    3, 5.9942694184037096e-07, 2.3573286031869499e-06, 5.0676539357686968e-13, 5.1652357511047309e-13
    7,    4,-8.4366863642712305e-07, 7.5653879851084303e-07, 1.7333423768591009e-12, 1.7469437563244840e-12
    7,    5,-2.0686733490915200e-07, 1.0693217791761000e-06, 1.5937582018284622e-12, 1.6049993035623372e-12
    7,    6,-1.0652046415394901e-06, 1.1004956222931601e-06, 3.5641956053173209e-12, 3.5129318506486650e-12
    7,    7,-1.8204710940863300e-06,-1.6002661472225099e-06, 5.8602983696278180e-12, 5.8679841839928324e-12
    8,    0, 2.3468270003090199e-06, 0.0000000000000000e+00, 1.4939548126996915e-13, 0.0000000000000000e+00
    8,    1, 4.1707960905875798e-09, 1.0980383286784300e-06, 1.5042506825496855e-13, 1.9979650352600402e-13
    8,    2, 3.0093179595172298e-06, 1.9305631824528601e-06, 1.8924810392376414e-13, 1.7696479911606480e-13
    8,    3,-1.8890440726564700e-06, 9.5448948658294809e-07, 3.7531024485087681e-13, 3.9113450661499425e-13
    8,    4, 3.4086875133788799e-06,-5.2825535837585101e-07, 7.7983898543845938e-13, 7.9783167339275980e-13
    8,    5,-1.2480329117519899e-06, 2.9185721692157499e-06, 8.2833105121722814e-13, 8.2777963376162490e-13
    8,    6,-1.6604326709225399e-06,-2.1146747752410498e-06, 1.7316937483549617e-12, 1.7100933391592863e-12
    8,    7,-1.5096752552663100e-06, 3.2688650050684099e-06, 2.7175094500906937e-12, 2.7183239257638160e-12
    8,    8,-2.4856688810624499e-06, 2.1164015610543001e-06, 3.9573792157025766e-12, 3.8055548486862979e-12
    9,    0,-3.5309157270955601e-06, 0.0000000000000000e+00, 1.3872576957727698e-13, 0.0000000000000000e+00
    9,    1, 1.8669613653858900e-06, 8.1040027263908502e-08, 1.5325269569852187e-13, 1.3695031908288362e-13
    9,    2, 1.9278156261491601e-06,-1.3875702882605900e-06, 1.8905807423434936e-13, 1.5034320011056053e-13
    9,    3,-1.9924046580871901e-06, 2.2017584718367602e-06, 3.5923097433122461e-13, 3.5398112191330983e-13
    9,    4,-1.8844310508293500e-06,-1.4257743516202001e-06, 8.0402867471051173e-13, 8.1353706469959543e-13
    9,    5,-1.5625402804914399e-06,-3.5246678876292599e-06, 6.4723210533758622e-13, 6.3229492605593992e-13
    9,    6,-2.1271957269403299e-06,-3.0026175860563098e-06, 1.7020650271048830e-12, 1.6982900989755226e-12
    9,    7,-3.9148316538507901e-06,-1.0686554619596500e-07, 1.7140033330151136e-12, 1.7030898212030674e-12
    9,    8,-1.3120133398542900e-06,-2.2034560637886700e-06, 2.5908065813264251e-12, 2.5909440458772048e-12
    9,    9,-9.3814532258702405e-07, 2.4881476120873002e-06, 4.5851806013029884e-12, 4.6123552024912959e-12
   10,    0,-1.0692992813471100e-06, 0.0000000000000000e+00, 1.1768708875763781e-13, 0.0000000000000000e+00
   10,    1, 8.4159438940502097e-07,-9.5407157423103598e-07, 1.2442456303295079e-13, 1.1050961624877315e-13
   10,    2, 3.5724700414598500e-07,-2.6511745724590300e-07, 1.3407526244137952e-13, 1.2607043758890734e-13
   10,    3, 4.8420495763541504e-07, 6.6882404480653200e-07, 2.6163421815682116e-13, 2.5764849553623121e-13
   10,    4,-3.5729677845522400e-06, 1.5789360349407200e-06, 4.1770545761025045e-13, 4.2550775512096171e-13
   10,    5, 6.9969317295735005e-07,-3.1457641255922302e-07, 4.0967383017382106e-13, 4.1670807093819503e-13
   10,    6,-1.2728563411140999e-07,-2.0952967204623000e-06, 1.0589711742932496e-12, 1.0739227905000806e-12
   10,    7,-3.9986474811247704e-06,-9.1073359481717495e-07, 1.1533827291057906e-12, 1.1473946321577662e-12
   10,    8,-3.5594171894747600e-06, 2.8488752099194201e-06, 1.3881072027638900e-12, 1.3495028275099106e-12
   10,    9,-4.7531464826185900e-06,-5.1541172590030598e-08, 2.5107384706054554e-12, 2.5012740342585750e-12
   10,   10, 9.4792391587664003e-07,-1.7193982646144901e-06, 3.5380272950642643e-12, 3.6522999797141723e-12
   11,    0,-8.8520923831781096e-07, 0.0000000000000000e+00, 1.0245518105567331e-13, 0.0000000000000000e+00
   11,    1,-1.9466485207382500e-08, 6.1425133460483304e-07, 1.3643290248804886e-13, 9.8323139929025497e-14
   11,    2, 6.9951590792831299e-07,-1.9680446215746899e-06, 1.2746093826392483e-13, 1.1721204561289092e-13
   11,    3, 4.0842595945294797e-07, 7.3625035634508997e-07, 2.2722931297946394e-13, 2.5126615852680520e-13
   11,    4,-1.0867630468649400e-06, 2.1908700356837401e-06, 4.4550154301802306e-13, 4.4130730464654630e-13
   11,    5, 5.0326213297133998e-08, 2.5880366158584899e-06, 3.8881430593591805e-13, 3.7338878717717686e-13
   11,    6, 5.2433774122889097e-07,-1.3669920822533301e-06, 9.9785089509088476e-13, 9.9387640364894828e-13
   11,    7,-8.4541815088696705e-08,-2.8411045779523100e-06, 8.1351410465103784e-13, 8.1652160120919048e-13
   11,    8,-2.0952794819282300e-06,-3.8294594911644098e-07, 1.4045580057761730e-12, 1.4031318948393219e-12
   11,    9,-2.3348598240898200e-06, 2.5264921333098800e-07, 1.6348973919525209e-12, 1.6400575022215583e-12
   11,   10,-4.6805888323041897e-06,-1.7361526765514999e-07, 2.2385784577678866e-12, 2.2705015998836702e-12
   11,   11,-2.8888087303261999e-06,-1.7463975907065600e-06, 3.9194620427452996e-12, 3.8307907630966308e-12
   12,    0,-2.0122599516207098e-06, 0.0000000000000000e+00, 1.2793985575078996e-13, 0.0000000000000000e+00
   12,    1,-7.0688664067801005e-07, 1.6477812781310300e-06, 1.1917573527934261e-13, 1.4108863035046178e-13
   12,    2,-1.0520911894913800e-07, 1.5078357606297600e-06, 1.3601521346323506e-13, 1.2871345245566580e-13
   12,    3, 8.5569060225007898e-07,-4.0589513679447398e-06, 1.8318948022563534e-13, 1.9014168330550343e-13
   12,    4, 8.1302042069632805e-07,-3.4462352321908099e-07, 2.7443384706718497e-13, 2.7003053189628248e-13
   12,    5, 2.1481340829091801e-10, 8.9362491105545700e-07, 2.7236305318296798e-13, 2.6999293875390955e-13
   12,    6, 1.0890697943207199e-06, 5.4524909062829195e-07, 6.9337227183664909e-13, 6.9833937016510748e-13
   12,    7, 2.1399957046376400e-06,-9.6755369139453090e-07, 5.9982143463851668e-13, 5.9855184216333255e-13
   12,    8, 3.9856181167335598e-07,-2.2065403707952302e-06, 1.0450371199658252e-12, 1.0401798523704757e-12
   12,    9,-1.3451597883806601e-06, 1.0950075873121001e-06, 1.3327818939591816e-12, 1.3256179008803110e-12
   12,   10,-3.0754862841913501e-06,-1.2739103607619600e-06, 1.1533982727414416e-12, 1.1895452596936559e-12
   12,   11,-9.8183613849485409e-07,-3.2844282825135802e-07, 2.2344012381661613e-12, 2.3157371099363568e-12
   12,   12, 3.0276598904424398e-07, 1.2469221486692100e-06, 3.3299533772088888e-12, 3.3149164290155024e-12
   13,    0, 2.5648004946640699e-07, 0.0000000000000000e+00, 1.0161230870195052e-13, 0.0000000000000000e+00
   13,    1, 1.3544740019325599e-06,-7.6670640509333898e-08, 1.2020560488157391e-13, 1.4405151101596184e-13
   13,    2,-3.4252304475550800e-06, 3.8397432412839302e-07, 1.2565465300261254e-13, 1.1707389684091672e-13
   13,    3,-4.3336097340946901e-07,-1.4563096572694000e-06, 1.7879722196785304e-13, 2.0454481016497496e-13
   13,    4, 7.7726965067363903e-07,-5.8193660082935302e-07, 2.7947807089882109e-13, 2.8890685602494632e-13
   13,    5,-1.1863451746840701e-06, 1.0213375267916701e-06, 2.6744945857013189e-13, 2.7560369407975650e-13
   13,    6,-2.7668192755806799e-08, 1.3842386956988099e-06, 6.3119586353443723e-13, 6.3180445329897494e-13
   13,    7,-1.6213435968897400e-07,-6.7266165679448902e-07, 4.8663289192323278e-13, 4.8554663961051252e-13
   13,    8,-2.9229245439655900e-07,-1.2105332553131899e-06, 9.2193910187472074e-13, 9.1706379381594029e-13
   13,    9,-1.6991760642752299e-07, 5.2749568949826497e-07, 9.2345604450934284e-13, 9.3327516137179701e-13
   13,   10,-6.7430222940660703e-07, 4.5284907615079200e-07, 1.2560935268675769e-12, 1.2554591647613548e-12
   13,   11,-1.3056871659038599e-06, 4.3904810028994700e-07, 1.5302630513664773e-12, 1.5013606702504660e-12
   13,   12,-5.7441404425841903e-07,-1.5223312540357900e-06, 2.1573960180082977e-12, 2.1477918680199866e-12
   13,   13, 2.4993752023939002e-06,-2.6688268902302499e-06, 3.4308302773705760e-12, 3.4632245661948559e-12
   14,    0, 4.9225224502803004e-07, 0.0000000000000000e+00, 9.1685891008634001e-14, 0.0000000000000000e+00
   14,    1, 5.6542798865416504e-07,-6.8210722221241897e-07, 1.0027813750123757e-13, 9.3919951398400072e-14
   14,    2, 3.6442018790838399e-07, 3.5520873302360800e-07, 9.4589436849320686e-14, 9.8607255731387849e-14
   14,    3, 5.5789651580619299e-07, 1.6800777023981601e-07, 1.6170885549324676e-13, 1.5210703771162488e-13
   14,    4,-3.9052839843587802e-07,-2.5820577284616302e-06, 1.8254647457491681e-13, 1.8849826462174610e-13
   14,    5,-7.8238902535615302e-07,-2.1601367091114401e-07, 2.1476383257866048e-13, 2.1195179359191573e-13
   14,    6,-6.0960862234429401e-07, 1.8622792390450599e-06, 4.7876426419668265e-13, 4.7460161959831718e-13
   14,    7,-5.1542739180213005e-07, 1.1615207730013600e-06, 3.6590809010104082e-13, 3.5820563398227404e-13
   14,    8, 3.0614960251918901e-07, 4.4147512269301599e-07, 7.9972593691792611e-13, 7.8374558888396782e-13
   14,    9, 8.0502020132775903e-08,-1.6380493670771701e-06, 7.8108457805017727e-13, 7.8005881863241528e-13
   14,   10,-7.7819859859647003e-07, 5.9302093987432998e-07, 8.9241562599449935e-13, 9.1662062470897292e-13
   14,   11,-1.9284929924395900e-06, 1.9372453478534400e-06, 1.3594205553516439e-12, 1.4124232406931456e-12
   14,   12,-1.4485531084503000e-06,-5.3946445621413999e-07, 1.1431801329502611e-12, 1.1245843443043699e-12
   14,   13,-3.2143219402284300e-07,-1.0177913464225199e-06, 2.0750943520038025e-12, 2.0628702082644732e-12
   14,   14,-6.1350068998726697e-07, 1.0710874517186301e-06, 3.0271784580028783e-12, 3.1727152540950634e-12
   15,    0,-2.2808688364467899e-07, 0.0000000000000000e+00, 8.6419556790109518e-14, 0.0000000000000000e+00
   15,    1,-7.9753014528067704e-07, 3.5361520152343102e-07, 9.3169093527328576e-14, 8.2723595733652686e-14
   15,    2,-5.4013089111191002e-08, 7.4465613222144697e-07, 8.3949525024023025e-14, 1.2759016301601536e-13
   15,    3,-1.3782408445910199e-06,-6.3069875600431298e-07, 1.4388600724554087e-13, 1.3805770616193344e-13
   15,    4,-9.5605894819832598e-07,-1.3233705228445701e-06, 2.0678908399974687e-13, 2.0601041083883509e-13
   15,    5, 7.7316841156803893e-09,-8.9339522671281098e-07, 2.1413972340782969e-13, 2.1439761747872971e-13
   15,    6,-6.4421510411269597e-08,-3.3067602667687099e-07, 4.3258007240638701e-13, 4.3907739668663662e-13
   15,    7, 1.1252799830198800e-06, 1.4893991217251701e-06, 3.2513448094180122e-13, 3.2704002509777710e-13
   15,    8, 1.3150994456873900e-06, 1.8865584556639500e-06, 6.4841821220049494e-13, 6.5160369877635096e-13
   15,    9,-8.5195589539650404e-08,-1.0116219670586500e-06, 6.0263885895454364e-13, 6.0924670781350017e-13
   15,   10,-6.0153999699789802e-08, 4.2270450022821599e-07, 8.3921771350448254e-13, 8.3789042419483360e-13
   15,   11,-1.4262824121575500e-06,-1.5024362923816200e-06, 9.8546530792318237e-13, 9.8189491126112212e-13
   15,   12,-1.7672231141452699e-06,-4.7177430814685402e-07, 1.2526264227749012e-12, 1.2521702914142684e-12
   15,   13,-4.0492534530211502e-07, 3.0951527391703100e-07, 1.3811663037258718e-12, 1.3994986781789475e-12
   15,   14, 8.2348333335602799e-07, 5.6143939284116904e-07, 2.0908993446913733e-12, 2.1034249858105797e-12
   15,   15, 5.4844383414648597e-07, 7.7786949869538196e-07, 3.1845803140399388e-12, 3.1699997911127229e-12
   16,    0, 5.5684781723422402e-07, 0.0000000000000000e+00, 9.3227574284431504e-14, 0.0000000000000000e+00
   16,    1, 1.1558818957184400e-07, 8.2525448163704004e-07, 7.7594825507739072e-14, 1.2365084028082518e-13
   16,    2, 1.4552342783492900e-06, 7.6542541741438497e-09, 1.0495374159473910e-13, 8.6507316586925696e-14
   16,    3,-1.9426969433693399e-07, 5.2333655443077297e-07, 1.1460155369590752e-13, 1.5522026738153653e-13
   16,    4, 6.8594881339957901e-07, 3.1244574665041103e-07, 1.4635801871261497e-13, 1.4030793516855043e-13
   16,    5, 7.6342403261810102e-07,-6.4847963408957801e-07, 1.6783195877566397e-13, 1.8576141241554709e-13
   16,    6, 7.2981294499738503e-07,-7.2807649526352395e-07, 3.4466913375597152e-13, 3.4464691417827685e-13
   16,    7,-2.8070249706545598e-07,-5.8039941619624799e-07, 2.5739278920182088e-13, 2.5245445006240669e-13
   16,    8, 2.3719847172036800e-08, 3.2009538560323701e-07, 6.1184652624332362e-13, 5.9830916746613332e-13
   16,    9,-7.8067860695686104e-07,-8.2336513477734604e-07, 4.9644305260935780e-13, 4.9350147549767951e-13
   16,   10, 2.2721497051003201e-07, 3.3551591498433501e-08, 7.4784640186103958e-13, 7.6327027427585870e-13
   16,   11,-3.3146330265252898e-07, 7.7219291483631895e-07, 8.8138953381603086e-13, 9.1650164890436831e-13
   16,   12,-1.2941785058768200e-06, 9.1585841925617001e-07, 7.9222226582083796e-13, 7.9146870505157414e-13
   16,   13,-1.7990715187346799e-07,-1.6299062752451600e-07, 1.3801972322305416e-12, 1.3725261161865481e-12
   16,   14,-6.7988311186544605e-07, 1.7761409762133599e-07, 1.1346067269253401e-12, 1.1943844618839097e-12
   16,   15,-3.6476022662665400e-07,-1.0158143645496000e-06, 1.8864458275063475e-12, 1.9144942065227201e-12
   16,   16,-9.0536610686579401e-07,-9.1877860906697205e-07, 2.8989842621140862e-12, 2.9566421729938599e-12
   17,    0,-1.0330344866512500e-06, 0.0000000000000000e+00, 8.4552921416107228e-14, 0.0000000000000000e+00
   17,    1, 5.0201672142876099e-07, 7.6260944214509697e-08, 1.0342522399178667e-13, 1.1443793174094952e-13
   17,    2,-2.9072218052218498e-07,-8.7257963549097899e-07, 9.7631069777219287e-14, 8.8113093640575535e-14
   17,    3,-2.6779513331889700e-08,-5.0226435807531598e-07, 1.2983541789971918e-13, 1.4809367285352554e-13
   17,    4, 1.2851262478021800e-06, 2.0375449103729402e-06, 1.6307746059232284e-13, 1.5558292706295813e-13
   17,    5, 1.9066286289513001e-07,-6.0426998892451598e-07, 1.7148872110609142e-13, 1.8535585270511853e-13
   17,    6, 7.2125107240378902e-07,-1.2458569685396900e-06, 3.2690672560897209e-13, 3.1610919732794626e-13
   17,    7,-1.2987834699602601e-06,-1.5562656752037800e-06, 2.5319135022131249e-13, 2.4767498051399166e-13
   17,    8,-2.1146923709380399e-07,-4.7046413537379999e-07, 4.8089334130644687e-13, 4.8333341883046035e-13
   17,    9, 3.2823157098589299e-07, 1.3716369319427599e-06, 4.1158132342421261e-13, 4.2118443734456508e-13
   17,   10, 4.1627361131407799e-07, 6.1369580594534496e-07, 6.2094333213659856e-13, 6.1808020221283874e-13
   17,   11, 1.1439601096875199e-06,-2.0201732098400400e-07, 7.0195679328748551e-13, 7.0188818552528220e-13
   17,   12, 9.5947169254960696e-07, 1.7955219062033100e-07, 8.1903123164820567e-13, 8.1942545539467816e-13
   17,   13,-3.9717402131794799e-08,-2.2228687553204501e-07, 9.8387483864018799e-13, 9.9174183508947556e-13
   17,   14, 4.0313833068114602e-07, 3.0455895282856999e-07, 1.3005634464522167e-12, 1.3099908791991612e-12
   17,   15,-6.4298033971220403e-08,-5.0458425297386602e-07, 1.2874656788737224e-12, 1.2798684169769371e-12
   17,   16,-3.1693967447656298e-07,-2.5149378740096301e-07, 2.0227058878109618e-12, 2.0133971613998383e-12
   17,   17,-3.8081981165530502e-07, 1.5047802729785901e-06, 2.9824070761916796e-12, 2.9727955255847212e-12
   18,    0,-5.2032090678533099e-07, 0.0000000000000000e+00, 7.5274764370497515e-14, 0.0000000000000000e+00
   18,    1, 3.6041578032119599e-07, 2.6841430713012301e-08, 8.4908868381053016e-14, 9.5506485807022525e-14
   18,    2,-3.1662114161484702e-07,-7.2611761816849400e-07, 7.6262473468721395e-14, 1.0398874385356454e-13
   18,    3, 9.9522670770699004e-07, 4.3266095280775600e-07, 1.0039132515259911e-13, 1.2808298232849534e-13
   18,    4,-8.0305511019220098e-07, 1.0913214180179499e-06, 1.1889824645392521e-13, 1.1808340038772958e-13
   18,    5,-5.1930036688650204e-07, 7.3191246575514500e-08, 1.5799334416529306e-13, 1.7769293954504468e-13
   18,    6,-1.7013065485277099e-06, 7.3391052622023496e-07, 2.6612191313592203e-13, 2.6357191899689746e-13
   18,    7,-2.1831763885733601e-07,-1.1337239345832500e-06, 2.0578029934110685e-13, 2.0636214533709183e-13
   18,    8, 4.4459462525297701e-07, 2.8680427897976101e-07, 4.8025952996235832e-13, 4.6669659688019277e-13
   18,    9, 5.5072930170668495e-07,-6.3740232209685799e-07, 3.4178001288024973e-13, 3.4026356541751499e-13
   18,   10, 3.5819616998679099e-07,-5.5010193778540904e-07, 6.2498927671283521e-13, 6.2800765903943834e-13
   18,   11, 4.2128099031246401e-07,-1.2979791874815301e-06, 6.0178285741414253e-13, 6.2644399435417555e-13
   18,   12, 8.3086226126893504e-07, 2.3475614551327699e-07, 6.7463687850346689e-13, 6.7660629771370567e-13
   18,   13,-1.2158437243028201e-06,-1.0016293554124900e-07, 9.6258947270383885e-13, 9.5364197003258503e-13
   18,   14, 6.1092896946235894e-08,-1.1320503975615601e-06, 7.4956931616802894e-13, 7.7353272607337963e-13
   18,   15, 2.4321627802418298e-07,-1.0844704637443900e-06, 1.3261257046207529e-12, 1.3492962316684386e-12
   18,   16, 8.9881630406245305e-07,-2.1359695588532900e-07, 1.1863440120210397e-12, 1.2158514071731721e-12
   18,   17, 1.2300336178568600e-06,-4.7126690482933801e-07, 1.7741061406326224e-12, 1.7973249603065257e-12
   18,   18,-2.0969437988113499e-07,-2.8514413006776102e-07, 2.7965311899024220e-12, 2.8287046918694622e-12
   19,    0, 2.1565518286635401e-07, 0.0000000000000000e+00, 7.5959993148220003e-14, 0.0000000000000000e+00
   19,    1,-5.9124009222680303e-07, 1.3131884602530901e-07, 7.3249086437248514e-14, 7.5233214941022090e-14
   19,    2, 1.7300124297031799e-07,-3.7178525872291501e-07, 9.4329491484256666e-14, 1.0062351948221943e-13
   19,    3,-6.3197378179851005e-07, 9.7661035171026302e-07, 1.2583225219089031e-13, 1.0205842616649224e-13
   19,    4,-9.9349345767366307e-07,-1.0539041502887300e-06, 1.7221459579299501e-13, 1.2688396386849952e-13
   19,    5,-2.5844956827533601e-07, 1.4832581708165300e-06, 1.5697713965724429e-13, 1.6366562248201054e-13
   19,    6, 1.5870808719633400e-07, 3.8007162217719098e-07, 2.6354319984503120e-13, 2.4581155083806495e-13
   19,    7, 1.2234447451398000e-06, 4.9114796711137603e-07, 2.0029521058304576e-13, 1.9629266731756551e-13
   19,    8, 6.5120166401466300e-07, 8.6667881072035801e-07, 3.6985179821105387e-13, 3.7307135520934108e-13
   19,    9,-6.5371962011870696e-08,-4.2221431553744998e-07, 3.0879227121535228e-13, 3.1493511347042430e-13
   19,   10,-7.8244177459129701e-07,-2.2600388834076099e-07, 4.8369453807501243e-13, 4.7910710973108794e-13
   19,   11, 9.1955576751581099e-09,-1.7527241893198801e-07, 5.1859230628386890e-13, 5.1766421659317568e-13
   19,   12,-1.1045184707695100e-07,-2.8718121800073801e-07, 6.0076908700015203e-13, 5.9881972655910218e-13
   19,   13, 7.4501271053528502e-07, 2.2318379857439101e-06, 7.6190761291498786e-13, 7.6488017038419472e-13
   19,   14,-1.2603871777082800e-07, 5.3990214015904202e-07, 8.5822719947665768e-13, 8.5953348148647184e-13
   19,   15, 8.3910205810619005e-08, 8.2508197822868897e-08, 9.5803117334877481e-13, 9.5019684794506458e-13
   19,   16,-5.5142610781185500e-08, 6.8949621725192397e-07, 1.3519990954384650e-12, 1.3466045410323895e-12
   19,   17,-1.0690616880021701e-06,-1.8686514182885400e-06, 1.2115633219561713e-12, 1.2083343898020187e-12
   19,   18, 1.1238298247504601e-06,-2.1666248158956602e-08, 1.9138543546687391e-12, 1.9056656573408877e-12
   19,   19, 6.0201984004023204e-07, 3.6540764196074999e-07, 2.8092911694707987e-12, 2.8058783880867894e-12
   20,    0, 3.3556393418166998e-07, 0.0000000000000000e+00, 7.6740860516868083e-14, 0.0000000000000000e+00
   20,    1,-1.9705500886049300e-07,-3.8256953416357802e-07, 6.7732629518735524e-14, 1.0147068811640208e-13
   20,    2, 8.1279557783771603e-07, 3.4113911585230098e-09, 8.0165591621453520e-14, 7.4932143136182334e-14
   20,    3, 6.3521340003391698e-07,-2.6548864421421498e-07, 9.5520407682232485e-14, 1.1341357640171448e-13
   20,    4, 4.6355516632032101e-07,-4.8885269630769798e-07, 1.0302982121637661e-13, 1.0607325213651007e-13
   20,    5, 2.1898635497341599e-07,-3.0314715098746698e-07, 1.2498248923737124e-13, 1.2746925717387500e-13
   20,    6,-1.9131047120890199e-07, 3.2994354745346698e-07, 2.1177592721193284e-13, 2.0730295683180266e-13
   20,    7,-6.7594617167956601e-07,-7.3148463603077595e-07, 1.6233714551837746e-13, 1.6237385040368143e-13
   20,    8, 2.3456886252995600e-07, 6.9278254599023303e-08, 3.7842993391400609e-13, 3.7356204480533806e-13
   20,    9,-3.8465391009429201e-07, 1.0987630752450100e-07, 2.5624032764194390e-13, 2.5408474568906825e-13
   20,   10, 3.2598379951856000e-07, 4.8896935389699398e-08, 5.2351415607346049e-13, 5.2195507258508176e-13
   20,   11, 2.4530140034741300e-07, 1.1294365293916100e-06, 4.3170069404411498e-13, 4.4924390896589143e-13
   20,   12, 1.3112361692851499e-07,-9.8323484191832097e-07, 5.8502217922199589e-13, 5.8470745374266005e-13
   20,   13, 8.3047122180577199e-07, 6.1765751818281097e-07, 6.9808348159541271e-13, 6.9250811529249618e-13
   20,   14,-1.4623854889227601e-07, 8.2837126494167395e-08, 6.1227609818821441e-13, 6.2915417482730493e-13
   20,   15,-3.2470628942656101e-07, 9.1982195528301598e-08, 9.6911147690337807e-13, 9.8491724259257483e-13
   20,   16, 9.2834454842194903e-07,-6.1159922213948296e-07, 7.8054393513109425e-13, 7.9065071496208378e-13
   20,   17, 7.9326145024313204e-07,-1.1850621334166299e-06, 1.2904614454838107e-12, 1.3045544786433427e-12
   20,   18, 8.4497705466745799e-07,-3.4204869764265297e-08, 1.2258690927619059e-12, 1.2296841771887383e-12
   20,   19,-2.1724430199914200e-07, 3.0516932022167699e-07, 1.7122892749053536e-12, 1.7146332319219404e-12
   20,   20,-1.3523396344793900e-07,-3.5878114300843799e-07, 2.7619350390263181e-12, 2.7219726209505137e-12
   21,    0,-5.6015259688428598e-08, 0.0000000000000000e+00, 8.3976068816962617e-14, 0.0000000000000000e+00
   21,    1, 3.7751768107516901e-08, 5.5305762897819195e-07, 7.8150446723063199e-14, 1.1043026843029783e-13
   21,    2,-1.3638410691636899e-06,-3.9097973235392002e-07, 8.1587889538000478e-14, 8.5621839877365036e-14
   21,    3, 3.4527128721245400e-07,-9.2832388438376998e-07, 8.6940753201925928e-14, 1.5322173916543246e-13
   21,    4,-7.6380147218106297e-07, 7.4187862349910305e-07, 1.1584055608981146e-13, 1.1010023574229596e-13
   21,    5, 3.3331649522089901e-07, 9.0153580032418995e-08, 1.2255834091215141e-13, 1.3587058665815772e-13
   21,    6,-6.2288591224224201e-08,-4.0219146691822702e-07, 1.9435427197064280e-13, 1.8801640149677452e-13
   21,    7,-3.7533026434864301e-07, 6.1923060689608801e-07, 1.6378431331050419e-13, 1.7291262014826112e-13
   21,    8,-8.1130242788742804e-07,-3.2537325188674700e-08, 2.9676689838761711e-13, 2.9630656391698231e-13
   21,    9, 6.0754325484463502e-08,-5.4162622082847897e-07, 2.3792665070052455e-13, 2.4262997234263132e-13
   21,   10, 4.7927843309342003e-07,-5.7367728791052997e-08, 3.9032722679104598e-13, 3.8599478031549481e-13
   21,   11,-3.1497249560487302e-07,-1.7308138848230399e-07, 3.9703509676541582e-13, 3.9754326689523646e-13
   21,   12,-2.9376771149418202e-07, 4.0394967132374000e-07, 4.7140248061385803e-13, 4.7321995973046497e-13
   21,   13,-2.7138057791055101e-07,-1.7687978851867301e-07, 6.0038874157206123e-13, 6.0014272538194910e-13
   21,   14,-1.5907275160660199e-07, 3.4867545658942403e-07, 6.0943923870405149e-13, 6.1137545100047148e-13
   21,   15,-3.7683079574517400e-07, 1.9265453206231801e-07, 7.8662556301119188e-13, 7.7873323475267611e-13
   21,   16, 1.1352323099478099e-06,-2.9197994182681098e-07, 9.1747865222241809e-13, 9.1398518507084002e-13
   21,   17, 8.6911310807090203e-07, 1.4667869849842901e-06, 9.0676684915958852e-13, 9.0385795058420345e-13
   21,   18,-1.1156076941433000e-07,-6.0637676301404901e-07, 1.3589082291492560e-12, 1.3593627845530178e-12
   21,   19, 1.8720968744854099e-06, 1.4892778622371801e-07, 1.1704323263121171e-12, 1.1642581822108522e-12
   21,   20,-4.3210128684845598e-07, 2.5440900911036401e-06, 1.7878773019474099e-12, 1.7853800065972959e-12
   21,   21,-3.3409329476312902e-07, 3.2410582600904902e-07, 2.6630324305270811e-12, 2.6595976712325473e-12
   22,    0,-8.4139618486980895e-08, 0.0000000000000000e+00, 7.5129919288453048e-14, 0.0000000000000000e+00
   22,    1,-3.0287380235929601e-07, 2.5147157858933299e-07, 6.6910764478018890e-14, 7.6684505165453425e-14
   22,    2,-3.6293119895508300e-07,-9.0166676893861301e-08, 9.8454002154921855e-14, 7.1712251983652091e-14
   22,    3, 5.9072506315329696e-07, 6.5822516396745998e-07, 8.0989317744807776e-14, 8.6350130949330077e-14
   22,    4, 3.5594989485429699e-07, 7.1572082450172501e-08, 9.1841214260721709e-14, 1.0753065480239001e-13
   22,    5, 4.7670078390774600e-07,-7.7164587200223501e-07, 1.0829885573080920e-13, 1.0864046931875816e-13
   22,    6,-2.3595184657414600e-07, 1.8391467869578599e-07, 1.6436815094930477e-13, 1.7549161015715287e-13
   22,    7, 3.6932278004809998e-07, 6.6403050858219003e-07, 1.4096166096449864e-13, 1.4084678791619078e-13
   22,    8, 1.7501466676521800e-07,-4.0712790255587001e-07, 3.1143881841056212e-13, 3.1141980719753457e-13
   22,    9, 7.3847013220655001e-07, 1.1884837778775100e-07, 2.0310031368168250e-13, 2.0003501228852820e-13
   22,   10,-3.8567215092195301e-07, 6.0464902335058297e-07, 4.3360060641974039e-13, 4.3468459307158396e-13
   22,   11,-3.6514778402240600e-07,-7.1024496265574499e-07, 3.2525586655979876e-13, 3.3770827992143994e-13
   22,   12,-2.2460740236592799e-09, 4.0208585252943602e-08, 5.0769053874198881e-13, 5.1219540946428972e-13
   22,   13,-3.3941291711440301e-07, 2.0157390513871001e-07, 5.3084572237934335e-13, 5.2110321569714062e-13
   22,   14,-9.2731490087330404e-07, 1.1890245328426000e-06, 5.3072772348457947e-13, 5.4007528573546145e-13
   22,   15,-2.1271854289857100e-07,-1.7689468426444100e-07, 7.3713491458314009e-13, 7.4920712802674328e-13
   22,   16,-6.1872658764657497e-07, 4.7936080613728301e-07, 6.1418317047617137e-13, 6.1668083343399343e-13
   22,   17,-7.0965466496074504e-07,-7.6590229587927100e-08, 9.7029240370234659e-13, 9.8067718556238355e-13
   22,   18, 5.1801072459992802e-07,-2.6671417406713200e-07, 8.2768993836966040e-13, 8.3108604592874414e-13
   22,   19,-4.9810877922255105e-07, 3.2541862413424598e-07, 1.2704751510637776e-12, 1.2704806829047535e-12
   22,   20, 6.6661821933251699e-07,-5.1406632212268700e-07, 1.2601129208168437e-12, 1.2329417371741530e-12
   22,   21,-1.6864244743700001e-07, 7.6231017292570605e-08, 1.6728460409245867e-12, 1.6716564316827406e-12
   22,   22, 3.5616368485771499e-07, 6.5645138776216197e-07, 2.7159389623094428e-12, 2.6919793572855270e-12
   23,    0,-3.8543619125108401e-07, 0.0000000000000000e+00, 9.9372674514424560e-14, 0.0000000000000000e+00
   23,    1, 2.8358252043580601e-07,-8.3442279420501596e-07, 7.3026314269976121e-14, 7.5872164572723958e-14
   23,    2, 4.5727443723719301e-07,-8.7210310720770799e-08, 8.1842940507507298e-14, 8.2012950565099419e-14
   23,    3,-6.9578981002516001e-07, 3.1907763143363598e-07, 9.4541657812249349e-14, 9.9336305697753578e-14
   23,    4, 4.1136654868411101e-07,-6.0013108939862005e-07, 1.1355397058950939e-13, 1.0296268567409221e-13
   23,    5,-2.2635980544331601e-07, 7.3085819447249502e-07, 1.1734109975319419e-13, 1.2754627158960087e-13
   23,    6, 4.0216804701752799e-07, 9.6256107999210598e-08, 1.5843736395658632e-13, 1.5950932979939045e-13
   23,    7, 4.1549663228488798e-07,-7.7674512152059397e-07, 1.4556474153686007e-13, 1.5076857581743002e-13
   23,    8, 3.4876052546848101e-07,-3.5052286464890702e-07, 2.4053259439112810e-13, 2.5271068528664460e-13
   23,    9, 1.0142718314538701e-06, 7.2356625664386604e-08, 1.9871131854784158e-13, 2.0050774287370772e-13
   23,   10,-6.9901916812605096e-07, 1.7248301626757800e-07, 3.2635917869304792e-13, 3.2506252872750139e-13
   23,   11, 2.9625824069335801e-08, 1.5832109762058000e-07, 3.1229756351214479e-13, 3.1280193827567675e-13
   23,   12, 3.1641847167560802e-07,-4.7332386315347701e-07, 3.9011621716073108e-13, 3.9259219571200229e-13
   23,   13,-7.7946562677404003e-07, 2.2609449916845399e-07, 4.8416955202693701e-13, 4.8041534041547746e-13
   23,   14, 7.5231374773413497e-07,-4.3212989233136101e-07, 4.7659844460994393e-13, 4.7546388616831232e-13
   23,   15, 2.7364715048553702e-07, 6.5430680971871498e-08, 6.5209289217234408e-13, 6.4602616728194014e-13
   23,   16,-5.7252676660658203e-07, 2.6363203003740899e-07, 6.5148621424155842e-13, 6.5026269510991384e-13
   23,   17,-3.3067039194755498e-07,-3.8344707679714698e-07, 7.7188951316340075e-13, 7.6732135447474356e-13
   23,   18,-3.3685338906490599e-08, 3.0459708440429399e-07, 9.6199785541761368e-13, 9.6001846553810868e-13
   23,   19,-4.3549393825380300e-09,-6.0954991258959994e-08, 8.6293148520497021e-13, 8.6105138591598865e-13
   23,   20,-1.9922151487676499e-08, 3.8103241736321699e-07, 1.3323091757005094e-12, 1.3321050353448062e-12
   23,   21,-5.9118683659416995e-07, 3.0421129589767200e-07, 1.1422000759276755e-12, 1.1414414493732134e-12
   23,   22,-9.8599959145984197e-07,-4.8887325559004300e-07, 1.6640397515729105e-12, 1.6748104563874934e-12
   23,   23,-1.0613701237799101e-06, 2.4943788367036002e-07, 2.5563179834607020e-12, 2.5192827897515854e-12
   24,    0, 3.9875134659108003e-09, 0.0000000000000000e+00, 8.1441969815059124e-14, 0.0000000000000000e+00
   24,    1, 3.3903545674915901e-07,-2.7290553166373900e-07, 6.9856712097260293e-14, 8.0202945786322990e-14
   24,    2, 4.2138782084807900e-07, 3.6304874742960100e-07, 1.0829931740721854e-13, 7.4114166783127685e-14
   24,    3,-1.0469577015739200e-07,-9.5266629847752397e-07, 8.4254261326320559e-14, 1.0434918078946201e-13
   24,    4, 5.2016305785652696e-07, 1.9665237580596801e-07, 1.0931249334847712e-13, 8.8150560612238314e-14
   24,    5, 4.7080044086092200e-08,-1.0137828892466100e-07, 1.0113657526408056e-13, 1.0517338214682180e-13
   24,    6,-3.8014784310386999e-07, 2.9734468132028300e-08, 1.5046076858621631e-13, 1.4682497511147202e-13
   24,    7, 3.5110657333940402e-07, 1.4658609551291999e-07, 1.2794077984139591e-13, 1.2490850604803539e-13
   24,    8, 5.3632714509237398e-07, 2.1265853575139100e-07, 2.5512979583642918e-13, 2.5222235095458824e-13
   24,    9,-6.1081399662168099e-07,-7.0161189520682706e-08, 1.7167850004159708e-13, 1.6607167557498491e-13
   24,   10,-4.2911876368381503e-07, 1.3484819485000199e-07, 3.6996189579196118e-13, 3.6886582339046570e-13
   24,   11, 2.0687913573200100e-07,-3.8091708914423799e-07, 2.5761339971952200e-13, 2.6763451247587133e-13
   24,   12, 1.2048870881647799e-06,-4.1641818897489302e-08, 4.4294935332437807e-13, 4.4442952653897961e-13
   24,   13, 3.3259886357657200e-07,-3.8346422737526699e-07, 4.0724958152877018e-13, 4.1342002930844992e-13
   24,   14, 8.1690576479970404e-07,-6.4802145996798703e-07, 4.7295103872243725e-13, 4.7852433915482393e-13
   24,   15,-1.8373913719332600e-07, 3.8071839120834101e-07, 5.8023790088951598e-13, 5.8941917902495429e-13
   24,   16, 2.6192223990373500e-07,-2.1379340726780401e-07, 5.1561113685180818e-13, 5.1857156100983753e-13
   24,   17, 5.8499008693022296e-07, 2.5157200979800298e-07, 7.6193242241713142e-13, 7.6559843672050748e-13
   24,   18,-9.9561890420935500e-07,-6.5335768844856599e-07, 6.4452704025759831e-13, 6.4351096412256890e-13
   24,   19, 4.6417048692270700e-07,-6.3136158150665199e-07, 9.6899079126699116e-13, 9.7161638577460200e-13
   24,   20,-3.4930054642944301e-07,-1.6876568919436000e-07, 8.7632278734488843e-13, 8.6889087325519220e-13
   24,   21, 2.9854987848658699e-07, 1.5772389358624201e-07, 1.2580454130559337e-12, 1.2608036928359353e-12
   24,   22, 1.2070467564717299e-07, 7.2388991997225399e-07, 1.2627928185003697e-12, 1.2590080673602891e-12
   24,   23,-1.7721407992948101e-08,-3.5688471380353601e-07, 1.6382300002195272e-12, 1.6496604483775263e-12
   24,   24, 9.7084507618342892e-07,-9.4455657828875201e-07, 2.6795583370456656e-12, 2.6958487233258964e-12
   25,    0,-2.1576130052755901e-07, 0.0000000000000000e+00, 8.2454464017250327e-14, 0.0000000000000000e+00
   25,    1,-4.8563687292126298e-08, 5.2918312824380705e-07, 6.4987964173834787e-14, 9.7139086961092431e-14
   25,    2,-6.6136824502632201e-07, 5.3922730229754000e-08, 7.5681891059288482e-14, 8.3508096997657144e-14
   25,    3, 6.7436273441943301e-07,-1.4573583687116401e-07, 7.3369282788801012e-14, 1.1194903732468130e-13
   25,    4,-5.7905270199095998e-07,-7.0999536810675406e-08, 9.8220462247864175e-14, 1.0563898082853844e-13
   25,    5, 2.0060909660886999e-07, 8.1016753617233104e-07, 1.0214986077670535e-13, 1.2111553157588459e-13
   25,    6,-2.5387755686275798e-07, 3.3451174846860598e-07, 1.7370354619971932e-13, 1.4375182615828824e-13
   25,    7, 6.9086317086685303e-07, 9.6654481039783200e-07, 1.5489299907927987e-13, 1.5744430819110640e-13
   25,    8,-9.9873264359969509e-07, 9.9576981613371309e-07, 2.1339860627723328e-13, 2.0422162838478067e-13
   25,    9,-3.5555161075366900e-07, 9.8355837437103599e-08, 2.0137361216231447e-13, 1.8334623741160994e-13
   25,   10,-2.2367770561909202e-08, 7.1261130970326796e-07, 2.7138842570204927e-13, 2.7346970978458181e-13
   25,   11,-2.5917990595968300e-08,-3.9926504403846898e-07, 2.6063634502374869e-13, 2.5258815717061278e-13
   25,   12, 1.2793046079548200e-07, 4.4252536489517600e-09, 3.3330546499836957e-13, 3.3633927081290418e-13
   25,   13, 3.1799307573527398e-07, 2.7378150637986401e-07, 3.9396509858230546e-13, 3.8980480592278404e-13
   25,   14,-6.3983473853894400e-07, 6.8484940873311598e-07, 3.9496828444695820e-13, 3.9219370649632916e-13
   25,   15, 1.4742876579982699e-07, 3.7083688681958200e-08, 5.4304649608746639e-13, 5.3930243936006498e-13
   25,   16, 2.2049859361156401e-07,-5.9423270437984601e-07, 5.0113717102513877e-13, 4.9809794274622207e-13
   25,   17, 3.1173749509825598e-08,-4.8679237314076905e-07, 6.6644265873350180e-13, 6.5908184306911616e-13
   25,   18,-8.4567488911533198e-08, 1.3246455974847699e-07, 6.9999160601256104e-13, 6.9875127985931507e-13
   25,   19,-8.1874897279875797e-07,-1.3337913222670601e-07, 7.4119724509699379e-13, 7.4295018211822651e-13
   25,   20,-4.5652427057841099e-08,-4.0076435583080598e-07, 9.8173252697755735e-13, 9.8259706977194489e-13
   25,   21, 6.8253038474541898e-07,-2.9077486843779499e-07, 8.3397914706383352e-13, 8.3782646278849212e-13
   25,   22,-3.3871191000444199e-07,-7.8807454653421798e-07, 1.2858555793210154e-12, 1.2909791447981202e-12
   25,   23, 9.2598748328432400e-07,-3.5882189425236899e-07, 1.1401215551860170e-12, 1.1141427225063850e-12
   25,   24, 9.2250218764177405e-07,-3.0682558494095801e-08, 1.5697722233912229e-12, 1.5688683869772039e-12
   25,   25,-1.3161106293378099e-07, 5.6014479280658596e-07, 2.4477632198874930e-12, 2.4232300168498496e-12
   26,    0, 2.8385043299743400e-08, 0.0000000000000000e+00, 7.1967467589742445e-14, 0.0000000000000000e+00
   26,    1, 1.6393549585473699e-07, 2.2223682008694101e-07, 6.9772126234720423e-14, 8.8702505281210574e-14
   26,    2, 6.5852169637597999e-07,-1.9626621506278500e-07, 9.2303471845015592e-14, 7.3141054347264122e-14
   26,    3, 1.9327521028064000e-07, 6.6447069931684396e-07, 7.1365160544319493e-14, 1.0643714018572306e-13
   26,    4, 3.4658979098630101e-07, 2.4474225395054400e-07, 8.0037102208137514e-14, 8.7913721437400344e-14
   26,    5, 6.0304368386926695e-08,-7.7655391876356899e-07, 9.5384178219845511e-14, 9.9250455810594332e-14
   26,    6,-5.1991153398804403e-07,-1.3504785789366501e-07, 1.4929017491238296e-13, 1.2263592272930984e-13
   26,    7, 1.1536795236981900e-08,-4.3932483679785200e-07, 1.2081075542206390e-13, 1.2406444397445707e-13
   26,    8,-1.1407183200844801e-09, 1.5215187467583299e-07, 2.2044004030105475e-13, 2.1632957255097867e-13
   26,    9, 5.8453476858333201e-08, 7.0090138533654999e-07, 1.4993094248429498e-13, 1.4954716078958127e-13
   26,   10,-3.0974921145006903e-07,-1.0917370249232500e-08, 3.2052349928587356e-13, 3.1943535843911299e-13
   26,   11, 1.6355118315059000e-07, 3.2329381141768998e-07, 2.1535154082724242e-13, 2.1842329495987521e-13
   26,   12,-4.2464413897002202e-07,-7.9008857209806504e-07, 3.8893559010456767e-13, 3.8909578495007972e-13
   26,   13, 1.3209755725613401e-07, 4.2665295704960601e-07, 3.2953752849996739e-13, 3.2648121683908615e-13
   26,   14,-1.2049914068406500e-07, 8.8995337261030397e-08, 4.2453682292236596e-13, 4.2784350531216432e-13
   26,   15, 4.4128038630995800e-08,-2.5429788252547498e-07, 4.6371473582637033e-13, 4.6900928194839441e-13
   26,   16,-1.0288684383812800e-07, 4.0055935315539800e-07, 4.5252879323507502e-13, 4.5567301356770795e-13
   26,   17,-3.5849998082579102e-07, 8.4028232194362295e-08, 6.1766116867378466e-13, 6.2018378804983303e-13
   26,   18, 1.0512662696553100e-08, 2.9970774663049999e-07, 5.3001327603953162e-13, 5.3105209272057023e-13
   26,   19,-1.9412753064019599e-07, 2.1140897003217699e-07, 7.7288274704271330e-13, 7.7077456757528041e-13
   26,   20,-2.6011314278503800e-07, 6.8265717580916795e-07, 6.8685907943827841e-13, 6.8527118068587276e-13
   26,   21,-5.3016797756720398e-07,-5.3774273909197802e-07, 9.6822099518487145e-13, 9.7013656851354043e-13
   26,   22,-9.3205343571500699e-07, 8.5948359583221303e-07, 9.0798427570184284e-13, 9.0885277445204232e-13
   26,   23, 1.0345599360013700e-07,-6.2732892476686401e-08, 1.2528597285957608e-12, 1.2626339902833771e-12
   26,   24,-7.2513885631375696e-07,-1.1702463691751100e-08, 1.2686542482388647e-12, 1.2819041160512164e-12
   26,   25, 7.4451771390870196e-08,-3.4008358106076600e-08, 1.6228275253909917e-12, 1.6108970566210832e-12
   26,   26, 1.0970918658352300e-07, 4.7802080527772198e-07, 2.6681718494500511e-12, 2.6936626799969859e-12
   27,    0,-6.3549167095816203e-07, 0.0000000000000000e+00, 7.7182082408678716e-14, 0.0000000000000000e+00
   27,    1, 6.1632046346076500e-07, 2.2928581126539299e-08, 7.5338063405005656e-14, 1.0527034727894627e-13
   27,    2,-2.0498703354113999e-07,-4.2921731179501402e-07, 6.9979001336581647e-14, 1.1051474418237382e-13
   27,    3, 5.6011012149882799e-07, 8.7394995417482096e-08, 7.5565558682524252e-14, 8.9719745561320184e-14
   27,    4,-4.0070871403120399e-07, 3.2136313758376702e-07, 8.5913765502711426e-14, 8.0929383513975134e-14
   27,    5,-6.9045400337574795e-07, 1.3911850693230300e-08, 1.0696387304232933e-13, 9.3343387912089623e-14
   27,    6, 6.4724401195854404e-09, 4.6319033787931402e-07, 1.2287445714336878e-13, 1.2115520221222971e-13
   27,    7, 2.5733480829296399e-07,-3.5855600279856102e-07, 1.1916875371059078e-13, 1.1878530112987250e-13
   27,    8, 4.1261503915406101e-08,-7.5886130858643205e-08, 1.7580577175274877e-13, 1.7638077429663578e-13
   27,    9,-6.1757425427079401e-07, 1.0023238525575600e-07, 1.6025164770857946e-13, 1.5277049240335645e-13
   27,   10, 6.5561149715181097e-08,-6.3613436418658301e-07, 2.3830983201836696e-13, 2.3624455220925125e-13
   27,   11, 3.4534931945622197e-07,-4.3849429760213600e-07, 2.3074969247303698e-13, 2.1527457305597071e-13
   27,   12,-4.4009672200408402e-07,-5.2051450476133897e-07, 2.9026881054244987e-13, 2.9174778202351952e-13
   27,   13, 2.3568259942206700e-07,-1.4924546211348099e-07, 3.3332113325655294e-13, 3.2100318163607985e-13
   27,   14, 4.5929871504918200e-07,-7.2820052189519996e-07, 3.4002077504268158e-13, 3.3832895686334633e-13
   27,   15, 6.1835183457791106e-08, 4.1027274737706100e-07, 4.5746197239847212e-13, 4.5475091218825891e-13
   27,   16, 1.5140971780520499e-07, 3.9106635637497199e-07, 4.1039541750327416e-13, 4.0430090235194698e-13
   27,   17, 1.8811350792843300e-07, 6.8093296283577900e-07, 5.7364029578721189e-13, 5.6906396219578228e-13
   27,   18, 2.0551647396513400e-07,-6.7879042606989405e-07, 5.3753369318052386e-13, 5.3634902476126658e-13
   27,   19, 6.8386478781507102e-08,-1.9231076997677001e-07, 6.5406417218191877e-13, 6.5495646049597649e-13
   27,   20, 3.9416940275124701e-07,-5.2187446185619597e-07, 7.3659104161670372e-13, 7.3956708630376807e-13
   27,   21, 4.4194990324736001e-07,-4.5876215970874699e-07, 7.1918223874095424e-13, 7.1977924034354256e-13
   27,   22, 7.9059311397786799e-07, 8.7562038111901295e-07, 9.8405295277727195e-13, 9.8276160478770812e-13
   27,   23,-6.4892983574538705e-08,-6.4183662356729895e-07, 8.3264492652094330e-13, 8.1919387569711210e-13
   27,   24, 7.6458702609573696e-07,-1.6422842450114499e-07, 1.2381130923953597e-12, 1.2360062434005034e-12
   27,   25,-3.7371904033172499e-07, 5.7778945116412000e-07, 1.1237348713650589e-12, 1.1106956722827975e-12
   27,   26,-4.4889520045593000e-07,-7.2059732035241203e-07, 1.4940035045056983e-12, 1.4872489344180613e-12
   27,   27,-4.2293930374124299e-07,-2.7709775596254402e-07, 2.3481068860354198e-12, 2.3590309247713755e-12
   28,    0, 8.3885946402958596e-07, 0.0000000000000000e+00, 1.0767586401566366e-13, 0.0000000000000000e+00
   28,    1, 3.2876374284561403e-08, 7.9391545575291804e-07, 9.4282081616359859e-14, 1.1762369043763341e-13
   28,    2,-3.3797311608484598e-08, 7.1047956572632101e-07, 8.7792257741273131e-14, 7.7058302778637992e-14
   28,    3,-3.0936640446110700e-07,-8.3968635865826598e-08, 9.6253114732606427e-14, 1.0830134191165957e-13
   28,    4,-9.1686681357583604e-07, 6.4370242276031604e-08, 7.8318583018399995e-14, 7.3892443017582192e-14
   28,    5, 1.4804475050701999e-07, 4.8948649673137097e-08, 1.0009054392324977e-13, 9.3629341962309040e-14
   28,    6, 4.6808916973173700e-07, 3.4451832359427700e-08, 1.1344619903310445e-13, 1.1087832339953425e-13
   28,    7,-3.7644039885380901e-07, 2.6303607486481699e-07, 1.1463642430269922e-13, 1.1137544014627372e-13
   28,    8,-1.4111893417734200e-07, 3.0332892653588598e-08, 1.8818255510589024e-13, 1.8959537148592691e-13
   28,    9,-4.2971559106973702e-07,-9.1579199236590897e-08, 1.4755519739439650e-13, 1.3668961027668669e-13
   28,   10,-3.4817103834205899e-07,-9.0219098984943603e-07, 2.7284214638237765e-13, 2.7508714891599764e-13
   28,   11, 1.8693538217736299e-07,-4.1832368991133301e-08, 1.9510555720424987e-13, 1.8255742842211093e-13
   28,   12, 1.1442322161161200e-07,-5.1581475554816897e-08, 3.4388876472067162e-13, 3.4805238378497988e-13
   28,   13, 3.9175983569903601e-07,-3.4611566698305800e-07, 2.7045257455320170e-13, 2.6471635236391323e-13
   28,   14, 3.6182744690128801e-07,-2.9470574716657300e-07, 3.7940452293043345e-13, 3.8206554554867931e-13
   28,   15,-4.4140278959357398e-07, 3.4296019290367103e-07, 3.8774204635641020e-13, 3.8473932007105893e-13
   28,   16,-2.3873945142669502e-07,-8.4495658167273400e-07, 4.0903552235089349e-13, 4.1211062212057637e-13
   28,   17,-7.9747812745266505e-08,-1.8880559235944201e-07, 5.0919605502602325e-13, 5.1219804847868032e-13
   28,   18,-8.5970066918788294e-08, 6.4614032664821399e-07, 4.5582619896862110e-13, 4.5578980949047824e-13
   28,   19,-1.6294545338297399e-07,-3.7482076480543002e-08, 6.3877461210955020e-13, 6.3859709783027846e-13
   28,   20, 2.7995713271457102e-07,-5.6838671474392205e-07, 5.6411551291009030e-13, 5.6398090700624120e-13
   28,   21,-2.5759904536377302e-07, 7.2026190184450001e-08, 7.7694720181593179e-13, 7.7749507240560279e-13
   28,   22,-6.2045780830401302e-07,-9.2520924798960705e-08, 7.2808187535890898e-13, 7.2869236641046105e-13
   28,   23,-4.7576986707078398e-09, 2.4501196387606100e-07, 9.6900778603996893e-13, 9.7693550325090170e-13
   28,   24, 4.0652025593698000e-07, 7.5245992187096401e-09, 9.3167292715748462e-13, 9.4250088077479138e-13
   28,   25, 4.8133806659428400e-07,-5.1693033069776498e-07, 1.2598931852588656e-12, 1.2523908582914060e-12
   28,   26, 1.3341196950049800e-07, 9.0869488351801597e-07, 1.2829523352864261e-12, 1.2974914405593485e-12
   28,   27,-1.5961995785902900e-07, 6.7208011119248395e-07, 1.5883354390703166e-12, 1.5871987941107380e-12
   28,   28, 1.3382788171082300e-07,-4.4277687399022497e-09, 2.6696839689208577e-12, 2.6801443157864956e-12
   29,    0,-6.0238913834966497e-07, 0.0000000000000000e+00, 8.5869414711718572e-14, 0.0000000000000000e+00
   29,    1,-1.5959486975633001e-07,-4.3835296326432601e-07, 9.0577251829291718e-14, 1.1384682483701626e-13
   29,    2,-2.0327111099551999e-07,-7.0046587741147103e-07, 6.9926660941277434e-14, 7.8550647990675627e-14
   29,    3,-1.9668731143297400e-07, 2.6593091718177898e-07, 8.7331449110176343e-14, 9.6187438271021266e-14
   29,    4,-3.0263474900693701e-07, 1.4735702948711699e-07, 8.2554038866907122e-14, 8.1036894804292695e-14
   29,    5, 2.1962081625856401e-07, 1.6902412446646201e-08, 9.0357612257028308e-14, 8.9285570881040065e-14
   29,    6,-1.2771610197134099e-07,-1.8810874205359900e-07, 1.1549490031659709e-13, 1.0633824874941716e-13
   29,    7,-1.0761792902154500e-07,-3.8528927912834498e-07, 1.1514995766089140e-13, 1.0792037350428987e-13
   29,    8, 4.4411565755889601e-07,-2.2664282373787800e-07, 1.6767596709681825e-13, 1.5260874927640097e-13
   29,    9, 6.0163844245090001e-08,-6.3603502561078797e-07, 1.3726668815158458e-13, 1.5720268419347229e-13
   29,   10, 6.2100035371732105e-07, 3.4468702485602500e-07, 2.0653177272989227e-13, 2.0516606189830249e-13
   29,   11,-7.8445598190521504e-08, 4.3545846923692900e-07, 1.8892520043179148e-13, 1.8613789649973735e-13
   29,   12,-6.4374941781370303e-07,-4.9186149573008595e-07, 2.6169929554654984e-13, 2.5855768180265736e-13
   29,   13, 3.6229500272702398e-07, 3.8428592690064198e-07, 2.7336938541244264e-13, 2.7456108981489566e-13
   29,   14, 1.8837959160040301e-08, 8.0771032821093100e-07, 3.0057585509898681e-13, 2.9754868372567895e-13
   29,   15,-1.9943154758465200e-07, 6.8859862196813106e-08, 3.8934007503126734e-13, 3.8366863672884208e-13
   29,   16, 2.6762934308088002e-07,-8.7007687317434395e-08, 3.4635352110531424e-13, 3.4676568814096706e-13
   29,   17,-4.0445319343938298e-07,-3.0725750687183499e-07, 4.9712678079976887e-13, 4.9232653192585452e-13
   29,   18,-1.3149115615244600e-07,-5.1530748812623497e-09, 4.3326322179568548e-13, 4.3158609011703027e-13
   29,   19, 1.0902638986077199e-08,-7.6099518003832306e-08, 5.7471941056007907e-13, 5.7925476498101597e-13
   29,   20,-6.7463837811944396e-09, 3.8500040067648698e-07, 5.7368359995066754e-13, 5.7770399446657634e-13
   29,   21, 6.2962790435285797e-08, 2.9334710690561099e-07, 6.3749150265170476e-13, 6.3772745804259671e-13
   29,   22,-2.4408022273419800e-07,-4.7488723917719498e-07, 7.6349781628031362e-13, 7.6086402838150612e-13
   29,   23, 1.5765147366061699e-07, 3.2990504445500502e-07, 7.0883244566691263e-13, 7.0241679507889465e-13
   29,   24, 1.5573142863144601e-08, 3.7198626433394103e-08, 9.6982633343715644e-13, 9.7023841060278675e-13
   29,   25,-1.3930533581645499e-07, 2.2492795904297699e-07, 8.2941735095772035e-13, 8.2030736276831435e-13
   29,   26, 2.6431714031559900e-07,-3.9469141645627801e-07, 1.1911400875767686e-12, 1.1847508213266396e-12
   29,   27, 2.0611408693395900e-07, 1.9118907968182500e-07, 1.1040090984337751e-12, 1.1140934555950437e-12
   29,   28,-1.1515909267321800e-07, 2.4933268140475100e-07, 1.4327778157428885e-12, 1.4322100524102266e-12
   29,   29, 1.8428173193268300e-07,-1.4603317758777001e-07, 2.2891959115279554e-12, 2.2892873782218708e-12
   30,    0, 1.0132802092448500e-07, 0.0000000000000000e+00, 7.3240301826036046e-14, 0.0000000000000000e+00
   30,    1,-2.9447645628603899e-07,-4.2895148875335402e-09, 6.8338920101783006e-14, 6.6097288767405617e-14
   30,    2,-2.1644107646914901e-07,-2.3228592120124600e-07, 7.8715716802527667e-14, 8.6050768872280987e-14
   30,    3,-3.6167061049331302e-07, 3.5142956339824998e-07, 7.7819496562864505e-14, 7.6374945134691506e-14
   30,    4,-6.2267375762173806e-08,-2.2227383044029200e-07, 7.5914885345916201e-14, 7.8833257053910632e-14
   30,    5, 1.8579246329080299e-07,-3.1264516338523700e-07, 8.4056412530842577e-14, 8.3635690953302574e-14
   30,    6, 2.4009414423791299e-08, 3.4778597571552402e-07, 1.0929224779145922e-13, 9.9951017444922870e-14
   30,    7,-3.4482259371106502e-07,-3.0798815993334601e-07, 1.0188644218651495e-13, 1.0347434963439089e-13
   30,    8,-3.8536844957074001e-07,-3.3590555249380100e-07, 1.6598520843864828e-13, 1.6516974978127644e-13
   30,    9,-2.6761379488018301e-07, 5.0514997896314199e-08, 1.2858917602381856e-13, 1.3332222614427084e-13
   30,   10,-1.1477990219944399e-07,-1.0087060665748900e-07, 2.3815916245258432e-13, 2.3992525952547953e-13
   30,   11, 7.0851631951921998e-09,-2.3482232802082000e-07, 1.5888191698159859e-13, 1.5960358072775158e-13
   30,   12,-2.7380250535170403e-07, 2.3864284840772998e-07, 3.0309220546946067e-13, 3.0497864623941763e-13
   30,   13, 1.1143173082236900e-07, 3.9144993897315701e-07, 2.3212768276161639e-13, 2.2555602179924845e-13
   30,   14, 4.9972159349810401e-07,-2.0571449059799800e-07, 3.4778639093330755e-13, 3.4668921938177445e-13
   30,   15,-3.4080792841889601e-07, 1.6595242831383899e-07, 3.2181903482789303e-13, 3.2663464891762660e-13
   30,   16, 2.3558493023833301e-07,-2.6935610885392302e-07, 3.6926522786231338e-13, 3.6958884747865013e-13
   30,   17, 3.2769285175563699e-07, 3.5032838069259601e-07, 4.3062995420166703e-13, 4.3019937928429774e-13
   30,   18, 2.9618777460628298e-07, 3.2052739694077897e-08, 4.0708714293274101e-13, 4.0705350256959807e-13
   30,   19,-1.6171101551123601e-07, 5.7292436078918101e-08, 5.4002820011635342e-13, 5.3960358276156603e-13
   30,   20,-1.5446377369628000e-07,-2.5561978539828299e-08, 4.7810222010704263e-13, 4.8012149286459336e-13
   30,   21,-2.5364476273365198e-07,-1.9517604557633800e-08, 6.4938700547766495e-13, 6.5092939042565774e-13
   30,   22,-1.3969180192410900e-08, 3.9291021136746699e-07, 6.0446434696079991e-13, 6.0641699554677587e-13
   30,   23,-4.3823804030746599e-07, 1.4390907005141700e-07, 7.8194691750411994e-13, 7.8645595347561154e-13
   30,   24, 1.3461918789363200e-07, 4.5292879609764002e-08, 7.6057960695644531e-13, 7.6838841981990200e-13
   30,   25, 1.5780316562573099e-07, 2.4611093917700902e-07, 9.8129464475323499e-13, 9.7886526856758380e-13
   30,   26, 5.5107964914773998e-08,-3.7054755333751898e-07, 9.5384011026827233e-13, 9.6479553322630426e-13
   30,   27,-1.2213122670230101e-07, 3.3907457801039602e-07, 1.2532454469047604e-12, 1.2487325810364022e-12
   30,   28,-1.3790025927212000e-07,-6.1699024544759398e-07, 1.3008607894071619e-12, 1.3113887568468021e-12
   30,   29, 1.6926695223976600e-07,-1.4046079303513201e-07, 1.5553794639087228e-12, 1.5570381322949461e-12
   30,   30,-3.2420162085607699e-07, 9.5829401748276791e-07, 2.6765136411839417e-12, 2.6638040543816047e-12
   31,    0, 5.4294100165535701e-07, 0.0000000000000000e+00, 8.7431980163934708e-14, 0.0000000000000000e+00
   31,    1, 8.3105212041106992e-09,-4.1949074809703903e-07, 7.1360640289155611e-14, 9.3861554968554674e-14
   31,    2, 2.4669425507946700e-08, 1.2609828946324900e-07, 1.0871883506874888e-13, 6.6834597845960819e-14
   31,    3,-6.0443493091567103e-08,-5.4131647394203801e-07, 7.8756519306655312e-14, 8.5450084768477006e-14
   31,    4, 4.3178197739412400e-07, 2.0353390655182500e-07, 9.9201308285297164e-14, 8.4135582086052200e-14
   31,    5,-3.9945690708224400e-07,-1.7819002806842301e-07, 8.8903569210695698e-14, 1.0872922100790310e-13
   31,    6, 2.0720581052938300e-07, 1.0424380194056300e-07, 1.0876894596340202e-13, 1.0024121861245301e-13
   31,    7, 3.6032166846056099e-07,-2.1882354704219500e-07, 1.0326518694169407e-13, 1.2182411675943379e-13
   31,    8, 4.9141820381610304e-07,-2.6523306907390300e-07, 1.3813853052575146e-13, 1.3571663511862598e-13
   31,    9,-4.1185443414627599e-07,-1.2815741786912701e-07, 1.3175792538123323e-13, 1.5963556918027133e-13
   31,   10, 7.9130823036981495e-07,-2.3815429006626701e-07, 1.8688855999509996e-13, 1.8238951208313744e-13
   31,   11, 1.3244504804294900e-07, 5.0008444453910205e-07, 1.6741078327825056e-13, 1.6962423503916576e-13
   31,   12,-1.4601329365441700e-07, 2.9773525130229700e-07, 2.3628536685043768e-13, 2.3304577830023763e-13
   31,   13, 3.4536271728850898e-07, 3.6085261152370401e-07, 2.3656161923309320e-13, 2.3372141573184811e-13
   31,   14, 5.0225747975530398e-08, 1.9051412215750801e-08, 2.7101748465038970e-13, 2.6930065595668930e-13
   31,   15,-4.0420739990005100e-07,-1.3635321260053300e-08, 3.3104314865040447e-13, 3.2901418120771112e-13
   31,   16,-7.2606918415405801e-09,-3.0000220709822400e-07, 3.0672363642664103e-13, 3.0789175737539439e-13
   31,   17,-1.4975368745434200e-07,-1.6141966423725901e-08, 4.3287822984287461e-13, 4.2601009410015238e-13
   31,   18, 2.8246009912905600e-07,-3.6539873243336798e-07, 3.6367565320978842e-13, 3.6177654697004194e-13
   31,   19,-6.0224686723581797e-09,-5.1441796330569099e-08, 5.0807461162144413e-13, 5.1264135812655525e-13
   31,   20,-3.6323759611574498e-08,-1.5726945404583701e-07, 4.6306434333601168e-13, 4.6755224961017998e-13
   31,   21,-2.8022614718463599e-07,-9.6109034808477802e-08, 5.7177623079962253e-13, 5.7096557137311706e-13
   31,   22, 2.9875544520407200e-07,-1.6215339393660301e-08, 6.0993919781365387e-13, 6.0907956230377333e-13
   31,   23, 1.0865796519213299e-06, 6.2081919900850202e-07, 6.2766340618081301e-13, 6.2345891578456259e-13
   31,   24, 1.5158534138445101e-07,-1.0325160451490300e-07, 7.7367116771566269e-13, 7.7450160776028993e-13
   31,   25,-6.1106067749804504e-07,-1.3923246199135899e-07, 7.0615478431415649e-13, 6.9819859586406684e-13
   31,   26,-3.2594571590034700e-07,-4.2342532849296499e-07, 9.5125634231888488e-13, 9.4813846942422708e-13
   31,   27, 5.4713491887567103e-08, 2.4543762957642200e-07, 8.2726413895854229e-13, 8.3395986054771444e-13
   31,   28, 5.2039518722311998e-08,-2.8870312820655899e-07, 1.1463251541070445e-12, 1.1447509394763034e-12
   31,   29, 4.4037483632227601e-07, 2.5406077463745401e-07, 1.1028783964641609e-12, 1.1034000378558999e-12
   31,   30, 1.1539936149829700e-08, 1.5608269108540800e-07, 1.3931490266847264e-12, 1.3915096938312697e-12
   31,   31, 1.9651148764003599e-07,-1.9282557410762501e-07, 2.2373554965808650e-12, 2.2422136417476085e-12
   32,    0,-3.2227581223917902e-07, 0.0000000000000000e+00, 7.5944378481296985e-14, 0.0000000000000000e+00
   32,    1,-2.8412933325435601e-07, 2.1264350366813401e-07, 6.5976941854908621e-14, 1.2484392477206943e-13
   32,    2,-6.3146370377706702e-07, 7.1271709323709398e-08, 7.8603098129279394e-14, 6.9359106551767262e-14
   32,    3, 9.9557196065714397e-08,-2.5142666240652900e-07, 7.5602387367913487e-14, 9.7154727752263410e-14
   32,    4, 1.7166177121579599e-08,-1.0924503063336600e-07, 1.0388196300462687e-13, 7.4072650560585192e-14
   32,    5,-1.7485574719311599e-07,-5.1582873670265401e-07, 9.2765336350839361e-14, 9.6062947435630148e-14
   32,    6, 2.0808542717191401e-07,-2.7574946579174100e-07, 1.2727920525824297e-13, 1.0193966958655159e-13
   32,    7,-1.7957957910448001e-07,-5.3473761830845999e-07, 9.8077802672061770e-14, 1.0310730941253289e-13
   32,    8, 3.6450781151933001e-08, 6.7189284621213307e-08, 1.4767192694867414e-13, 1.4880315007022675e-13
   32,    9,-1.1499406442188900e-07, 4.2240843829412698e-07, 1.1707505686256985e-13, 1.1456836560600963e-13
   32,   10, 1.4527002985463999e-07, 1.9881835759057601e-07, 2.1392928661104206e-13, 2.1436213934636611e-13
   32,   11,-1.2243895803382701e-07,-1.3345299157504301e-07, 1.4505229465644006e-13, 1.5319403958405677e-13
   32,   12, 3.2430690293826100e-07, 4.2324099007542098e-08, 2.7238581610431332e-13, 2.7388813430351405e-13
   32,   13,-9.9466916892492702e-08,-1.9109055755683701e-07, 2.0052097488914421e-13, 1.9784190977126186e-13
   32,   14, 1.8499268479497201e-07,-2.9948703829718002e-07, 3.1241246772621772e-13, 3.1565488671741824e-13
   32,   15,-3.7108526202298899e-07, 2.8138488066603399e-07, 2.7544437480182813e-13, 2.7760177644359331e-13
   32,   16,-9.7670014301010295e-08, 3.6036977562185299e-08, 3.3844774928168356e-13, 3.4329091617714368e-13
   32,   17,-4.1095891901563201e-07,-1.5055308165525499e-07, 3.6989445899651671e-13, 3.6855088403793232e-13
   32,   18, 3.9588857390424297e-07, 8.5674558007120995e-08, 3.6469811117530092e-13, 3.6668645457492569e-13
   32,   19, 1.5591171847441199e-08, 2.6230800885146197e-07, 4.6348991388284083e-13, 4.6622176309590771e-13
   32,   20, 3.6433575921159398e-07,-4.2951654778737501e-07, 4.2068687929036037e-13, 4.2097991727483788e-13
   32,   21, 3.4902594933235499e-07, 1.6106317049917999e-07, 5.5884936786837261e-13, 5.5868271875933067e-13
   32,   22,-4.5239371367912800e-07, 7.1765497998515099e-08, 5.1390540487293800e-13, 5.1611300518214631e-13
   32,   23, 1.7472207442318999e-07,-1.5208054117077899e-07, 6.5706870271166355e-13, 6.6267846356788884e-13
   32,   24,-1.1547015410970800e-07, 1.1083805261793300e-07, 6.4068064669660043e-13, 6.4519079069728021e-13
   32,   25,-1.1277768281493300e-07, 2.4675452132479102e-07, 7.9474321276586611e-13, 7.9434259794707354e-13
   32,   26, 5.6509198714763895e-07, 6.0162232078034605e-08, 7.8782501717531058e-13, 7.9555036504401405e-13
   32,   27, 1.1807835390158300e-07, 4.0424110630177202e-07, 9.8877827942460280e-13, 9.8395045661982882e-13
   32,   28, 4.2697822408352099e-07,-1.7328737070971300e-07, 9.7505815519826816e-13, 9.8170214541323239e-13
   32,   29, 1.7611603194563300e-07, 4.9469656488411195e-07, 1.2383455841944279e-12, 1.2424110834094194e-12
   32,   30,-3.1548129640079397e-07,-4.1228415876675300e-07, 1.3271279748604780e-12, 1.3199107069774165e-12
   32,   31, 3.4305007980305602e-07,-2.6563817299400500e-07, 1.5209333917457438e-12, 1.5262850751054126e-12
   32,   32, 1.6253465473738600e-07,-5.4239505345362503e-08, 2.6636756290954497e-12, 2.6617209600138669e-12
   33,    0, 1.0806594047442600e-07, 0.0000000000000000e+00, 6.9851791691323643e-14, 0.0000000000000000e+00
   33,    1, 1.8399533926796299e-07,-5.4601751390218799e-08, 7.9483347967187674e-14, 1.0487119651602384e-13
   33,    2, 6.7162516485324399e-07,-3.3275132521727999e-07, 8.4197956130929086e-14, 7.3842721823140749e-14
   33,    3, 1.0181722626879700e-07, 5.8237705861787996e-07, 7.7097589084133309e-14, 1.0279556326990575e-13
   33,    4, 1.4522531247872200e-07, 1.5336920169592800e-07, 9.6334319750202546e-14, 8.5566666752792887e-14
   33,    5, 2.6779753116339498e-07, 1.1349512818231500e-07, 8.4770946395554871e-14, 8.7540440459275698e-14
   33,    6,-2.1957300212381500e-07,-1.2527337356754801e-07, 9.5124504634547418e-14, 1.1854403320898636e-13
   33,    7, 6.0332892482571398e-07, 9.7188334621239100e-08, 1.0465976003934463e-13, 9.6638466400962730e-14
   33,    8, 2.4331612257179001e-07, 3.5156262774587303e-07, 1.2769879703140412e-13, 1.4346228913951689e-13
   33,    9, 3.6094725756516898e-07, 2.6887152977040398e-07, 1.2328390627116925e-13, 1.1731669073643629e-13
   33,   10,-2.5872816125649798e-07, 1.3491837232947900e-07, 1.6620768127034959e-13, 1.6946664645402918e-13
   33,   11, 1.0423919607821600e-07, 1.8510192187863801e-07, 1.5388880384159183e-13, 1.5123487951275223e-13
   33,   12, 2.8366293063816699e-07,-1.0208553619270500e-08, 2.0628130230014020e-13, 2.0860834451923115e-13
   33,   13,-3.8374460213788700e-07,-2.8814658654457702e-07, 2.0939278714381158e-13, 2.0660690567640290e-13
   33,   14,-2.7065240059205398e-07, 1.4842212724716600e-07, 2.4680606131413005e-13, 2.5290080492995214e-13
   33,   15,-1.8161536747287701e-07, 6.7819043330712700e-07, 2.8799945261825602e-13, 2.8619103211163927e-13
   33,   16, 3.8410499856018702e-07, 3.0593623899883698e-07, 2.7867194105512692e-13, 2.7822694564804454e-13
   33,   17, 2.7601259112521701e-07,-3.9155988640968501e-07, 3.7669480265977889e-13, 3.7492730544373878e-13
   33,   18,-3.6397119143342697e-08,-3.2840263072209200e-07, 3.2011734235401385e-13, 3.2019613576547600e-13
   33,   19, 2.8140571744412998e-07, 2.5694261634724601e-07, 4.5096239088463045e-13, 4.5344672538187025e-13
   33,   20, 5.2045754678481202e-08,-1.3556681772617999e-07, 3.8824947623252227e-13, 3.9147570417867862e-13
   33,   21,-6.1636613950618999e-07,-2.2262046228576798e-09, 5.1374310780834564e-13, 5.1066760975885019e-13
   33,   22,-3.4614928686764400e-08,-2.6311651147402498e-07, 5.0081365841223281e-13, 4.9915403046680643e-13
   33,   23, 1.1062250730758200e-07, 1.0699863442721700e-07, 5.6455126426218599e-13, 5.6305232803408752e-13
   33,   24,-2.6221928011998000e-07, 2.2527272179917699e-07, 6.3364195107382213e-13, 6.3247191455074252e-13
   33,   25, 3.2542265122133801e-07, 3.5208875754404499e-07, 6.2242379656573871e-13, 6.1697961580441766e-13
   33,   26, 3.1332406626855702e-07, 3.5146419722076302e-07, 7.7636977690697102e-13, 7.7489904450683534e-13
   33,   27, 6.2660240481774900e-08,-9.3521501057170302e-08, 7.0497166520198933e-13, 7.0745134366986612e-13
   33,   28,-5.3676183544798496e-07,-3.9554052156430298e-07, 9.2831669623691219e-13, 9.2574794858716703e-13
   33,   29,-1.4627627714952800e-07,-1.4356819979382701e-07, 8.3893118166186518e-13, 8.3980246254875865e-13
   33,   30,-1.5089889855829700e-07, 3.3958428138809699e-07, 1.1133280996976008e-12, 1.1099710088462773e-12
   33,   31,-2.6059394089443998e-07, 2.8788406165997098e-07, 1.0996827703676626e-12, 1.0984609533702154e-12
   33,   32,-5.0489009085904702e-07, 3.8223872328549101e-07, 1.3640092563147315e-12, 1.3676292419820423e-12
   33,   33, 1.7803194577615301e-08, 6.8562632119486800e-07, 2.1988142637606197e-12, 2.2033468270029897e-12
   34,    0, 1.6619282374615699e-08, 0.0000000000000000e+00, 7.9406708113005005e-14, 0.0000000000000000e+00
   34,    1, 2.8210569320975201e-07,-2.3966385802300699e-07, 6.3774453616529169e-14, 7.3706819294369260e-14
   34,    2, 2.2046915594082101e-07,-2.4648799076151902e-08, 8.6597983393481467e-14, 7.0424333728926233e-14
   34,    3,-3.5434513374696100e-07,-1.0930158133933700e-07, 7.0705867470952827e-14, 8.3031920767844132e-14
   34,    4, 1.9384557963686600e-07,-1.9018305991173899e-07, 8.0347927969385356e-14, 7.5879589773528812e-14
   34,    5, 2.0811043569962901e-07, 1.1960503968824400e-07, 7.9705528873583474e-14, 9.0658422485601110e-14
   34,    6, 2.5915196368668899e-07, 1.6120676113216999e-07, 1.0631029550788738e-13, 9.7541369410755891e-14
   34,    7, 2.0149411110915901e-07, 3.1599217183042602e-07, 1.0076226189673277e-13, 9.1633108835933301e-14
   34,    8,-3.9496784947421201e-07, 2.0019655477213700e-07, 1.3718022856551544e-13, 1.4174642637237113e-13
   34,    9, 2.2950866691244001e-07,-2.0468984861164600e-07, 1.1461873804597414e-13, 1.1497457377125900e-13
   34,   10, 4.5128235861734902e-08,-5.7644029069130598e-07, 1.9813544067422338e-13, 1.9595064329233106e-13
   34,   11, 1.5073853270861700e-07,-3.5913379588611999e-07, 1.3520382461746146e-13, 1.3856610244205346e-13
   34,   12, 7.4421186776614997e-08, 4.1545309848921801e-07, 2.4630643516928948e-13, 2.4837709879803911e-13
   34,   13,-4.2154716450704998e-08, 1.8796298625537001e-07, 1.8030802723466739e-13, 1.7313499925650955e-13
   34,   14,-8.4404926743977906e-08,-1.2109669136929700e-07, 2.8670638479159977e-13, 2.8786891745604632e-13
   34,   15,-8.2292011273539503e-08, 2.6604441143855701e-08, 2.4339318333893160e-13, 2.4331813642220144e-13
   34,   16, 2.9086646068149998e-07,-3.7586723361421902e-07, 3.1248964371576107e-13, 3.1212342334926011e-13
   34,   17, 8.2476250375642896e-08,-1.9155295369190401e-07, 3.2239081149347540e-13, 3.2053048966485281e-13
   34,   18,-2.3039116849457300e-07, 1.4712235325720999e-07, 3.3570906927906375e-13, 3.3647710557356901e-13
   34,   19,-3.6830421050535898e-07, 2.1078987720555801e-07, 4.0453947497131178e-13, 4.0615106963298264e-13
   34,   20,-2.4408136834530599e-07,-1.4751908157100700e-07, 3.7342819968609508e-13, 3.7435628620884797e-13
   34,   21, 5.2491318006004701e-07,-1.3111877429576699e-07, 4.8694314462303304e-13, 4.8737767905218451e-13
   34,   22, 6.2759960725332605e-07, 4.3759840876757098e-08, 4.4729965662640800e-13, 4.4572735326158638e-13
   34,   23,-4.0412811466425398e-07,-1.3729997761794401e-07, 5.6960161634379919e-13, 5.7493217320126496e-13
   34,   24,-8.0468841734147605e-08,-1.6320998132960900e-07, 5.4960219870760578e-13, 5.5241386712291360e-13
   34,   25, 8.3363661693884301e-08, 3.3118142768544301e-07, 6.7054569284057857e-13, 6.6933381199285954e-13
   34,   26,-3.1670323678713899e-07, 3.5021362000140597e-08, 6.7029289092811940e-13, 6.7574631314314051e-13
   34,   27,-1.3234393093344899e-08,-1.5412291285451599e-07, 8.0692732899714498e-13, 8.0381630657749313e-13
   34,   28,-1.8039335999431800e-07, 3.4772536823799999e-07, 8.1118272421573255e-13, 8.1487839997879102e-13
   34,   29, 1.9488520692778001e-07,-6.0951508361770304e-08, 9.8764377638066640e-13, 9.9132782989910434e-13
   34,   30,-1.1887410697787500e-07,-2.4176859887524998e-09, 9.9758377961113997e-13, 9.9325306931919375e-13
   34,   31, 3.0718723741780702e-07, 5.6658497593319898e-08, 1.2233543841138699e-12, 1.2269353953936307e-12
   34,   32,-4.0403585608912298e-08, 6.8239169503936598e-08, 1.3420457219243485e-12, 1.3398970155130749e-12
   34,   33,-2.0335371353198900e-07, 4.1762399257442898e-07, 1.4895218790424177e-12, 1.4930088316255649e-12
   34,   34, 9.4527215354474496e-09,-4.3776179355421299e-07, 2.6516127290396607e-12, 2.6547119452839352e-12
   35,    0, 1.2941500158808799e-07, 0.0000000000000000e+00, 9.5317984473817490e-14, 0.0000000000000000e+00
   35,    1, 3.0865826143005801e-07, 4.7224233286528401e-07, 8.0497023383777104e-14, 7.2889750478134047e-14
   35,    2,-3.3802392837901200e-07, 2.1357581203095899e-07, 1.1223046013631673e-13, 7.5437610548622120e-14
   35,    3, 5.0520240869946097e-08, 4.7621837141711701e-07, 8.4687739981499590e-14, 8.2686761303526812e-14
   35,    4, 2.9531986609866702e-07,-5.8356022398343101e-07, 9.6557492544585649e-14, 7.6344993960814795e-14
   35,    5, 1.0198733968106000e-07, 2.0229523133145701e-07, 1.0446474374590790e-13, 8.9328049287465269e-14
   35,    6,-1.3511156987467801e-07,-4.5582680950524298e-10, 9.1227444562276803e-14, 8.7790645058862278e-14
   35,    7,-6.5020824266785003e-09,-4.5074193732346899e-08, 1.0790665783817667e-13, 9.6735673948738388e-14
   35,    8, 6.9446437957904897e-08, 4.5254773842379998e-07, 1.1993509317071953e-13, 1.2033127036904745e-13
   35,    9, 4.4191819076781200e-07, 4.3117295083855699e-08, 1.1449117896862832e-13, 1.2297090900325640e-13
   35,   10,-4.0569754269894302e-07,-1.7757963263693701e-07, 1.5153105960681163e-13, 1.4888359490052795e-13
   35,   11,-3.8193193147882502e-07, 1.5655271050240300e-07, 1.4154344462828008e-13, 1.4104205429847500e-13
   35,   12, 1.7658079561357000e-07, 5.6312419335783401e-08, 1.8730532576074332e-13, 1.9885919456775935e-13
   35,   13,-3.9453652213257502e-07,-1.5018876025231899e-07, 1.8460966277969715e-13, 1.8626578478917052e-13
   35,   14, 2.8663770565104802e-07,-2.1972809243702099e-07, 2.2796348825554817e-13, 2.2521061483441560e-13
   35,   15, 9.1999425567022895e-08,-2.9311542440753502e-07, 2.5310038263532716e-13, 2.5708355892147201e-13
   35,   16, 2.2577477550524200e-07, 4.1049622441257200e-08, 2.5864133711581652e-13, 2.5742864587426552e-13
   35,   17, 2.8505356601807700e-07,-2.5667797071244602e-07, 3.3253316440124329e-13, 3.2853176078748569e-13
   35,   18,-2.7202545978507098e-07, 2.6742901305393501e-07, 2.8794299243551993e-13, 2.8610699024758159e-13
   35,   19,-4.3995948294923600e-08, 1.3160912608354800e-07, 4.0249570819451209e-13, 4.0509186381845209e-13
   35,   20,-8.5974288799103004e-08, 1.6146591432420001e-07, 3.3791672107104968e-13, 3.4213335216851430e-13
   35,   21, 5.0871616084891597e-07, 1.0340462691411700e-07, 4.6274788556608830e-13, 4.5961396789414521e-13
   35,   22,-1.8713112689163600e-07,-5.4281974114903899e-07, 4.2287350924280342e-13, 4.2105572194425232e-13
   35,   23,-8.6596062875041207e-08,-3.8003887347330798e-07, 5.1113215168681998e-13, 5.0854986114018324e-13
   35,   24,-7.4752709410053293e-09,-1.6549881636732901e-07, 5.2992296079255656e-13, 5.2895034309894765e-13
   35,   25, 1.2206167715987200e-08, 7.2116708187805705e-10, 5.6273610501281221e-13, 5.5670520631299964e-13
   35,   26,-2.1785373149564299e-07,-5.6729907338594101e-07, 6.4803916376025132e-13, 6.4865027422767910e-13
   35,   27, 1.1274288891482700e-07,-6.8218643509309899e-08, 6.2040632313540684e-13, 6.2101684304995177e-13
   35,   28, 1.7772283825276099e-07, 2.0097317221078301e-07, 7.7139709862550973e-13, 7.7107180087166550e-13
   35,   29, 5.2952556615636701e-07,-8.6191050063406706e-08, 7.1452931555844467e-13, 7.1535130946591346e-13
   35,   30, 1.1302216185452601e-07, 4.7497183508367098e-07, 9.0826551412271819e-13, 9.0498323970322434e-13
   35,   31, 3.0979281864881101e-07, 3.1565978695975098e-07, 8.5031294412180620e-13, 8.4823010646178446e-13
   35,   32,-4.0872541779481901e-07, 2.1516851144587101e-07, 1.0846334076444419e-12, 1.0864872885410543e-12
   35,   33, 3.0732659554561503e-07,-1.8258061160347400e-07, 1.0966266522350354e-12, 1.0962075233384664e-12
   35,   34, 3.4033419124380900e-07,-1.4785654344235701e-07, 1.3482206204912651e-12, 1.3485524177614836e-12
   35,   35,-6.2046901209243897e-08, 2.3468152725283001e-07, 2.1701843232946101e-12, 2.1681947986317716e-12
   36,    0, 1.6737039255063501e-07, 0.0000000000000000e+00, 1.0323795321524327e-13, 0.0000000000000000e+00
   36,    1,-2.8749956062226099e-07, 4.8919044775262603e-07, 6.9006259412715225e-14, 8.4664851270788301e-14
   36,    2, 2.3669001632357801e-07,-1.2501894723952099e-07, 9.1573504984219123e-14, 8.9363390739497959e-14
   36,    3, 6.7750395021129100e-07,-3.7211968346284801e-07, 7.8691513082316969e-14, 7.4862139816809322e-14
   36,    4,-7.5292945346755499e-08,-1.3081211926524599e-07, 8.8535116804007971e-14, 9.9771821332522713e-14
   36,    5,-9.1912977745977896e-09, 7.9479941434686805e-08, 7.9669228921499451e-14, 8.8756378139180194e-14
   36,    6,-3.0233335277950099e-07, 1.7485364715846200e-07, 9.7146360907604698e-14, 8.7242770148629052e-14
   36,    7,-5.1413863450527500e-08, 1.4421439489222700e-07, 1.0163840355542663e-13, 9.4448608525783697e-14
   36,    8,-1.0946139312905799e-09, 2.9141496645227001e-07, 1.2744846007909650e-13, 1.2615347559821338e-13
   36,    9,-1.7829958541732599e-07,-2.6097668267578600e-07, 1.0935249138061000e-13, 1.0340482378146286e-13
   36,   10, 2.9383231265030601e-08, 1.1178669465640100e-07, 1.7475899727501256e-13, 1.7416469796305954e-13
   36,   11, 1.5203534826436699e-07, 5.3383198728743498e-08, 1.2498560630842174e-13, 1.2487269298107803e-13
   36,   12,-2.1176814742716099e-07, 1.6176344522734800e-07, 2.2456804518952838e-13, 2.2714532846301582e-13
   36,   13,-4.2759704767399102e-07,-7.6123640383063694e-08, 1.6413046930219119e-13, 1.5870908998326064e-13
   36,   14, 7.6647731057074605e-08,-2.2629097567648100e-07, 2.6502914192842318e-13, 2.6493759636588968e-13
   36,   15, 8.6651895003121399e-08,-1.2938891589755201e-07, 2.1458166982310701e-13, 2.1653943767830822e-13
   36,   16,-1.6130557411788599e-07, 5.4575903279190695e-07, 2.9100177829718412e-13, 2.9281311842287165e-13
   36,   17,-4.9666194682824699e-07,-8.8770731503962804e-08, 2.9114684069763959e-13, 2.8350137722986839e-13
   36,   18,-3.7157895709768198e-08, 1.4947966087089500e-07, 3.1120167400965456e-13, 3.1222119571031898e-13
   36,   19, 2.8612857136597799e-07, 3.6128675215160000e-07, 3.5718666531277533e-13, 3.6025948736036281e-13
   36,   20,-3.1351774196344601e-07,-1.7424056299723100e-07, 3.3970742442420076e-13, 3.4592956247118587e-13
   36,   21, 4.5294333262096202e-07,-8.8371449421106299e-08, 4.3079391206446731e-13, 4.3087308055850126e-13
   36,   22,-8.9083279591506504e-08, 1.7719428687908999e-07, 3.9524535830231462e-13, 3.9390191277753526e-13
   36,   23,-3.1826372398415101e-07, 3.5566303358267501e-07, 5.0213222516168955e-13, 5.0472523874915490e-13
   36,   24, 4.0774211182911798e-08, 9.7684599130086796e-08, 4.7921999056729541e-13, 4.7930888227308385e-13
   36,   25,-2.6469774310617500e-07, 3.4140051022226200e-07, 5.8315754564840132e-13, 5.8289723260360816e-13
   36,   26, 8.4821830226089395e-08, 5.0097496470127798e-08, 5.8135252758477128e-13, 5.8423117389302938e-13
   36,   27, 2.9312481883038899e-07, 5.4113097861122800e-07, 6.8320854162242587e-13, 6.7927039809234321e-13
   36,   28, 6.8082636323837906e-08, 3.1161276332103098e-07, 6.9514526246887916e-13, 6.9741398661698453e-13
   36,   29,-1.4028626811267199e-07, 1.4943614215380999e-07, 8.1302474831521103e-13, 8.1733887807141177e-13
   36,   30,-1.5917351762379701e-07, 1.5847875163387501e-07, 8.3071437312732469e-13, 8.2753868770599491e-13
   36,   31,-2.1192865738339500e-07,-3.5237389671612000e-07, 9.8739112724770149e-13, 9.8904130479175565e-13
   36,   32,-4.6293551694697801e-08,-2.5470067360246900e-07, 1.0122425708692278e-12, 1.0113231605596045e-12
   36,   33, 4.7478375645340598e-07,-3.6815968048212998e-07, 1.2030791148411405e-12, 1.2096414171872675e-12
   36,   34,-7.7398739815280895e-08, 1.8698924744007899e-07, 1.3586228677594273e-12, 1.3572745072331360e-12
   36,   35, 3.1626966797483002e-07, 4.5714519347795700e-07, 1.4598797408915521e-12, 1.4611093319977990e-12
   36,   36, 2.1773464567965100e-08, 2.2239994035210501e-07, 2.6284048940416726e-12, 2.6543756522703957e-12
   37,    0, 2.2406498126055800e-07, 0.0000000000000000e+00, 7.4332548791764790e-14, 0.0000000000000000e+00
   37,    1, 2.4181731985957499e-08, 1.0540324526121500e-07, 8.3004821900789687e-14, 7.0010357161464481e-14
   37,    2,-2.4912378416150601e-07,-3.7797775376012901e-07, 8.5528656395309274e-14, 7.2684303402537911e-14
   37,    3,-2.5076314211007200e-07, 3.0889767994649200e-07, 8.1365622328849950e-14, 7.9394022047022444e-14
   37,    4,-3.4813990491827299e-08, 5.1096822072562699e-08, 1.0739540774014895e-13, 7.3523440949436809e-14
   37,    5, 2.7353769467878197e-07, 4.5853517353429598e-07, 8.0028600931891788e-14, 8.0425784919298456e-14
   37,    6, 4.3556308924935602e-08,-1.6090129841390301e-07, 9.0457083954710923e-14, 1.1033719558308214e-13
   37,    7, 4.4177201290355298e-07,-9.9694789850913995e-08, 1.0552456117801707e-13, 9.5811982854983120e-14
   37,    8,-8.5075175421397805e-08,-2.5173469433043901e-07, 1.1325812387726126e-13, 1.1027654127570552e-13
   37,    9,-2.0303198363983599e-07,-3.3470215650266301e-07, 1.1927975782577673e-13, 1.2904717251130689e-13
   37,   10, 8.2162271632005397e-07,-8.9957935801963402e-08, 1.4611037703409987e-13, 1.3690170788541193e-13
   37,   11, 4.0919581688022900e-08,-1.3265716005797900e-07, 1.4160858580407235e-13, 1.4557178636474172e-13
   37,   12,-1.2442856213050200e-07,-1.8810875472867400e-07, 1.7207905144995100e-13, 1.7363199063957578e-13
   37,   13, 3.6829247576805000e-08, 1.9841810053804199e-07, 1.8080388799124170e-13, 1.6684458275675699e-13
   37,   14, 1.9213129658986300e-07,-4.0766316019125502e-07, 2.1034638559563463e-13, 2.1015381888371824e-13
   37,   15, 9.0178974164241397e-08, 1.6330064040591601e-07, 2.2497877749622582e-13, 2.2871549992533346e-13
   37,   16,-1.0909279615632400e-07, 3.3960942651965899e-07, 2.4019198439109008e-13, 2.3702891072099348e-13
   37,   17, 9.3458704113170499e-08,-5.7147162666983899e-07, 3.0209994439663417e-13, 2.9327320091714630e-13
   37,   18, 1.6900907004901101e-07, 4.1667258885235602e-07, 2.7133404778943032e-13, 2.6377748606516988e-13
   37,   19,-1.9750216958969499e-07,-2.7455182756674402e-07, 3.5940271239432456e-13, 3.6165867793603521e-13
   37,   20,-2.3181141718363001e-07,-1.1446368546979599e-08, 3.0124911964312827e-13, 3.0541691262999131e-13
   37,   21,-2.0410301624602500e-07,-4.2583136130217798e-08, 4.2014660760891632e-13, 4.1571113368547892e-13
   37,   22, 1.6160116135785401e-08,-5.2431444633701503e-07, 3.6641841827932339e-13, 3.6471354098892205e-13
   37,   23, 2.9829016829813800e-07, 4.7115426958374197e-07, 4.6436235488816566e-13, 4.6145963701437594e-13
   37,   24,-1.7145744569161201e-07, 1.1266094946141400e-08, 4.5270358818024047e-13, 4.5105805558467551e-13
   37,   25,-1.2364152426829201e-07, 6.0412617875104704e-08, 5.0783370763979387e-13, 5.0428581100563185e-13
   37,   26, 7.3759178689024195e-08,-1.6095283804535699e-07, 5.5238345257996279e-13, 5.5331727018453813e-13
   37,   27,-2.2668916834550699e-07,-3.6251148692633903e-07, 5.5964997165970143e-13, 5.5894122025748783e-13
   37,   28,-1.7889190003615901e-07,-4.7957038269303300e-07, 6.5787386263469939e-13, 6.5621963327763546e-13
   37,   29,-1.1153867720336700e-07, 6.8152570300321398e-08, 6.2764851454942156e-13, 6.2583447193701999e-13
   37,   30,-1.2234660147213300e-07,-1.5232916372876599e-07, 7.6524444162799740e-13, 7.6213905967156089e-13
   37,   31,-4.0501942605603102e-08, 1.9542581110868999e-07, 7.2486087535859865e-13, 7.2338039695771778e-13
   37,   32, 2.2107058683916601e-07, 4.1248009979949400e-07, 8.8787849552392163e-13, 8.8844170903508034e-13
   37,   33, 1.2119258998196401e-07, 2.2767240434673901e-07, 8.5865781026405734e-13, 8.5864708536740349e-13
   37,   34,-7.4943045598501294e-08, 2.9189755375469500e-07, 1.0655312695386872e-12, 1.0662427444313051e-12
   37,   35, 3.8910500870743198e-07, 1.9442120530723200e-07, 1.0972610840328165e-12, 1.0929066715865271e-12
   37,   36,-4.6453190867392099e-07,-1.8831248155045201e-07, 1.3364261119478838e-12, 1.3370844298198891e-12
   37,   37, 1.9954551906121100e-07,-1.1401887565245000e-07, 2.1368380008002484e-12, 2.1478952952301004e-12
   38,    0, 4.5774656364950903e-08, 0.0000000000000000e+00, 7.2218148617684816e-14, 0.0000000000000000e+00
   38,    1, 3.6880198088010403e-08, 1.3512537276034001e-07, 6.8098340105511033e-14, 6.8695202700866039e-14
   38,    2, 1.3272960787535999e-08, 1.9563903078049501e-08, 8.2088657709748559e-14, 6.9187282986356010e-14
   38,    3,-9.2810392478402701e-08, 3.0998334999742698e-07, 7.3426923760735162e-14, 7.4246261395214527e-14
   38,    4,-5.4372096572146003e-08, 2.3235075103522401e-07, 7.9087983706753243e-14, 7.3732898431207792e-14
   38,    5, 1.9174941756223901e-07,-1.0006826864221299e-07, 8.9561524111041742e-14, 7.8392412373447007e-14
   38,    6, 4.8611022892309497e-08, 2.4727787464441001e-07, 8.7115797563495075e-14, 8.7726224415192799e-14
   38,    7,-4.4639025186824501e-07,-4.8568492619524801e-08, 9.5047329339817578e-14, 9.9958022699868194e-14
   38,    8,-5.5426276183525204e-07,-4.5773744628522403e-08, 1.1928599359709730e-13, 1.1720163118997029e-13
   38,    9, 1.6527958784591300e-07,-9.0834375372103706e-08, 1.0463116157476834e-13, 1.0734369987584313e-13
   38,   10, 1.8160548762827900e-07, 4.0101100248948901e-08, 1.6210915150925945e-13, 1.6093326822382286e-13
   38,   11,-1.3227329721219999e-07,-5.3450943045397398e-08, 1.2232332531211604e-13, 1.1786744727597189e-13
   38,   12,-9.6121035279910004e-08, 2.1419392064634500e-07, 2.0937214013863367e-13, 2.0927918348192133e-13
   38,   13,-8.2538607370477705e-08,-3.2830112253685302e-07, 1.5136390889909706e-13, 1.4583382036365636e-13
   38,   14, 8.8322233327635894e-09, 1.4478424803760600e-08, 2.4527353250049018e-13, 2.4743919636442498e-13
   38,   15,-2.9383114620479499e-08, 6.5114670950434695e-07, 1.9344078164767466e-13, 1.9537585990439799e-13
   38,   16, 3.7255339642638098e-08,-6.6701104392751300e-08, 2.7246322413452505e-13, 2.7467699286881720e-13
   38,   17,-4.9852418220798000e-08,-3.0283268041140898e-07, 2.5400889732465406e-13, 2.5421706848657602e-13
   38,   18, 2.7438242927784398e-07,-6.8509293716415304e-08, 2.8933334229608725e-13, 2.9407200576064449e-13
   38,   19, 4.6645557029819999e-07, 1.5142493636913100e-07, 3.2092738547529358e-13, 3.2068056430706998e-13
   38,   20,-2.7729963549732902e-07, 1.5452334185899801e-07, 3.1518941312302619e-13, 3.1766368910426413e-13
   38,   21, 8.2119814335787693e-08,-2.7116329207251902e-07, 3.8766861337228403e-13, 3.8668746289767707e-13
   38,   22,-1.1704412804572901e-07, 2.6204407164120498e-07, 3.5522642425317243e-13, 3.5617516004489314e-13
   38,   23, 2.0617292671668701e-08, 3.1625573650876800e-07, 4.4651844830661211e-13, 4.5050411235755333e-13
   38,   24, 7.2591163637414501e-08,-3.6995303355687799e-07, 4.2200318623981380e-13, 4.2094886223300119e-13
   38,   25,-5.3250013961162904e-09, 2.2951741777411699e-08, 5.1650700857202611e-13, 5.1595207296535352e-13
   38,   26,-5.6536839747100500e-08,-3.5344272832732698e-08, 5.0560328534868262e-13, 5.0819424305888434e-13
   38,   27, 1.0623325174839700e-07,-5.9701781364809004e-08, 5.9569382283786362e-13, 5.9315071904432258e-13
   38,   28, 2.9860697713745602e-07, 1.9180421280762399e-07, 6.0485210653001608e-13, 6.0797031311392277e-13
   38,   29, 4.5315619346275997e-08, 6.9114807126146203e-08, 6.9144882523706457e-13, 6.9627620722161761e-13
   38,   30,-4.7234408625142400e-07,-8.6064840987442008e-09, 7.1413307707436477e-13, 7.1132460851671174e-13
   38,   31,-6.6543802205240398e-08, 2.9060008201110201e-07, 8.2189285075869938e-13, 8.2419306944212581e-13
   38,   32, 1.0601058581259400e-07, 7.7594036738213405e-08, 8.4294455280834002e-13, 8.4175362972355692e-13
   38,   33,-1.8002188769841099e-07,-8.4938610905348405e-08, 9.7968173962448346e-13, 9.8697499884048245e-13
   38,   34,-1.2919203609497299e-07,-3.0267111141159999e-07, 1.0281706428692076e-12, 1.0269524628426822e-12
   38,   35,-5.0622336684168797e-08,-1.8908865980831101e-07, 1.1853125924304201e-12, 1.1857708128156128e-12
   38,   36,-3.8266703225494199e-07, 2.2386051276018700e-07, 1.3686595157285957e-12, 1.3786600969174120e-12
   38,   37,-1.6642556997098499e-08, 3.1540076270479598e-08, 1.4332232594001062e-12, 1.4318818596482462e-12
   38,   38,-3.2032903424574898e-07,-3.0331693086168901e-08, 2.6461487212470008e-12, 2.6059499711039088e-12
   39,    0,-3.3428371996349102e-07, 0.0000000000000000e+00, 7.5553562637221600e-14, 0.0000000000000000e+00
   39,    1,-1.6865886076337100e-07,-1.5329892606331100e-07, 6.8771168511974512e-14, 9.5873093708203189e-14
   39,    2,-1.5677513407934299e-07,-4.8376840927875399e-08, 7.6196613308797775e-14, 6.9161889054056611e-14
   39,    3, 2.3718078188224999e-07,-3.0356744426902100e-08, 7.1892461906029067e-14, 7.1570320930877613e-14
   39,    4, 2.2853522628628699e-08,-8.4354343001787295e-08, 7.9690502634381591e-14, 7.7262608399608890e-14
   39,    5,-5.8925569506334297e-09,-2.2639869708489001e-07, 8.4744527785946449e-14, 8.1551110946370395e-14
   39,    6, 1.7113700793620000e-07,-2.2488464450647400e-07, 8.7853239960789066e-14, 8.6894414321383166e-14
   39,    7,-6.9372652050447406e-08, 1.1936010644361500e-07, 9.4223057667071270e-14, 9.9185271923127029e-14
   39,    8, 1.8444151385314700e-07,-3.1474398874366703e-08, 1.0447926351332138e-13, 1.0799980288793701e-13
   39,    9,-2.3655238341542698e-08,-1.3906034520885200e-07, 1.0309419810576066e-13, 1.0362922317073829e-13
   39,   10,-2.4714054814583203e-07, 4.5061100225922502e-08, 1.3049609506226794e-13, 1.2852803079409543e-13
   39,   11,-2.7074090859983602e-08, 2.0434676538744700e-07, 1.2834102651262031e-13, 1.2796405705054780e-13
   39,   12,-1.1677835723005400e-07, 1.6278870606939101e-07, 1.6207591866089948e-13, 1.5952192473609761e-13
   39,   13, 1.3384234706079600e-07, 1.6097024626032600e-07, 1.6115369759131101e-13, 1.5749588316953681e-13
   39,   14, 2.9941371207257000e-07, 2.4469500361616199e-07, 1.9524977741957488e-13, 1.9367948246120534e-13
   39,   15,-7.7997915131427396e-08,-4.2565957084001500e-07, 2.0407646036101577e-13, 2.1291942098994869e-13
   39,   16, 2.3042544047326500e-07,-4.6008049542274601e-07, 2.3056193692788943e-13, 2.2230758174752001e-13
   39,   17,-2.4397369513950600e-07,-1.9326131880436900e-07, 2.6681958149087958e-13, 2.6702040610379516e-13
   39,   18, 8.9922369224234203e-08, 2.4940919401554400e-07, 2.4804913951590710e-13, 2.4520713096250363e-13
   39,   19, 5.2038958953966298e-08,-2.3698918161831499e-07, 3.2388818855390854e-13, 3.2880764403675086e-13
   39,   20,-4.8206975800405496e-07,-7.9353038895397895e-08, 2.7503013393083553e-13, 2.7901158001820432e-13
   39,   21, 2.3700933303008901e-07, 3.3425966267992397e-08, 3.7929156085879479e-13, 3.7830980409153189e-13
   39,   22, 1.5322977378254600e-08, 2.8248500423109798e-07, 3.2348148912245323e-13, 3.2678596157967428e-13
   39,   23, 3.9741275407592300e-07, 5.4410281787734201e-10, 4.2345266867693740e-13, 4.2329974071602155e-13
   39,   24,-3.1146141633965498e-07,-3.0024803793345099e-07, 3.9347943856370074e-13, 3.9272790660537549e-13
   39,   25,-1.6425734396005799e-07, 2.1578071534809101e-07, 4.6531378549737961e-13, 4.6053662437436504e-13
   39,   26, 8.2908380109594396e-08,-2.1895677210503400e-07, 4.7789973172922521e-13, 4.7826512973004225e-13
   39,   27, 1.4418680687317300e-07,-8.4754721830968995e-08, 5.0614672083791559e-13, 5.0557070000486103e-13
   39,   28,-2.4069782598379199e-08, 3.6357175359207198e-07, 5.6988047137304138e-13, 5.6895818711631087e-13
   39,   29,-4.9901419510002199e-08,-6.5775378964030102e-09, 5.6150963906049591e-13, 5.6207089393110213e-13
   39,   30, 1.0472346424388700e-07,-2.9350891934045598e-07, 6.6213204136158848e-13, 6.5932460106506288e-13
   39,   31, 2.8672667021599098e-07, 1.9202188083635399e-07, 6.3498458876262346e-13, 6.3403916636880967e-13
   39,   32, 3.9307465669369300e-07,-3.1428096682629598e-09, 7.5609254873153713e-13, 7.5490226376251151e-13
   39,   33,-2.7434767553268399e-07,-4.2501656439657297e-09, 7.3341613619669941e-13, 7.3423930967680734e-13
   39,   34, 9.4436483297132505e-08,-1.8132881621888101e-07, 8.7319276108781864e-13, 8.7352735936777722e-13
   39,   35, 1.6832264032353999e-07, 5.3397994988829901e-07, 8.6755439852350168e-13, 8.6599433400444056e-13
   39,   36,-3.7619261014236202e-07, 4.7756421894987704e-07, 1.0509292059788738e-12, 1.0505624245824801e-12
   39,   37, 2.4609779843222002e-07,-2.7699080509350498e-07, 1.0898762940635377e-12, 1.1009759055321317e-12
   39,   38,-2.7770581023316102e-07, 1.3852919610484400e-07, 1.3274225263530460e-12, 1.3287898045353753e-12
   39,   39, 2.1650908223112300e-07,-1.0283910495852200e-07, 2.1138417776599281e-12, 2.1245731814706631e-12
   40,    0, 3.0600562681493397e-08, 0.0000000000000000e+00, 8.2837330885906831e-14, 0.0000000000000000e+00
   40,    1, 5.2985392868254704e-07, 1.0770255999042600e-07, 7.6467108983062460e-14, 7.1551386359532936e-14
   40,    2,-8.6638285038203899e-08, 2.3150220637702600e-07, 8.2483036084217504e-14, 1.0828702415533686e-13
   40,    3, 2.4739429810715901e-07, 2.1659198359064799e-07, 7.4920850908993878e-14, 8.1958636079505925e-14
   40,    4,-2.7541053901685098e-07,-7.9918620550614102e-09, 7.7170074476724624e-14, 7.8334422476492098e-14
   40,    5,-1.0452001387314200e-07,-1.9104065501126600e-07, 7.8579090824557673e-14, 8.9008671352396911e-14
   40,    6,-1.2086850776686301e-07, 2.0661398038388900e-07, 8.7882916874932375e-14, 9.5882767424108957e-14
   40,    7,-2.9916372632779000e-07,-5.4746973870082701e-08, 8.9261695137888614e-14, 8.9669035652508357e-14
   40,    8, 1.1582341935048999e-07, 4.5995008675113602e-09, 1.1030423732102668e-13, 1.1169859010266624e-13
   40,    9,-6.1037848528520804e-08,-1.6555113801754599e-07, 1.0221196432573027e-13, 9.7390416106606767e-14
   40,   10, 1.6605434130120898e-08, 2.3675543464934201e-08, 1.4950188425968206e-13, 1.4632279024784333e-13
   40,   11, 1.9375734825583600e-08,-1.9191548187466301e-07, 1.1315320991909126e-13, 1.1497257269756282e-13
   40,   12, 1.1698893937482700e-07,-6.1386554033990693e-08, 1.8819909866455364e-13, 1.9086764545124317e-13
   40,   13, 4.8728685080421597e-08, 1.1012671604842600e-07, 1.3801826674710227e-13, 1.3731872523883554e-13
   40,   14,-1.1905988150463300e-08, 1.4422889871876599e-07, 2.2820680558036263e-13, 2.2712790759245750e-13
   40,   15,-1.3742244422457601e-07,-4.2364974900444200e-07, 1.7766865261163845e-13, 1.8093273631063594e-13
   40,   16,-1.4323183905984001e-07,-2.1302727062539300e-07, 2.5532975325699432e-13, 2.5698073627219266e-13
   40,   17, 4.4860213883590801e-08, 1.8873703152541500e-07, 2.3140787513816865e-13, 2.3276281039992274e-13
   40,   18,-1.6693666114496399e-07, 2.2916411306891400e-07, 2.7796258673224658e-13, 2.7600635633183769e-13
   40,   19, 6.3143593878280501e-08, 2.4981862843398802e-07, 2.8762533960051030e-13, 2.9072066928330140e-13
   40,   20,-3.4817650466581801e-08,-1.8888272286363901e-07, 2.9302334993561311e-13, 2.9578335752734599e-13
   40,   21, 3.9097470653973001e-07,-4.0518989158385698e-08, 3.4960931787374221e-13, 3.4828034193940918e-13
   40,   22,-1.2349569467947801e-07,-8.9056368458203795e-08, 3.2700237236349042e-13, 3.2815347916681021e-13
   40,   23, 1.3945651331914201e-08,-6.6114836393100904e-08, 4.0476339982223102e-13, 4.0741963029419228e-13
   40,   24, 1.6638817689639501e-07, 5.3131382401859400e-08, 3.7797378668783316e-13, 3.7788342604623445e-13
   40,   25, 2.7875003721414598e-07, 6.9721112535515195e-08, 4.6274314780613931e-13, 4.6212237584035978e-13
   40,   26,-2.8580464770715800e-07,-3.6696985725134602e-08, 4.4734881510025728e-13, 4.4975566140883660e-13
   40,   27,-6.9097794214133100e-08,-7.5975190701592498e-08, 5.2941447060771106e-13, 5.2860667881738906e-13
   40,   28,-1.9755705843699099e-07, 2.5488262690696499e-07, 5.3064015067020455e-13, 5.3310119353065840e-13
   40,   29,-1.9334659811568301e-07,-4.5958183773436500e-08, 6.0521585953361557e-13, 6.0918730886691674e-13
   40,   30,-6.6811875339633305e-08,-1.6880484369539401e-07, 6.2483557202511093e-13, 6.2400982702404501e-13
   40,   31,-2.6809800216989599e-07,-1.1232924170334500e-07, 7.0452843610412366e-13, 7.0666689284686102e-13
   40,   32,-3.6934294853105397e-07,-2.1676781455645900e-07, 7.2520355218737584e-13, 7.2651077068838734e-13
   40,   33,-5.7094240172826800e-07,-2.6851050081886399e-07, 8.2443273695805202e-13, 8.3138623154820810e-13
   40,   34, 2.1455647822101000e-07, 9.8980882328109594e-08, 8.5405236380156772e-13, 8.5436237308163100e-13
   40,   35,-2.1396961093405501e-07, 1.6635346733755100e-07, 9.7497826474461675e-13, 9.7596344118666339e-13
   40,   36,-9.7333305499541595e-08,-1.4117934578368201e-07, 1.0393577094376700e-12, 1.0462075112750762e-12
   40,   37,-1.6176025350195099e-07, 8.7624161917668103e-08, 1.1629100816873590e-12, 1.1633018432096557e-12
   40,   38, 8.3236813008176796e-08, 1.6083083274491600e-07, 1.4002763228924838e-12, 1.3755702585708395e-12
   40,   39, 1.0603792290625100e-07, 2.5709608751915701e-07, 1.4098963791939081e-12, 1.4051807327565828e-12
   40,   40,-7.7113230576754601e-09, 1.0351971725159899e-08, 2.6061963119306431e-12, 2.6123045976127446e-12
   41,    0, 2.8208259434231898e-07, 0.0000000000000000e+00, 7.1431679961674492e-14, 0.0000000000000000e+00
   41,    1,-8.0514633316487398e-08, 3.1145028527917798e-08, 7.3697679351638963e-14, 9.0371927221730219e-14
   41,    2, 1.1183851693047900e-07,-1.9216460255921201e-07, 7.1649439843545143e-14, 8.6048684202902201e-14
   41,    3,-2.9854250237978998e-07,-1.3800585741081099e-07, 8.6385256833447343e-14, 7.4243091641251916e-14
   41,    4, 6.5915061380398805e-08,-1.9178159111407301e-07, 8.5420216808640756e-14, 7.3486571575515180e-14
   41,    5, 3.6451437333778399e-07,-9.6716609727369906e-08, 7.8116517932919833e-14, 8.0817578428798532e-14
   41,    6,-5.0847589995391203e-08, 6.8050541513172100e-08, 8.4332610455251151e-14, 1.0223154504173695e-13
   41,    7, 1.3862748713078099e-07, 2.2551093125892601e-07, 8.7489168212919755e-14, 8.9748137631598174e-14
   41,    8,-1.6894217970583599e-07,-1.5481370968308401e-07, 9.8666271141535057e-14, 9.9657603757315239e-14
   41,    9,-9.2016100259534098e-08,-6.7307814696966102e-08, 1.0180235878764548e-13, 1.0255990431645986e-13
   41,   10, 6.0293352712264806e-08, 2.4981668983465298e-07, 1.2783863558273752e-13, 1.2211842919748734e-13
   41,   11, 2.5535106526640400e-07, 2.1837572422334099e-07, 1.1580834598397860e-13, 1.1959427005338167e-13
   41,   12,-1.5466539419943199e-07,-3.2254520698745202e-07, 1.5159762153577481e-13, 1.5344565658047434e-13
   41,   13, 1.4528683453743500e-08, 2.6228528726925301e-08, 1.4499845229392681e-13, 1.5084709330807643e-13
   41,   14,-2.8016528017133198e-07, 2.1328236043536900e-07, 1.8095369206379645e-13, 1.8097545318033182e-13
   41,   15,-1.7583833484026900e-07, 1.4973231978398299e-07, 1.9466255354536422e-13, 1.8758761483331987e-13
   41,   16, 4.8781311683127702e-07, 1.8958604077976299e-07, 2.1275966006993809e-13, 2.0824919982614189e-13
   41,   17,-1.1337556917580999e-07, 2.6193720117765599e-07, 2.4263555703642907e-13, 2.4269052874039037e-13
   41,   18,-8.9655049163811193e-09, 2.5529206075887701e-09, 2.3256215650530296e-13, 2.3406626116462726e-13
   41,   19,-1.0818237871163900e-07,-3.1637896687966001e-07, 2.9388679735901606e-13, 2.9634048131270190e-13
   41,   20,-2.8132220588714902e-08,-6.5556371595812005e-08, 2.5659495144303344e-13, 2.5690245976759222e-13
   41,   21,-8.8134317521321607e-08, 5.0146039380576701e-08, 3.4681538476020938e-13, 3.4493114882093803e-13
   41,   22, 7.9748197830098397e-08,-1.9955786192958001e-07, 2.9385765565578254e-13, 2.9322442301131560e-13
   41,   23, 5.1567133194659203e-08, 1.1254009606631100e-07, 3.8828278668099490e-13, 3.8737051995123285e-13
   41,   24,-1.0784082891001700e-07,-3.1754468172792100e-09, 3.4942902589159235e-13, 3.4837970570328568e-13
   41,   25,-1.9453005893716300e-07,-1.4140799989780401e-07, 4.2693486933181277e-13, 4.2407463817671839e-13
   41,   26, 4.6234630802874100e-08,-4.2043629371676701e-08, 4.2082074121757347e-13, 4.2003313847451759e-13
   41,   27, 3.9333688067079600e-07,-2.7622581130743699e-07, 4.6309217095072698e-13, 4.6434959024353817e-13
   41,   28, 2.9289454105590701e-07, 1.3345140458384700e-07, 5.0223199538235744e-13, 5.0106592098867181e-13
   41,   29, 1.3164097769695301e-07,-4.4705249596120798e-07, 5.0847968787786906e-13, 5.0921642257994618e-13
   41,   30,-1.3531951020337599e-07,-5.5077749035339202e-08, 5.8227150488723232e-13, 5.8045409764246352e-13
   41,   31, 1.1347501962361101e-07,-6.1428909520064096e-08, 5.6703823250480811e-13, 5.6666854136238185e-13
   41,   32, 2.5297042444878501e-08,-1.3519802131965799e-07, 6.6170629740424201e-13, 6.6123638884328240e-13
   41,   33,-3.2336931304914803e-08,-2.5595343796829201e-08, 6.4163634379013027e-13, 6.4338424658925651e-13
   41,   34, 2.4683668554949600e-07, 1.9189254073107801e-07, 7.4809931572403168e-13, 7.4819839005731920e-13
   41,   35,-6.1809252555940594e-08, 8.4131355907029103e-08, 7.4256765006434661e-13, 7.4171855448816666e-13
   41,   36, 1.6212135467141201e-07, 7.8715581870893608e-09, 8.6124515483543434e-13, 8.6115918614170519e-13
   41,   37, 9.6911669273069200e-08,-8.5973607221221504e-08, 8.6978194367530451e-13, 8.7858149121236329e-13
   41,   38,-8.1218400762523598e-08,-1.2103132502383999e-07, 1.0366745236273647e-12, 1.0400213422607500e-12
   41,   39, 2.2408258854352500e-07,-7.2710999874487196e-08, 1.0909057212417867e-12, 1.1029430540731022e-12
   41,   40,-9.5876040449211407e-09,-1.8859935440726201e-07, 1.3212875486914018e-12, 1.3203142752368050e-12
   41,   41, 2.8140058923299199e-08, 3.1646483947910999e-07, 2.1025333282256347e-12, 2.0943227699685054e-12
   42,    0, 1.5583474267901399e-07, 0.0000000000000000e+00, 7.7343683377108709e-14, 0.0000000000000000e+00
   42,    1,-2.1025900718345101e-07,-1.3205978994583101e-07, 8.5131883984353330e-14, 7.4182516649460582e-14
   42,    2,-2.7838695593096598e-07,-3.1179319066339201e-07, 8.4938594191236067e-14, 7.3523266279913778e-14
   42,    3, 1.9858787905534401e-07,-2.1653376112173000e-07, 7.6446444801881087e-14, 8.6233089923921460e-14
   42,    4, 3.8035891537551198e-09, 1.8660412056669300e-07, 7.8977549661222745e-14, 8.0687033728243753e-14
   42,    5,-2.9012553823204799e-07, 5.0741846967784299e-08, 8.6295126349683109e-14, 7.9839088296641315e-14
   42,    6,-1.3709139014264599e-07, 1.1517971541024000e-07, 8.4543069772767406e-14, 8.9915511394905149e-14
   42,    7, 1.3026069134516600e-08, 6.1169023720978603e-08, 8.5147281336456559e-14, 8.9585089821634889e-14
   42,    8,-3.1296087929750501e-08,-5.0102280105567699e-08, 1.0323402339020884e-13, 1.0329094811305744e-13
   42,    9, 6.4697790122333005e-08,-2.7610049389539000e-08, 9.7591295045827900e-14, 1.0466299601795814e-13
   42,   10, 3.9083114166855201e-07, 3.5300169952725503e-08, 1.4060398720638355e-13, 1.3791551011110854e-13
   42,   11,-7.5854523581285006e-08,-3.9977757044406702e-08, 1.0999425564005033e-13, 1.2302077675240268e-13
   42,   12, 1.0387702871002301e-07,-4.8084321598133502e-08, 1.7672690621759120e-13, 1.7786922991218845e-13
   42,   13,-9.8469975209129096e-08,-2.1338994812269299e-07, 1.3232919598906293e-13, 1.3156783743383954e-13
   42,   14,-7.9446085851518502e-08, 1.4606068781808899e-07, 2.1427466074453573e-13, 2.1049134107035329e-13
   42,   15, 9.4510188187204404e-08,-2.0437477915596999e-07, 1.6641604923142365e-13, 1.6620453820960258e-13
   42,   16,-5.7104448975063198e-08,-3.2107044717820301e-07, 2.4067368464964449e-13, 2.3953569847144111e-13
   42,   17, 1.7295402914378800e-07,-1.8418433500267300e-07, 2.1727567317254864e-13, 2.1120269820883686e-13
   42,   18, 6.8526742433514803e-08,-1.4213324687697600e-07, 2.5871133464884033e-13, 2.6181553970560040e-13
   42,   19, 1.1118577883707700e-07, 5.3996735725776702e-08, 2.6405239972291428e-13, 2.6588591792029984e-13
   42,   20,-3.5290880626407000e-08, 2.1441466065324601e-07, 2.7828397195540815e-13, 2.7806089383664357e-13
   42,   21, 8.4265287177968097e-08, 1.1033758099884900e-07, 3.1777082011512436e-13, 3.1893233717173963e-13
   42,   22,-3.0436023264804802e-07,-9.4720011670317606e-08, 3.0461828631436694e-13, 3.0147045970636625e-13
   42,   23, 9.4937386698141002e-08, 3.0121517656964100e-07, 3.6899419030901693e-13, 3.7105700756556011e-13
   42,   24, 1.9869782379938702e-08,-1.8653021197343201e-07, 3.4719681423131366e-13, 3.4535159772299947e-13
   42,   25, 1.5152301049519900e-07, 1.1720297184589100e-07, 4.2145180857209441e-13, 4.2053919476313705e-13
   42,   26, 1.0272697941094799e-07,-2.0721165848458200e-08, 4.0154606850326778e-13, 4.0258241808922564e-13
   42,   27, 1.2852189236372500e-08, 5.3173057267515402e-08, 4.7585186690979093e-13, 4.7400678705345634e-13
   42,   28,-4.6645548285967800e-08,-1.0248057790687499e-07, 4.7256119129405092e-13, 4.7370688736565881e-13
   42,   29,-1.4653282128158800e-07,-3.8853661327216498e-07, 5.3948759704179885e-13, 5.4345654049209929e-13
   42,   30, 4.0528325194651004e-09, 6.9835894073549304e-08, 5.5166255818173942e-13, 5.5155080689380558e-13
   42,   31,-1.6297032555217501e-07, 4.8076946980995198e-07, 6.1828786709370801e-13, 6.2129632430121544e-13
   42,   32,-2.6315566730665000e-07,-2.7912814035576799e-07, 6.3752986993396116e-13, 6.3622685726389292e-13
   42,   33, 4.8010326169241599e-09,-1.1465569271181700e-07, 7.1204946212578092e-13, 7.1857283341382083e-13
   42,   34, 1.6376124145615999e-07, 8.2350312486784898e-08, 7.3508604292266024e-13, 7.3408488251754910e-13
   42,   35, 2.3861519599379098e-07,-2.2395763682937099e-07, 8.3106990011723190e-13, 8.2991785447052108e-13
   42,   36, 4.1519190001578900e-08,-8.9731252339430996e-08, 8.6330603315119933e-13, 8.6590465735090574e-13
   42,   37,-1.7471396472773599e-07, 3.7987895594238499e-07, 9.6473945500080125e-13, 9.6529738242716974e-13
   42,   38,-5.0223471059253502e-08, 1.4609439650288999e-07, 1.0649924660342626e-12, 1.0498099423023521e-12
   42,   39, 6.5465224183196302e-08,-4.0625032443469200e-07, 1.1438011190477744e-12, 1.1382314622419258e-12
   42,   40, 7.7785593404356097e-08, 2.5343643014350802e-07, 1.3990456532207354e-12, 1.4026107783967718e-12
   42,   41, 9.0023406402830105e-08,-1.1469236391474500e-07, 1.3856704539038948e-12, 1.3862244450484396e-12
   42,   42, 1.7044776973288401e-07,-1.7815563196257299e-07, 2.5896582428326564e-12, 2.5936889144565752e-12
   43,    0,-1.2096691949701799e-07, 0.0000000000000000e+00, 8.2227048298689593e-14, 0.0000000000000000e+00
   43,    1, 9.9370908140254105e-08,-2.3939076277452803e-07, 8.3736849954737475e-14, 7.4013365877210258e-14
   43,    2, 1.8722127225693301e-07,-3.2148425739573297e-07, 7.5699160153885465e-14, 7.5556681228301085e-14
   43,    3,-7.6643108058175098e-08, 1.4330405717132501e-07, 8.4459263769755907e-14, 8.5076581921521529e-14
   43,    4, 1.3554629890356500e-07,-3.9424529530948100e-08, 8.2493812324998165e-14, 7.7711653443852819e-14
   43,    5, 1.4045386386323701e-07, 1.2112797526990100e-07, 8.0350793725449270e-14, 9.1358828559213926e-14
   43,    6, 2.2594808361699300e-07, 1.1539226828236100e-07, 8.3779850530498356e-14, 8.4011492389333877e-14
   43,    7,-1.0136064063729100e-07,-2.2597356214765201e-07, 8.9021396624321973e-14, 9.0965011392829606e-14
   43,    8,-2.0235738604476499e-07,-1.6724227709731700e-07, 1.0023908371177124e-13, 1.0216115837721410e-13
   43,    9, 1.6859871067390600e-07, 1.0131626833689100e-08, 9.8505958186444886e-14, 1.0784158730954902e-13
   43,   10,-2.1181526743400400e-07, 3.0300447102075000e-07, 1.2298589425748418e-13, 1.1770742102545589e-13
   43,   11,-3.3203054780430798e-07,-2.7873728831179599e-08, 1.1680168507549044e-13, 1.2011111026283512e-13
   43,   12,-9.9056032550927296e-08,-3.7502284563484001e-08, 1.4377015778667519e-13, 1.4477702482759915e-13
   43,   13, 5.3592761144196297e-08,-1.5080792631467899e-07, 1.3664460548270824e-13, 1.3618063572275090e-13
   43,   14, 8.4946546212178200e-08,-1.3694089802818900e-08, 1.7523689265194797e-13, 1.7340324153053598e-13
   43,   15, 2.2575436828741999e-07,-2.6215736247413000e-07, 1.7194680270337850e-13, 1.7208611867578635e-13
   43,   16,-2.1423407742619299e-07,-3.1402863251716202e-08, 1.9822928527762209e-13, 1.9848092336498662e-13
   43,   17,-5.5423899930730899e-07, 3.2454855051844199e-07, 2.2341851506403795e-13, 2.2532111241197663e-13
   43,   18,-2.8586825038109501e-07,-2.1121828358136300e-07, 2.2588970671274302e-13, 2.1924125556514459e-13
   43,   19, 3.8702277184989801e-07, 1.1632073902079200e-07, 2.6900367339627533e-13, 2.7202061975756010e-13
   43,   20, 6.9883382812929998e-08,-3.1577387724560499e-08, 2.4266920842831735e-13, 2.4273964335383474e-13
   43,   21,-2.3032079054623201e-07,-3.4721263404172598e-07, 3.1844564622818624e-13, 3.1564118288755587e-13
   43,   22,-2.6874007580631000e-07,-1.1615309957571500e-07, 2.7069791496088424e-13, 2.7155291323604075e-13
   43,   23, 3.7368383895273201e-07, 2.8249166264623302e-07, 3.5867600495843735e-13, 3.5972835215031394e-13
   43,   24,-1.1175378358720600e-07,-1.2289433160497099e-07, 3.1646817538932451e-13, 3.1947884872790993e-13
   43,   25, 2.0668672990466700e-07,-1.7043544861237799e-07, 3.9466601546367418e-13, 3.9224968795684158e-13
   43,   26,-7.4569256809706296e-08, 2.8592813605343098e-07, 3.7431426096408427e-13, 3.7559785416390983e-13
   43,   27, 7.9665974499410803e-08,-2.8253779601573898e-08, 4.2853352445674328e-13, 4.2807108093156730e-13
   43,   28,-1.7723735936525100e-07, 8.4020688307154702e-08, 4.4322865981623957e-13, 4.4372218519144579e-13
   43,   29,-1.7570523402923799e-07, 3.7671950695136903e-08, 4.6600605944686040e-13, 4.6728828342194247e-13
   43,   30,-2.6872988416586398e-07, 1.3918908589681901e-07, 5.1719687123692161e-13, 5.1556539784748547e-13
   43,   31, 1.5894309696455101e-07,-1.3327050432739399e-07, 5.1403736725215099e-13, 5.1421770665121157e-13
   43,   32, 1.7999881547301201e-08, 1.1968483963261000e-07, 5.8825119496031491e-13, 5.8812436875809825e-13
   43,   33, 1.0652187325476900e-07, 1.8870830997895400e-07, 5.7255906449897262e-13, 5.7322406457725386e-13
   43,   34, 1.9514782076514501e-07, 1.6679390106306601e-07, 6.6100416437999199e-13, 6.6190798717431834e-13
   43,   35,-9.7878410636150506e-08,-3.4960874534590900e-07, 6.5065758146420817e-13, 6.4923094343244887e-13
   43,   36,-9.5973241076300803e-08, 1.8673698804258100e-07, 7.4346752742807060e-13, 7.4150310542517218e-13
   43,   37, 1.9438792606516900e-07, 9.5258925491664905e-08, 7.4680292778520132e-13, 7.5138225318883201e-13
   43,   38, 1.0431435741732500e-07,-1.4543160933449099e-07, 8.5053526712072917e-13, 8.5292589671460778e-13
   43,   39, 2.6700838026614099e-07, 1.1980552868247899e-08, 8.7709566704156557e-13, 8.8437693128313939e-13
   43,   40,-1.6125968852875699e-07, 1.3801877990924199e-07, 1.0274744558860284e-12, 1.0277858982098768e-12
   43,   41,-2.4220900546977902e-07, 1.3502465279210100e-07, 1.1014403641309843e-12, 1.0985809292487370e-12
   43,   42, 7.1691397321566795e-08, 2.0242694329161999e-07, 1.3140636077154143e-12, 1.3132915501752074e-12
   43,   43, 2.1386456354146801e-09,-7.1180189232354402e-08, 2.0797785089388176e-12, 2.0799295238219762e-12
   44,    0, 2.9545766699867901e-09, 0.0000000000000000e+00, 7.7150967713825151e-14, 0.0000000000000000e+00
   44,    1, 1.2151607476357801e-07,-1.1750458729748000e-07, 7.6683329565779531e-14, 7.5521417772968760e-14
   44,    2,-2.5691433455729501e-08, 2.1853048749221400e-07, 7.7073691844542802e-14, 1.0132928974330595e-13
   44,    3, 4.5167450033997000e-07,-5.0971081678680202e-08, 7.7971479481814771e-14, 8.7301725460468425e-14
   44,    4,-3.0919672776067998e-07,-1.7021935219851599e-07, 8.1565424962684377e-14, 9.8091181638532123e-14
   44,    5, 8.6640910161290603e-08,-1.3621150910704601e-07, 8.8055049419098923e-14, 1.0025967317044641e-13
   44,    6,-2.0135767368842899e-07,-1.9673653372565201e-07, 8.9750256507591692e-14, 8.3864718222751150e-14
   44,    7, 4.3733924374785697e-08,-1.4460569632325700e-07, 9.1217792227775276e-14, 9.2757887293414437e-14
   44,    8, 5.3967637148696400e-08, 1.4228580175797400e-07, 1.0349686685041644e-13, 1.0453395589871747e-13
   44,    9,-7.9323467485284394e-08, 2.6864575298933200e-07, 1.0181879672235920e-13, 1.0056273933651850e-13
   44,   10,-2.1051698605372699e-07,-3.1692824209710099e-07, 1.3442322322675255e-13, 1.3275304865052080e-13
   44,   11, 2.8568749348209698e-07,-4.1271566476104198e-08, 1.1210078197189432e-13, 1.1106109907928633e-13
   44,   12,-1.7879570421569198e-08, 1.2697075815727401e-07, 1.6633115642333689e-13, 1.6915030426948522e-13
   44,   13, 6.2392393637829497e-08, 1.4075743471135199e-07, 1.2808349108780767e-13, 1.3110133106525186e-13
   44,   14,-1.8209496370071101e-07, 1.3974935392225000e-07, 2.0075410478205961e-13, 1.9824335859171809e-13
   44,   15, 6.4457645098494397e-08, 1.3436446780400701e-07, 1.6766274993796967e-13, 1.5906548091649600e-13
   44,   16,-1.6650798311177200e-07, 5.0628928412841698e-07, 2.2482913681578314e-13, 2.2485239402957484e-13
   44,   17,-1.5959138245861099e-08,-2.1598009689393001e-08, 2.0267392178572470e-13, 1.9790860416740223e-13
   44,   18, 1.8499320993984900e-07,-4.8431158187494200e-08, 2.4405773404463119e-13, 2.4764782460333738e-13
   44,   19,-3.2692135374649400e-07, 7.2414326830362300e-08, 2.4696921883436915e-13, 2.4404801031458571e-13
   44,   20,-2.3911074033183999e-07,-2.0413747077111101e-07, 2.6308580794670758e-13, 2.6464301198106634e-13
   44,   21, 7.2668147423245294e-08,-3.2759933956864598e-08, 2.9194771557251374e-13, 2.9356202981693087e-13
   44,   22, 1.0441881618983900e-08, 1.5678795615295000e-07, 2.8476064399799561e-13, 2.8432185549061069e-13
   44,   23, 1.0506005961687801e-07, 4.3684533157852197e-08, 3.3852591664365504e-13, 3.4082689012360985e-13
   44,   24, 1.0071198033424900e-07,-1.6907421173199599e-07, 3.1744906093024105e-13, 3.1716905248558657e-13
   44,   25,-1.7555951856464401e-07, 5.9200408524146699e-08, 3.8635582216554597e-13, 3.8428122853200038e-13
   44,   26,-2.2200672237919400e-07,-1.1019582877104900e-07, 3.6617876773720767e-13, 3.6785869933833499e-13
   44,   27,-1.1337532530025700e-07, 1.1845639310854700e-07, 4.3439845689768405e-13, 4.3256959170416390e-13
   44,   28, 1.3985945516571399e-07,-5.0960569942905603e-08, 4.2363198491204193e-13, 4.2645628216018111e-13
   44,   29, 4.9694572806566198e-08,-4.2648586212424498e-09, 4.8595309531378781e-13, 4.9072093373502301e-13
   44,   30, 2.9148519004479501e-07,-2.6748398338797201e-07, 4.9332104894908123e-13, 4.9244089083168517e-13
   44,   31, 9.7107823347573304e-08,-4.8928696917228702e-08, 5.5308493124281308e-13, 5.5502196627037225e-13
   44,   32,-3.3168140752448002e-08, 2.4899709579967000e-07, 5.6672173943886816e-13, 5.6565481511471980e-13
   44,   33,-3.6649298525180598e-07,-2.5674157023344798e-07, 6.2881649565917035e-13, 6.3437403242688218e-13
   44,   34,-3.8472937207021403e-08,-1.7224175728121301e-07, 6.4622464468148181e-13, 6.4598458297674322e-13
   44,   35,-8.2596748096253907e-08,-5.4135256976715402e-08, 7.2389848807751859e-13, 7.2475367518750173e-13
   44,   36, 3.1121499995021699e-07, 1.9329219772086699e-08, 7.4084331582834153e-13, 7.4387078852703095e-13
   44,   37, 2.3577942902084599e-07,-1.6617308294399601e-07, 8.3020288694742769e-13, 8.3054090391483140e-13
   44,   38,-1.9395470851831901e-07,-1.4643487726306500e-08, 8.8090343515832134e-13, 8.6829777140586275e-13
   44,   39,-9.5325615089139705e-08, 4.8831974134456397e-08, 9.5652663053254425e-13, 9.5024863000603459e-13
   44,   40,-9.0812456148226298e-08, 1.3184639925568200e-07, 1.0701128500327857e-12, 1.0729512053137504e-12
   44,   41, 2.9122944635882502e-07,-1.3059387831892799e-07, 1.1209361025656211e-12, 1.1185607911532948e-12
   44,   42,-1.1280196259865599e-07,-1.8211932956743999e-07, 1.4103665199384489e-12, 1.4155174722590673e-12
   44,   43,-1.7469704193041199e-07,-3.2663361936254498e-07, 1.3669792791730481e-12, 1.3675786009105864e-12
   44,   44, 2.9121756649837301e-08,-2.4163958109395100e-08, 2.5699030133600872e-12, 2.5759630144508889e-12
   45,    0, 1.1159863176213300e-07, 0.0000000000000000e+00, 8.6007709612844713e-14, 0.0000000000000000e+00
   45,    1,-9.9773869313322495e-08, 2.5232909774681698e-07, 7.5361132425750242e-14, 8.6612682027318562e-14
   45,    2, 1.7846801569530000e-07, 1.4702156085617701e-07, 8.9168961949632012e-14, 8.2795213523366342e-14
   45,    3,-1.5252693460152000e-07, 1.1822541062974800e-07, 7.9592447639189707e-14, 8.3792472624347458e-14
   45,    4, 6.3397398399713904e-08,-4.5958313826510600e-08, 1.0391409439459199e-13, 8.3751160596246671e-14
   45,    5,-4.6083526636043802e-08, 4.5401255059442899e-07, 8.2334204832176691e-14, 8.8505959721627649e-14
   45,    6,-2.3047556982774000e-07, 3.8734522409494699e-08, 1.0649198482509763e-13, 8.3267234663387959e-14
   45,    7, 1.3060923234970800e-07, 9.9533530469183804e-08, 9.0439533228008979e-14, 9.6963234533899252e-14
   45,    8,-1.2486189021315801e-07, 1.5092338890100799e-07, 9.6055783678727067e-14, 1.0562594253294182e-13
   45,    9, 2.8195794980449600e-07,-2.2260163485018401e-09, 1.0594935880826567e-13, 1.0412229168856557e-13
   45,   10,-1.1785098964006399e-07, 1.5638552656244701e-07, 1.1383704910108811e-13, 1.2201816272298227e-13
   45,   11, 1.6662013427557701e-07, 4.6232722670784302e-08, 1.1100732885904553e-13, 1.1479302280273974e-13
   45,   12,-1.4902501721933000e-07,-8.9280879507921006e-08, 1.4015794231097458e-13, 1.3829509354527474e-13
   45,   13,-9.6004914088411205e-08,-3.0732570729782597e-07, 1.3231874116391639e-13, 1.3221466979845596e-13
   45,   14, 1.2969316828995600e-07, 1.6210062931587800e-07, 1.6719099813784707e-13, 1.6098131874669723e-13
   45,   15,-2.4695989520473101e-08,-6.3642339903377202e-08, 1.6215998427457152e-13, 1.6310509736682708e-13
   45,   16,-1.6311699471025901e-07,-1.4541097690282899e-07, 1.8711073194165354e-13, 1.8620099912521869e-13
   45,   17, 2.0708325250047302e-09,-8.8599575996660003e-09, 2.0779391836724909e-13, 2.0581736723102911e-13
   45,   18,-2.5501239730735900e-07,-2.8293774200720299e-07, 2.0864056820329060e-13, 2.0983334652640713e-13
   45,   19, 2.7438107343607202e-07, 1.4518835439022700e-07, 2.4820559919684170e-13, 2.4874975741043806e-13
   45,   20, 1.3769306599252699e-07, 2.3150945849262701e-07, 2.2864724920312499e-13, 2.3437532019355556e-13
   45,   21, 1.4753638670640899e-07,-2.0999822673656102e-08, 2.9130544486153475e-13, 2.9194218843052737e-13
   45,   22, 1.5523237015289301e-07,-6.1756288274258098e-08, 2.5258753581638098e-13, 2.5653848942105086e-13
   45,   23, 1.9934675520461299e-07,-3.1839869172729798e-08, 3.3208034861499030e-13, 3.3177922801430626e-13
   45,   24, 8.0420574872965198e-08,-1.7579015260249701e-08, 2.9028119146079814e-13, 2.8934830738798773e-13
   45,   25,-4.1014705122725799e-07,-6.9044729343788204e-08, 3.6838953517780215e-13, 3.6453627608175670e-13
   45,   26,-1.1617748718673299e-07,-4.4041923245541600e-08, 3.4007753639902896e-13, 3.4115799657117903e-13
   45,   27, 8.8238049820119804e-08, 2.3583081676752401e-08, 3.9753086767101435e-13, 3.9804434426683730e-13
   45,   28,-3.2081095086543998e-08,-4.9904408585755000e-09, 3.9827118088881445e-13, 3.9819055595223382e-13
   45,   29, 9.6506976687029797e-08,-7.4043050157495605e-08, 4.3041489901379228e-13, 4.3118195601245902e-13
   45,   30, 2.1795516443727401e-08,-1.2319993823696700e-08, 4.6294608556962028e-13, 4.6231449192635932e-13
   45,   31,-1.2798378747210801e-07,-7.4172689531427901e-09, 4.7100704358550651e-13, 4.7074358941990571e-13
   45,   32,-4.2802240359246498e-08,-6.3708765080883705e-08, 5.2805556952896164e-13, 5.2801117629043211e-13
   45,   33, 1.0773809518514100e-07, 8.9574361077809100e-08, 5.1904018286292069e-13, 5.2066041810985062e-13
   45,   34, 8.1080288016207494e-08, 1.8508503535529600e-07, 5.9270232623120060e-13, 5.9334456060572023e-13
   45,   35, 2.3087249923545000e-07, 8.1335820239688305e-08, 5.7858095597265285e-13, 5.7857689233974427e-13
   45,   36,-2.1796660122451301e-07, 2.0820822524925599e-07, 6.6194530481472525e-13, 6.6129370649442311e-13
   45,   37, 6.3636452622453702e-08,-1.2068739258759801e-08, 6.5437290766675342e-13, 6.5817935851187173e-13
   45,   38,-1.4579969681770700e-07, 8.0583985947393594e-08, 7.3714092303791967e-13, 7.3940746605246984e-13
   45,   39,-3.0503270751597102e-07,-7.4294994546473294e-08, 7.5346250521236739e-13, 7.5694099581267025e-13
   45,   40, 1.2409841386003799e-07, 1.4877038046770301e-07, 8.4329123115041969e-13, 8.4500173410702865e-13
   45,   41,-8.2392128304020098e-08,-1.8475005717583800e-08, 8.8781791591789692e-13, 8.8692271607045541e-13
   45,   42,-2.1426723481183600e-07, 1.3782836093689199e-07, 1.0179682729194176e-12, 1.0179396607438536e-12
   45,   43, 1.8215113331434600e-07,-1.9633045218142600e-07, 1.1036172155655492e-12, 1.1057677752204291e-12
   45,   44, 3.9800495799879599e-09, 1.2450831311900701e-07, 1.3057009394011166e-12, 1.3064654590203702e-12
   45,   45,-3.0870405735421002e-08, 5.8150226688731099e-08, 2.0589194129228395e-12, 2.0676172518432561e-12
   46,    0,-3.3447651667802402e-07, 0.0000000000000000e+00, 7.7694977349505684e-14, 0.0000000000000000e+00
   46,    1,-9.1952415506435002e-08,-8.8453159154928294e-08, 7.8444834317836355e-14, 1.0233192481577521e-13
   46,    2,-6.6654318693768395e-08, 2.5800250910127200e-08, 9.0125982889786552e-14, 7.8352059673452187e-14
   46,    3,-1.2829749926404001e-07,-3.0433405545034298e-07, 8.1483280442545679e-14, 8.2584480428837424e-14
   46,    4, 8.7343397975653498e-08, 2.1292210665909600e-07, 9.7999647810662237e-14, 8.6379264612190571e-14
   46,    5,-1.2880842019955100e-07,-1.7546512047658200e-07, 8.0800096060956092e-14, 8.9386179445773987e-14
   46,    6, 6.4038150281268694e-08,-9.6584504256482399e-08, 1.0414443144160291e-13, 8.3544442561050837e-14
   46,    7, 1.4416644058768999e-07,-3.3483663197117500e-07, 8.6324666095102128e-14, 9.1498268570360998e-14
   46,    8, 1.6046336077055199e-07, 5.3022495802307701e-08, 1.3197875871175024e-13, 9.8077906025660984e-14
   46,    9,-8.2382094792222702e-08,-4.1962047994668800e-07, 9.9525054550461410e-14, 1.0065286935722991e-13
   46,   10, 2.6251320957420500e-09, 4.6280559345239702e-08, 1.2763652402861909e-13, 1.3596502168489132e-13
   46,   11,-2.5646082184060002e-07, 2.0394235641484300e-07, 1.0799941998170545e-13, 1.0918196436435430e-13
   46,   12,-1.2433818569709101e-07,-1.7563359226455300e-07, 1.5837531905627786e-13, 1.5738382681897463e-13
   46,   13, 1.6608306680529399e-07,-1.8408284033879299e-08, 1.2957602778076036e-13, 1.2131007966553843e-13
   46,   14, 1.1048906109203500e-07,-1.7335591964387300e-07, 1.8822096134765214e-13, 1.8808946651003908e-13
   46,   15,-1.0646724330772600e-07,-1.7322695821863501e-07, 1.4590392678847221e-13, 1.5193677213329965e-13
   46,   16, 1.8705487638196901e-07, 1.3903148543804000e-07, 2.1296260591645643e-13, 2.1298859366483090e-13
   46,   17, 1.2490603751228801e-07, 6.2785613409701899e-08, 1.8824882904616546e-13, 1.8301472831332717e-13
   46,   18,-2.0292032952559900e-07, 2.1792487606664801e-07, 2.3720526738291597e-13, 2.3388226591328976e-13
   46,   19, 4.1723914645709497e-08, 3.3154896599310598e-07, 2.2922285438286008e-13, 2.2743577090396390e-13
   46,   20, 5.7692712760404201e-08, 5.9246519980117000e-08, 2.5451784947131893e-13, 2.5110510408777354e-13
   46,   21, 1.0730460539266699e-07, 1.4515463602199401e-07, 2.7224053017916932e-13, 2.7136673757983375e-13
   46,   22,-1.8176986820071101e-09,-2.4800780527221298e-07, 2.7294383525223992e-13, 2.7011019270130382e-13
   46,   23, 1.5981034173596299e-07, 2.7092531449251498e-07, 3.1378577346679342e-13, 3.1818732985310475e-13
   46,   24,-4.1725017355544699e-07, 5.2293784054424703e-09, 2.9690057705980767e-13, 2.9622939316250319e-13
   46,   25,-2.9464051925665201e-08,-5.8358085256358601e-08, 3.5701967279216032e-13, 3.5615181990513550e-13
   46,   26, 9.1246597872440194e-08,-1.3502111638143299e-07, 3.3554100129335220e-13, 3.3724616903140439e-13
   46,   27,-1.4604269920972200e-07,-3.5530035969184002e-09, 3.9893134586989999e-13, 3.9784964871052495e-13
   46,   28, 6.8185136031951607e-08,-1.5744821628159199e-08, 3.8702783814141306e-13, 3.8922071718215245e-13
   46,   29, 8.3078164493512905e-08, 1.0754754197864700e-07, 4.4360878303999468e-13, 4.4679906323862492e-13
   46,   30, 1.1023498053676600e-07,-1.2907317856989000e-07, 4.4548079647464301e-13, 4.4515051126833591e-13
   46,   31, 3.8766432763345897e-08, 2.7294252799370700e-09, 4.9909369872088924e-13, 5.0161594518795587e-13
   46,   32, 3.5771660435354501e-07, 4.3741654240013897e-08, 5.0877463260211346e-13, 5.0803312438271424e-13
   46,   33,-2.1152029509696599e-07,-6.9079354942994097e-08, 5.6440114762086918e-13, 5.6991182056869823e-13
   46,   34, 1.1516102037675100e-07, 2.5457586984049300e-07, 5.7692532974698453e-13, 5.7708742969149090e-13
   46,   35,-2.1928505878839301e-07,-7.6390224105279700e-08, 6.4307130223638351e-13, 6.4306018319218473e-13
   46,   36,-6.3574718782996497e-08, 1.9023916412922999e-07, 6.5180813830990328e-13, 6.5414680193834223e-13
   46,   37,-3.1811295674386898e-08,-5.7622445830756598e-08, 7.3162710169909221e-13, 7.3170384393034597e-13
   46,   38,-2.3882747311150698e-07, 1.7135608942480899e-07, 7.5427472048988766e-13, 7.4526209476243726e-13
   46,   39,-7.9659611104549103e-09,-2.2019800650666400e-07, 8.3225452569098137e-13, 8.2547803638175411e-13
   46,   40, 2.6178174774129401e-08, 3.3814703709480198e-07, 8.8438445412926780e-13, 8.8582037772054036e-13
   46,   41,-2.0557390960046099e-07,-1.3055440441598601e-07, 9.4243819372651253e-13, 9.4012397265360961e-13
   46,   42, 8.9078357668725203e-08,-6.9196908222235097e-10, 1.0852853561124334e-12, 1.0867031314208457e-12
   46,   43,-4.2179334670351500e-08,-1.7776597988955301e-08, 1.1010217902571956e-12, 1.0993633957111063e-12
   46,   44, 2.1138862651169701e-07,-5.3414965986959201e-08, 1.4213330825718194e-12, 1.4259137424255821e-12
   46,   45, 2.1100621341368500e-07,-2.8329318498603000e-07, 1.3493096242605565e-12, 1.3530913265931921e-12
   46,   46, 3.8180074821647402e-08,-1.3172945398313799e-07, 2.5539190534979973e-12, 2.5527416213468320e-12
   47,    0, 1.5766287098879000e-07, 0.0000000000000000e+00, 7.5846992712451698e-14, 0.0000000000000000e+00
   47,    1, 3.0061298500803601e-08, 5.2970058051261000e-08, 7.3409602106511250e-14, 8.9029328840390885e-14
   47,    2, 1.2735248483456600e-07,-1.5712863933230401e-08, 8.2122735231721202e-14, 7.8067076084263280e-14
   47,    3, 1.7487893499728099e-07, 1.7942664401175800e-07, 7.6068152606103280e-14, 7.8976044951589178e-14
   47,    4,-4.9382334376504801e-08,-5.9542228256109403e-08, 8.2282108711356069e-14, 7.7855371052602472e-14
   47,    5,-1.1121781356839300e-07,-6.1344825286356996e-08, 8.0915635281789465e-14, 8.5103807137435840e-14
   47,    6,-7.1094311655797595e-08,-8.8155311725594801e-08, 8.6796547325605989e-14, 9.1398868342655172e-14
   47,    7,-1.8916261120066301e-07,-4.4639948359957799e-08, 8.9948762328301549e-14, 8.9689056350484716e-14
   47,    8,-1.2740644303774701e-07,-2.0496872072339000e-08, 9.6544301162056844e-14, 1.0529934026890777e-13
   47,    9,-7.2666733497383195e-08, 2.0660499373427300e-07, 1.0579146326126220e-13, 9.8352273696864180e-14
   47,   10, 2.5948568524907000e-08, 4.0912912303257398e-07, 1.1260672223930460e-13, 1.1117081563477492e-13
   47,   11, 3.8523755992842899e-08,-8.1119774092004694e-08, 1.2028749755611602e-13, 1.1277576392610499e-13
   47,   12, 1.9826418695300600e-07, 7.4065691799254095e-08, 1.3039591144256353e-13, 1.3092684604965540e-13
   47,   13,-6.7084504747213405e-08, 7.6240795447136700e-08, 1.2844049947607877e-13, 1.2692411614336424e-13
   47,   14,-3.5600826781202400e-08,-1.1758539073030800e-07, 1.6234058183883797e-13, 1.5333582339489661e-13
   47,   15, 4.0195367933670499e-08, 3.5055849220579901e-07, 1.5439319024601987e-13, 1.5753952302418170e-13
   47,   16, 1.3215208623005200e-07, 2.9727051639874302e-07, 1.7882506518137872e-13, 1.7992804950073130e-13
   47,   17,-1.8217530049613600e-07,-2.4481386140735298e-07, 1.9395043585755458e-13, 1.9062076330901004e-13
   47,   18, 7.8536522047119606e-08, 8.5718866716267794e-08, 2.0129556909112749e-13, 1.9902931794529591e-13
   47,   19, 1.9602363894903400e-07, 2.7081778451304802e-08, 2.2909720424650131e-13, 2.3120848155115596e-13
   47,   20,-1.4084590614804801e-07,-9.7652928660339598e-09, 2.1694698060016562e-13, 2.1865923477062246e-13
   47,   21,-6.6540820151009398e-09,-9.0292457700399304e-08, 2.7160509409566631e-13, 2.6993611862693663e-13
   47,   22, 3.5371516459325002e-08, 1.2457912544263100e-08, 2.4119656774007756e-13, 2.4084662581620830e-13
   47,   23,-1.6199935948124301e-07, 2.4009581284856802e-07, 3.0761605456869356e-13, 3.0674881600220592e-13
   47,   24, 4.1646957261015497e-08,-2.8893240184881901e-08, 2.7089334926001534e-13, 2.6854905350327404e-13
   47,   25, 4.7320177490733696e-09,-2.6599522469726101e-08, 3.4269250155445135e-13, 3.4083830460149166e-13
   47,   26, 5.6876829196107002e-08,-1.9112114564210899e-08, 3.1120742745816366e-13, 3.1079793224092402e-13
   47,   27,-6.3435936620204306e-08,-2.1934592973759300e-08, 3.7181418015639195e-13, 3.7174808066667551e-13
   47,   28, 1.6687863406576999e-08,-1.8395692443822801e-07, 3.6278471453372945e-13, 3.6324095774180496e-13
   47,   29,-1.0510487219444700e-07,-1.0313573710744699e-08, 4.0299708656222410e-13, 4.0261207367879417e-13
   47,   30,-5.8154475872203698e-08,-5.1694256661548801e-08, 4.1849458669513099e-13, 4.1784185163272086e-13
   47,   31, 6.3862710816599200e-08,-2.2186607019135199e-07, 4.3651822740338642e-13, 4.3569654516723607e-13
   47,   32, 5.2556823104399397e-08,-1.2531379098814200e-07, 4.7824497603083328e-13, 4.7803133380285567e-13
   47,   33,-4.5956621235127701e-07,-1.4224389303821399e-07, 4.7713899558742618e-13, 4.7794742537928364e-13
   47,   34, 1.0622801125516700e-08,-2.4757017590755301e-07, 5.3528256200539414e-13, 5.3825390629051932e-13
   47,   35,-5.2502787166113397e-08, 2.3996738893430800e-09, 5.2572218356264316e-13, 5.2607077688558380e-13
   47,   36, 1.0840457932800500e-07,-1.9857922315141500e-08, 5.9664143812270372e-13, 5.9694502953859104e-13
   47,   37,-2.1887260605288101e-07,-1.6870109489731599e-07, 5.8233912536976409e-13, 5.8468229528867327e-13
   47,   38, 7.2858961082968804e-08,-1.4205280195820200e-07, 6.6114059822853283e-13, 6.6335664536633464e-13
   47,   39, 2.4188900044649598e-07,-4.5100068494188901e-08, 6.5978574086027656e-13, 6.6173091553792730e-13
   47,   40,-1.5992323798470000e-07, 1.9156319410849300e-07, 7.3550777048794715e-13, 7.3544693437815293e-13
   47,   41,-1.5385491981624300e-07,-2.1231794152051599e-07, 7.6075783009899387e-13, 7.5982052881636415e-13
   47,   42, 1.7063273527307199e-08, 8.5158655520873601e-08, 8.3770467921176177e-13, 8.3776945672693269e-13
   47,   43,-5.3118744496505103e-08, 7.7295458421715601e-08, 8.9310834114659167e-13, 8.9525573412806612e-13
   47,   44, 1.7988660175416900e-07,-2.5921582229298901e-07, 1.0087992362365875e-12, 1.0088301049466276e-12
   47,   45, 7.9221270889387895e-08, 1.8156225188992601e-07, 1.1092394611844905e-12, 1.1125706352670848e-12
   47,   46, 1.1652670463441501e-07, 8.5732049736794199e-08, 1.2999494065796670e-12, 1.2970201735052305e-12
   47,   47, 7.0916183975089198e-09, 1.5850006076110299e-07, 2.0489689715625546e-12, 2.0482706020226525e-12
   48,    0, 1.8384157800221100e-08, 0.0000000000000000e+00, 7.7548690940338485e-14, 0.0000000000000000e+00
   48,    1, 1.6473518454082501e-07,-8.1961237770527900e-08, 7.4472230392313768e-14, 7.3970851503104011e-14
   48,    2,-5.2394905968143597e-08,-2.8974819341489298e-08, 8.0434413926171207e-14, 7.4523463815576767e-14
   48,    3,-1.3009011274441899e-07, 1.0237814918284200e-08, 7.5795600162940242e-14, 7.5236531761067584e-14
   48,    4, 1.0384606446242400e-07,-2.3844892503574400e-08, 7.9545109786101611e-14, 7.9683732956017544e-14
   48,    5, 1.7203932002934699e-09,-1.4122718363919899e-07, 7.7625091793908933e-14, 8.3738806628210207e-14
   48,    6, 9.6746264829059798e-08, 5.5298443056098203e-09, 8.2714651796543461e-14, 8.6786397470010888e-14
   48,    7, 2.0135559432273499e-07,-1.6288939091297100e-08, 8.7114545411876815e-14, 8.8357719051714593e-14
   48,    8, 6.6972334502286203e-08, 1.3592303424217500e-08, 9.8127802649945957e-14, 9.8460751164774011e-14
   48,    9,-3.2687758365234000e-08,-1.4974597923648699e-07, 9.4526653019968094e-14, 9.6903808660033373e-14
   48,   10, 1.5753653712617300e-07,-1.7176524405424300e-09, 1.2506751655793846e-13, 1.1962586826981194e-13
   48,   11, 8.0124829699897395e-08,-1.9357749662483401e-07, 1.0771667814306073e-13, 1.0450499242639075e-13
   48,   12,-2.2460239673554400e-07, 1.8628073312468199e-07, 1.4876239345014176e-13, 1.5126854497787001e-13
   48,   13, 1.2573590232475600e-07, 1.6934275783140601e-07, 1.2014474624249400e-13, 1.2347961838489528e-13
   48,   14,-4.6496833200022197e-08,-4.8931241684704698e-08, 1.8150330024887892e-13, 1.7771673739313639e-13
   48,   15, 6.9481309533268896e-08, 1.6172851930123399e-07, 1.4034455320423000e-13, 1.4509504502614917e-13
   48,   16,-2.2735819607460900e-07, 1.8046950733848901e-08, 2.0729632396739719e-13, 2.0322981987615241e-13
   48,   17, 3.4195466365409900e-08, 1.8029896170915799e-07, 1.7443454402798973e-13, 1.7286994191046613e-13
   48,   18, 2.1002907176357500e-07, 1.4814247973448299e-07, 2.2237737024847802e-13, 2.2307207139443958e-13
   48,   19,-1.7320092360830600e-07,-1.2806995764615899e-07, 2.1204773938444562e-13, 2.1331322357710386e-13
   48,   20,-9.3774661621943900e-08,-1.4082261005465801e-07, 2.3949421552515503e-13, 2.4033596654200348e-13
   48,   21,-3.0530001329083999e-08,-4.2336710801534001e-08, 2.5508571536388146e-13, 2.5431009452143514e-13
   48,   22,-1.4821205745702600e-07,-1.2572510499513700e-07, 2.5680695406698328e-13, 2.5686973909225593e-13
   48,   23, 8.9544048546128198e-08, 7.7064896504770904e-08, 2.9362919903716083e-13, 2.9294313783435758e-13
   48,   24, 1.6107398195851700e-07,-2.2338442396666299e-07, 2.7983654743752959e-13, 2.8121329086522761e-13
   48,   25, 2.7208090996211000e-07, 1.3741274930638201e-07, 3.3237639274837781e-13, 3.3067405662492589e-13
   48,   26,-3.1808109784421801e-08,-9.3900256927892594e-08, 3.1153499018494142e-13, 3.1330088065440642e-13
   48,   27,-2.3049039458968699e-08,-1.2058495669397901e-07, 3.6943752693820926e-13, 3.6923331879589300e-13
   48,   28, 2.4699366091847002e-07, 1.0668915115019700e-07, 3.5602066466230981e-13, 3.5795654002095362e-13
   48,   29, 2.5906015709919001e-08,-7.6852652357413998e-08, 4.0865065638015559e-13, 4.1450710388202961e-13
   48,   30, 1.9338699404886000e-07, 5.4180753825435001e-08, 4.0827119858926994e-13, 4.0774610159977460e-13
   48,   31, 8.2329714270299296e-08, 7.8657164499277906e-08, 4.5592273653181993e-13, 4.5760783770353901e-13
   48,   32,-1.5945928228010799e-07, 8.5206958578585095e-08, 4.6338692106934713e-13, 4.6171577230959199e-13
   48,   33,-9.4591475693359405e-08,-3.7343361473736400e-07, 5.1169406627667619e-13, 5.1443487144067620e-13
   48,   34, 7.9323638498198601e-08, 1.9744069465749400e-07, 5.2114226389501267e-13, 5.2081176087579016e-13
   48,   35, 9.6964048766636904e-08, 1.9418855696364900e-07, 5.7812215014259484e-13, 5.7934076639221595e-13
   48,   36, 1.5777839227342299e-07,-1.5514977850593400e-08, 5.8587345376585867e-13, 5.8657483658314709e-13
   48,   37, 1.7069903316056100e-07, 2.3479987093593900e-07, 6.5362328184191010e-13, 6.5335204602815194e-13
   48,   38, 3.4520093581490599e-07,-1.6866970607985499e-07, 6.6380131927840979e-13, 6.5530653099624920e-13
   48,   39,-2.2445635588739600e-07, 1.3708780297139799e-07, 7.3967423741022681e-13, 7.3440251741798751e-13
   48,   40,-1.1983616793949799e-07, 9.6872506720196495e-09, 7.5663420101348293e-13, 7.5718141054043722e-13
   48,   41, 1.4925607692179499e-07,-3.0473829849314299e-08, 8.2715974647965860e-13, 8.2483676078566626e-13
   48,   42, 8.0232490237260206e-08, 4.1400158749672000e-08, 8.9520683000506497e-13, 8.9578970685999501e-13
   48,   43,-5.8416297327133101e-08,-4.7126985187950200e-08, 9.2969800384985308e-13, 9.2883405180927938e-13
   48,   44,-1.3875221088206900e-07,-6.2796076775132701e-08, 1.0983173857459581e-12, 1.1019695053653858e-12
   48,   45,-9.8644012454710600e-09, 1.6929530765652101e-07, 1.0808100859010677e-12, 1.0832683251175713e-12
   48,   46,-1.3607343068059500e-07,-2.3886345792310900e-07, 1.4333695947829886e-12, 1.4320288591246861e-12
   48,   47,-4.9044854748976701e-08,-1.3876918881108401e-08, 1.3374855984407620e-12, 1.3385375402926002e-12
   48,   48, 1.1682202067796099e-07,-8.1525558628516006e-08, 2.5328037493902572e-12, 2.5365732856483035e-12
   49,    0, 3.2059000176383402e-09, 0.0000000000000000e+00, 8.3579410114382598e-14, 0.0000000000000000e+00
   49,    1,-8.9373754270932499e-08, 1.8399523206634200e-07, 7.6097824995601330e-14, 7.6702841027915872e-14
   49,    2,-1.1294148107521100e-07,-1.1332187245598200e-07, 9.0538605346555649e-14, 7.5856164783163589e-14
   49,    3, 7.9904872330995394e-08, 1.9086847186509299e-07, 7.5801612997751654e-14, 8.6804689325713083e-14
   49,    4,-1.7570106875196599e-07, 2.2200124997000101e-08, 8.1315659255937395e-14, 7.8956644639109039e-14
   49,    5,-8.5034637222639304e-10,-1.5923899004282299e-08, 7.9536543516274139e-14, 8.8687461063634703e-14
   49,    6,-7.0651289914207906e-08, 9.4098344702074604e-08, 8.2884038571242506e-14, 8.3363082741681165e-14
   49,    7,-5.5443013366624099e-08, 1.1972139516562400e-07, 9.0244584736500443e-14, 1.0010042293681982e-13
   49,    8,-3.0683583424905298e-07, 1.0322413410348801e-07, 9.6778261881086024e-14, 9.3449515614679573e-14
   49,    9, 5.2091657916270797e-08, 1.3589072562325001e-07, 1.0064408381832860e-13, 1.0822668736830047e-13
   49,   10,-1.4414736775532700e-07, 1.4250085801917000e-07, 1.0559299644386715e-13, 1.0661596993415325e-13
   49,   11,-1.6219083757200399e-08,-1.3487798076788500e-07, 1.0887525750167551e-13, 1.0994462696647031e-13
   49,   12,-3.2363971440063102e-08, 1.1510545817724400e-07, 1.2804257056886303e-13, 1.2875000486281817e-13
   49,   13,-2.3996870474670301e-07,-6.2616544464672293e-08, 1.2309809545700330e-13, 1.2264378513845230e-13
   49,   14, 7.6539755197474198e-08,-3.8811209370086899e-08, 1.4762803648426724e-13, 1.5046172036131835e-13
   49,   15,-8.3689204023002306e-08, 9.6994390121389906e-08, 1.4579629802102572e-13, 1.4724815779505590e-13
   49,   16, 9.4280662477039996e-08, 7.9418053628023497e-08, 1.7190376774934757e-13, 1.6977092225759165e-13
   49,   17, 2.0616387449973399e-07, 8.6126054842676495e-08, 1.8104821176611904e-13, 1.7786068418652422e-13
   49,   18,-1.3799981431343600e-07, 1.7190051323902601e-07, 1.9215432854230176e-13, 1.9164512047846836e-13
   49,   19,-7.0485843924165302e-08,-7.1875047837485905e-08, 2.1382295641730430e-13, 2.1635946046203058e-13
   49,   20,-7.1147973396816993e-08,-7.6405888502184096e-08, 2.1165765313860394e-13, 2.1199495925244822e-13
   49,   21,-8.9996753466465305e-08, 3.4379105064588600e-07, 2.5250438799880727e-13, 2.5310006764451622e-13
   49,   22,-2.0108009697274701e-07,-4.6985772362565500e-08, 2.3146501521351018e-13, 2.2944352559085595e-13
   49,   23, 3.7781951053164401e-08,-7.9505166783437306e-08, 2.8776505432962586e-13, 2.8759847905309007e-13
   49,   24, 8.3885495854000702e-08, 1.6264588834281199e-08, 2.5525937069390847e-13, 2.5589095621106468e-13
   49,   25,-3.7349407250658599e-07, 1.8455989812657299e-07, 3.2063171204858178e-13, 3.1871834369600035e-13
   49,   26, 2.3622034926062698e-08, 3.2252394147064901e-08, 2.9287520142917611e-13, 2.8993510068336400e-13
   49,   27, 7.6356136869422095e-08, 2.2718746376852299e-07, 3.4930704515283558e-13, 3.5027174250713596e-13
   49,   28, 2.7903464889682500e-08,-3.0725851021823799e-08, 3.3291487799752536e-13, 3.3330722113964232e-13
   49,   29,-8.9277786295751604e-08,-1.8230557499904501e-07, 3.7667209112055979e-13, 3.7785436215543671e-13
   49,   30, 2.1113830187937100e-07, 2.5640345182615403e-07, 3.8310071975686673e-13, 3.8374688552869574e-13
   49,   31,-6.0188338530219495e-08, 1.9775745451992499e-07, 4.0932683749443736e-13, 4.0792318084122547e-13
   49,   32,-4.7989056622994200e-08, 7.0217643844295802e-08, 4.3466444540363081e-13, 4.3343406414316553e-13
   49,   33, 3.9207338950508898e-08, 1.0734001703597700e-07, 4.4222916110614144e-13, 4.4307731080403047e-13
   49,   34, 1.6264947706726299e-07, 1.1344573508255001e-07, 4.8841214342886637e-13, 4.8864847548138839e-13
   49,   35, 1.1150404882135400e-07, 2.2968553943348201e-07, 4.8309483454017650e-13, 4.8427828870854688e-13
   49,   36,-1.3790025309625799e-07,-6.5909450296226006e-08, 5.4227947921444078e-13, 5.4212473570892741e-13
   49,   37,-2.0105413182618000e-07,-1.4811725833277700e-07, 5.3099064422305816e-13, 5.3191256242640391e-13
   49,   38,-3.3695921115404299e-08,-3.4879307912565600e-07, 6.0003706786600723e-13, 6.0182949189755768e-13
   49,   39,-1.8199564670847900e-07,-3.3554801965720697e-08, 5.8767688004457297e-13, 5.8753647612870635e-13
   49,   40, 6.5920142737229495e-08,-1.3917637326182499e-08, 6.6437991866960777e-13, 6.6337694983248462e-13
   49,   41, 1.1932021106667500e-07,-3.0758507483886002e-07, 6.6470192117186355e-13, 6.6413315262316311e-13
   49,   42, 7.7562092035594401e-10,-1.5172353812201799e-07, 7.3444640795562230e-13, 7.3402206512702002e-13
   49,   43,-1.0860502451327700e-07,-1.1842187581464500e-07, 7.6427695637396270e-13, 7.6546117172173947e-13
   49,   44, 1.8188819587876501e-07, 1.9062799916711100e-07, 8.3237457812752328e-13, 8.3248100017129179e-13
   49,   45, 3.3856170934651799e-08,-1.5597105291121701e-10, 9.0055246765118986e-13, 9.0282844943907028e-13
   49,   46, 1.2034750688527701e-07,-5.2359656464440999e-08, 1.0011055333169666e-12, 9.9748252912239186e-13
   49,   47, 6.8966482101476901e-08, 2.0189002065820901e-07, 1.1201868023229062e-12, 1.1164440546112001e-12
   49,   48, 6.9563615173101102e-08,-8.4855727524478703e-08, 1.2910113226802987e-12, 1.2914265277015094e-12
   49,   49,-1.0883892701215900e-07,-4.3694987175481299e-08, 2.0353798632235553e-12, 2.0366141005970080e-12
   50,    0, 6.3472866436336301e-09, 0.0000000000000000e+00, 8.0397165198446786e-14, 0.0000000000000000e+00
   50,    1,-4.7225875207800302e-08,-1.1484313107101200e-07, 7.6332466118429617e-14, 7.8704568359942722e-14
   50,    2, 8.5067639679122303e-08, 3.8788605713722198e-08, 8.0831093341229541e-14, 7.7741778780291705e-14
   50,    3, 1.0725193003222500e-07, 5.2924754228836598e-08, 7.7539667884472570e-14, 8.2026129108719915e-14
   50,    4, 4.4350000262322898e-08,-6.4328106412416603e-08, 8.2109847028610192e-14, 8.2629228855816690e-14
   50,    5,-2.6329925492912402e-07,-1.7875370831273700e-09, 8.4643874759748230e-14, 9.8013996261793592e-14
   50,    6, 3.6596199095314298e-07,-6.0975825600179306e-08, 8.9866182096359252e-14, 8.2475312672853713e-14
   50,    7, 2.0805428962131501e-07, 3.3089808836308298e-08, 9.1481168983383815e-14, 1.1350766150818327e-13
   50,    8, 1.7458069123270201e-07,-1.2651590161834700e-07, 9.9640105099344490e-14, 9.9385377317269960e-14
   50,    9, 5.9144428365513299e-08,-2.2913579401660500e-08, 9.6024450491514401e-14, 1.0014596106955215e-13
   50,   10, 9.0199777153309495e-08, 1.4814841486582799e-08, 1.1630663308365122e-13, 1.1621718609728028e-13
   50,   11,-4.7021649807077503e-08,-1.0111647807197900e-07, 1.0395881802785709e-13, 1.0342378555286050e-13
   50,   12,-5.2502527523748399e-08, 9.6584328434385596e-09, 1.4269709370177980e-13, 1.4165954714278209e-13
   50,   13, 1.2254071524198300e-07,-2.0951888490647600e-10, 1.1491807302819055e-13, 1.1509343083628098e-13
   50,   14, 1.3815354549046500e-07, 7.0445799454745804e-08, 1.6804571677394524e-13, 1.6811872034443495e-13
   50,   15,-2.0152108122706499e-07, 4.9342180443620202e-08, 1.3540424185555095e-13, 1.3549632813759169e-13
   50,   16, 3.5226954281665898e-08,-5.0906648403074497e-09, 1.9377971156496596e-13, 1.9696941439889069e-13
   50,   17,-1.1225654593702700e-07,-2.1457977202329399e-07, 1.6506749924777210e-13, 1.6301016042641199e-13
   50,   18,-8.7858430340535504e-08,-1.4953135880849400e-07, 2.1754879012020286e-13, 2.1409390514445080e-13
   50,   19, 8.9729174059540505e-08,-1.5989786506833799e-07, 2.0055936038388970e-13, 2.0285325932319605e-13
   50,   20,-1.5780219771049499e-07,-6.3379440858358806e-08, 2.3029897999979224e-13, 2.3041984157882952e-13
   50,   21, 4.8657882801159999e-08,-6.1203177648349904e-09, 2.3832374452377504e-13, 2.3707600579795746e-13
   50,   22, 2.0101128521234899e-07,-1.7737805734426601e-08, 2.4623637944624437e-13, 2.4454953143542718e-13
   50,   23, 8.7322308823080495e-08,-9.3394230800316694e-08, 2.7391882423972472e-13, 2.7944105428401451e-13
   50,   24, 1.3875090979596399e-07,-1.0510478356386901e-07, 2.6511983038082916e-13, 2.6690958671814053e-13
   50,   25, 1.2857998187502700e-07, 4.8938340319572799e-08, 3.0963468165448056e-13, 3.0995540562417521e-13
   50,   26, 8.7051345471016504e-08, 9.1776793871526101e-08, 2.9271014034686098e-13, 2.9438282488761362e-13
   50,   27, 5.8159098918082703e-08, 8.5560599817878704e-08, 3.4467104997147932e-13, 3.4408185505994932e-13
   50,   28,-3.0488480634455903e-08,-1.9153701815071100e-07, 3.2969606828443070e-13, 3.3109163489076306e-13
   50,   29,-5.9349488509347898e-08,-8.8926738075922596e-08, 3.7921633400611256e-13, 3.8274861898857514e-13
   50,   30,-1.0737932780214900e-07, 5.8165479422930799e-08, 3.7663825395411472e-13, 3.7684407051532880e-13
   50,   31,-2.5023016625299901e-07,-1.5354578533027401e-07, 4.2151155607972149e-13, 4.2303402850568213e-13
   50,   32, 1.1141073862912200e-07, 1.7856620822052401e-08, 4.2570121103055513e-13, 4.2620363780553522e-13
   50,   33,-9.9193927484467305e-08, 6.9789225889371399e-08, 4.6737341944864986e-13, 4.6988460855379125e-13
   50,   34,-6.7293550798374401e-08,-6.4306554139355798e-08, 4.7643418691624648e-13, 4.7612116443092062e-13
   50,   35, 5.3429443949903104e-09, 9.8421596210756802e-08, 5.2435878853047772e-13, 5.2644389099124618e-13
   50,   36,-1.4930378392076399e-07,-4.4639649128648600e-08, 5.3065801321104337e-13, 5.3260940516691771e-13
   50,   37, 2.2933223096244700e-07, 7.4820427922842401e-08, 5.9062506416166959e-13, 5.8887800645205540e-13
   50,   38, 1.6367040665628700e-07, 1.9304951371219500e-07, 5.9621399416617083e-13, 5.8998800410789338e-13
   50,   39,-1.2109403446518601e-09, 6.5990426433746799e-08, 6.6438955824128415e-13, 6.5993114276101112e-13
   50,   40, 1.9894766322287500e-07,-1.2227084224797901e-07, 6.6530143661691949e-13, 6.6471488063345448e-13
   50,   41, 5.1021523917587598e-08, 1.8971805196935101e-08, 7.4220804536506329e-13, 7.4008412701339484e-13
   50,   42,-4.1747119185464797e-08, 6.6115909093395794e-08, 7.6443901705166165e-13, 7.6518902384895923e-13
   50,   43, 2.0432646856652801e-07, 2.6145762360773901e-07, 8.2336442074113164e-13, 8.2247420894756334e-13
   50,   44, 1.9676707146327601e-07, 1.8518638008117101e-07, 9.0561811286967345e-13, 9.0721695486306056e-13
   50,   45,-2.7029035143105303e-07, 3.5480799625478601e-09, 9.1741519465433802e-13, 9.1904786284125884e-13
   50,   46,-3.0776472534812502e-07, 1.0078608989557700e-08, 1.1138712083248689e-12, 1.1128407945129749e-12
   50,   47,-5.4149520123125896e-09, 5.2053563496124899e-08, 1.0649511876644134e-12, 1.0663082173060366e-12
   50,   48, 1.1968215723438200e-07,-3.6974973413260700e-07, 1.4394376272031390e-12, 1.4428462554361025e-12
   50,   49,-2.4630606509429101e-08, 1.6295285912483400e-07, 1.3256704616521354e-12, 1.3289402696455217e-12
   50,   50, 2.8515418988801699e-07, 5.7934381764652502e-08, 2.5127218466948925e-12, 2.5231725957829617e-12
