t,x,y,z,earth_x,earth_y,earth_z,moon_x,moon_y,moon_z,sx,sy,sz
0,-27911484620.500992,132057667162.60143,57292476170.973373,-27566740482.811371,132361381153.54871,57418653286.25367,-27858348866.999237,132094664319.6947,57342550798.947128,1.1679711468219323,0.0081906811840307941,-0.094095695770458551
7178.2738504748058,-28120674380.825985,132016730303.46358,57274570715.681129,-27780517008.260498,132325133102.58604,57402938054.081482,-28067459272.136253,132053677325.13573,57324684618.86702,1.1680599951120536,0.0048723503959880055,-0.094192106834351225
14356.547700949612,-28329716755.802299,131975582887.54102,57256588625.90844,-27994237245.425117,132288598890.81375,57387098909.66716,-28276421137.096714,132012489893.53146,57306719049.375725,1.1680990701725,0.0015539197569682133,-0.094228800721378958
21534.821551424418,-28538612286.118923,131934225698.59473,57238530260.619377,-28207900714.749901,132251778579.78561,57371135879.023491,-28485235646.257378,131971103403.08313,57288654742.752907,1.1680884548409332,-0.0017619165297164412,-0.094205916645997576
28713.095401899223,-28747361508.242435,131892659524.34277,57220395969.914024,-28421506936.576599,132214672232.03001,57355048988.546837,-28693904002.878334,131929519205.71205,57270492343.051102,1.1680282896286507,-0.0050724764134927941,-0.094123609737070568
35891.369252374032,-28955964955.008137,131850885156.94412,57202186095.309158,-28635055431.149612,132177279911.05066,57338838265.017792,-28902427428.744797,131887738626.98586,57252232486.039368,1.1679187723274425,-0.0083750907159566845,-0.093982050961839675
43069.643102848837,-29164423156.214973,131808903393.4707,57183900970.008652,-28848545718.621483,132139601681.3273,57322503735.601753,-29110807163.813072,131845762966.04271,57233875799.146553,1.1677601575869143,-0.011667103851786528,-0.093781427075202442
50247.916953323642,-29372736639.224094,131766715036.36794,57165540919.163567,-29061977319.05838,132101637608.31656,57306045427.849586,-29319044465.860268,131803593495.51347,57215422901.404137,1.1675527564633728,-0.014945874547765876,-0.093521940593947375
57426.190803798447,-29580905929.560875,131724320893.90395,57147106260.122002,-29275349752.445488,132063387758.45271,57289463369.698219,-29527140610.137428,131761231461.44189,57196874403.388489,1.1672969359385419,-0.018208776558916801,-0.093203809795054146
64604.464654273259,-29788931551.520306,131681721780.6076,57128597302.668564,-29488662538.692413,132024852199.14851,57272757589.471329,-29735096889.025612,131718678083.20253,57178230907.16256,1.1669931184090221,-0.021453199379375235,-0.09282726873827235
71782.738504748064,-29996814028.775597,131638918517.69582,57110014349.253372,-29701915197.638512,131986030998.79602,57255928115.879936,-29942914611.69458,131675934553.4165,57159493006.216949,1.1666417811451171,-0.024676548946096898,-0.092392567312970741
78961.012355222876,-30204553884.989986,131595911933.49034,57091357695.210411,-29915107249.05822,131946924226.76749,57238974978.023064,-30150595103.763695,131633002037.86496,57140661285.410278,1.1662434557191963,-0.027876248334098158,-0.091899971309457415
86139.286205697674,-30412151644.43161,131552702863.82442,57072627628.964951,-30128238212.666351,131907531953.41624,57221898205.38842,-30358139706.964661,131589881675.40042,57121736320.908867,1.1657987274039445,-0.031049738440042898,-0.091349762515027327
93317.560056172486,-30619607832.591484,131509292152.43973,57053824432.229828,-30341307608.123371,131867854250.07762,57204697827.853035,-30565549778.805756,131546574577.85568,57102718680.125671,1.1653082345392367,-0.034194478653520308,-0.090742238835304176
100495.83390664728,-30826922976.804577,131465680651.37402,57034948380.190193,-30554314955.040657,131827891189.06987,57187373875.683937,-30772826692.237152,131503081829.95064,57083608921.658424,1.1647726678684209,-0.037307947513572283,-0.090077714441425427
107674.1077571221,-31034097606.87402,131421869221.34009,57015999741.676369,-30767259772.985767,131787642843.69521,57169926379.538841,-30979971835.317032,131459404489.19687,57064407595.227066,1.1641927698432468,-0.040387643348706481,-0.089356519944467375
114852.38160759689,-31241132255.698589,131377858732.0963,56996978779.324432,-30980141581.487667,131747109288.24066,57152355370.466827,-31186986610.878113,131415543585.80002,57045115241.610329,1.1635693338977944,-0.043431084898696785,-0.088579002597164447
122030.65545807169,-31448027459.903549,131333650062.80972,56977885749.723961,-31192959900.041985,131706290597.97928,57134660879.909065,-31393872436.194271,131371500122.56018,57025732392.581543,1.1629032036907463,-0.04643581191650889,-0.087745526524942261
129208.92930854652,-31654783760.475101,131289244102.41211,56958720903.552544,-31405714248.11628,131665186849.17097,57116842939.699486,-31600630742.64695,131327275074.77013,57006259570.843628,1.1621952723160944,-0.049399385748635144,-0.086856472987268327
136387.2031590213,-31861401703.398666,131244641749.94963,56939484485.696449,-31618404145.155251,131623798119.06374,57098901582.065529,-31807262975.390972,131282869390.11172,56986697289.963394,1.1614464814823497,-0.052319389892157862,-0.085912240670866488
143565.47700949613,-32067881840.301334,131199843914.92711,56920176735.356857,-31831029110.58606,131582124485.89465,57080836839.628853,-32013770593.019588,131238283988.55049,56967046054.304916,1.1606578206595841,-0.05519343052712445,-0.084913246016217553
150743.75085997093,-32274224729.098869,131154851517.64748,56900797886.14106,-32043588663.823555,131540166028.89098,57062648745.406067,-32220155067.228275,131193519762.22835,56947306358.962273,1.1598303261943512,-0.058019137022915689,-0.083859923579578569
157922.02471044575,-32480430934.647713,131109665489.54752,56881348166.137901,-32256082324.275612,131497922828.27132,57044337332.809479,-32426417882.477192,131148577575.35477,56927478689.691505,1.1589650803913247,-0.060794162417091999,-0.082752726432500048
165100.29856092055,-32686501029.402576,131064286773.53058,56861827797.976807,-32468509611.348423,131455394965.24673,57025902635.647842,-32632560535.651871,131103458264.09659,56907563522.841835,1.158063210563318,-0.063516183865125905,-0.081592126600413803
172278.57241139535,-32892435594.079887,131018716324.29779,56842236998.869995,-32680870044.451843,131412582522.02188,57007344688.127136,-32838584535.721985,131058162636.46623,56887561325.286247,1.1571258880447872,-0.066182903060234125,-0.080378615543041598
179552.08676825155,-33100964839.54583,130972346676.2455,56822314649.447975,-32895979368.470001,131368911864.58397,56988414837.245758,-33047222571.418842,131012086989.53683,56867205438.951973,1.1561412120938614,-0.068826267247458897,-0.079095558870782498
186825.60112510779,-33309356163.606403,130925782184.99255,56802320419.923737,-33111019059.360531,131324949198.31725,56969358515.712135,-33255741939.907093,130965831898.48853,56846761132.385971,1.1551226905664522,-0.071408179317341572,-0.077759256303931323
194099.11548196399,-33517610200.630367,130879023882.89912,56782254519.318466,-33325988617.194664,131280694611.87106,56950175760.364655,-33464144246.803181,130919398114.75412,56826228861.075195,1.1540716737647458,-0.073926327674095738,-0.076370283708877038
201372.6298388202,-33725727596.597561,130832072816.16991,56762117150.918091,-33540887542.070488,131236148194.9472,56930866608.463699,-33672431108.987129,130872786359.60294,56805609070.216133,1.1529895538442354,-0.076378428029241399,-0.074929239986832291
208646.14419567643,-33933709009.856121,130784930045.21625,56741908512.211235,-33755715334.11882,131191310038.30106,56911431097.692505,-33880604154.223568,130825997324.01672,56784902194.637634,1.1518777635679225,-0.078762223673724249,-0.073436747859874793
215919.65855253264,-34141555111.893486,130737596645.02429,56721628794.802361,-33970471493.509132,131146180233.74304,56891869266.157982,-34088665020.779152,130779031668.56541,56764108658.723221,1.1507377750172918,-0.081075485712347295,-0.071893454722662536
223193.17290938887,-34349266588.122974,130690073705.53084,56701278184.298828,-34185155520.455505,131100758874.1398,56872181152.391579,-34296615357.036209,130731890023.28262,56743228876.333107,1.1495710982578773,-0.08331601326028476,-0.070300033565306008
230466.68726624508,-34556844138.687996,130642362332.00859,56680856860.170555,-34399766915.222664,131055046053.41545,56852366795.350136,-34504456821.102348,130684572987.54121,56722263250.725807,1.1483792799579591,-0.085481633601532769,-0.06865718397114097
237740.20162310128,-34764288479.286224,130594463645.46248,56660364995.580757,-34614305178.13205,131009041866.55296,56832426234.416748,-34712191080.415932,130637081129.92918,56701212174.479538,1.1471639019568485,-0.087570202309540435,-0.066965633195059882
245013.71597995749,-34971600342.016319,130546378783.03896,56639802757.186203,-34828769809.567909,130962746409.59532,56812359509.401604,-34919819811.347206,130589414988.12592,56680076029.413406,1.1459265797805747,-0.089579603330379981,-0.065226137328177863
252287.23033681372,-35178780476.250145,130498108898.45013,56619170304.905373,-35043160309.983521,130916159779.64682,56792166660.542854,-35127344698.794914,130541575068.77931,56658855186.508522,1.1446689611012344,-0.091507749029419508,-0.063439482554219259
259560.74469366996,-35385829649.533813,130449655162.41454,56598467791.652565,-35257476179.907372,130869282074.87431,56771847728.507477,-35334767435.778374,130493561847.38385,56637550005.829033,1.1433927241372388,-0.093352580202274188,-0.061606486504424102
266834.25905052619,-35592748648.521194,130401018763.11659,56577695363.036095,-35471716919.949509,130822113394.50842,56751402754.392113,-35542089723.024696,130445375768.15971,56616160836.443214,1.1420995759884707,-0.095112066052306182,-0.059727999717977709
274107.77340738237,-35799538279.944145,130352200906.68658,56556853157.018387,-35685882030.807831,130774653838.8447,56730831779.723953,-35749313268.551277,130397017243.93349,56594688016.344704,1.1407912509039937,-0.096784204135972704,-0.057804907214915539
281381.2877642386,-36006199371.6241,130303202817.70311,56535941303.535698,-35899971013.274529,130726903509.24487,56710134846.46154,-35956439787.243256,130348486656.02046,56573131872.373909,1.1394695084752118,-0.09836702027946824,-0.055838130189848116
288654.80212109478,-36212732773.530235,130254025739.7198,56514959924.074944,-36113983368.242554,130678862508.138,56689311996.995674,-36163471000.425964,130299784354.10892,56551492720.139725,1.1381361317500096,-0.099858568469652742,-0.053828627834680384
295928.31647795101,-36419139358.890129,130204670935.81812,56493909131.204872,-36327918596.712143,130630530939.02151,56668363274.1502,-36370408635.432327,130250910656.14639,56529770863.941582,1.1367929252606999,-0.10125693072364589,-0.051777399299598605
303201.83083480725,-36625420025.359406,130155139689.18768,56472789028.058678,-36541776199.797432,130581908906.4624,56647288721.182869,-36577254425.165031,130201865848.22858,56507966596.692024,1.1354417129595731,-0.10256021694233645,-0.049685485802053821
310475.34519166348,-36831575696.257759,130105433303.73573,56451599707.764763,-36755555678.73307,130532996516.09824,56626088381.786171,-36784010107.653549,130152650184.49066,56486080199.83976,1.1340843360532022,-0.1037665647537649,-0.047553972893881219
317748.85954851966,-37037607321.879471,130055553104.72661,56430341252.822205,-36969256534.881012,130483793874.63815,56604762300.088112,-36990677425.605911,130103263887.0016,56464111943.293373,1.1327226507284691,-0.10487413935446104,-0.045383992897462651
325022.37390537589,-37243515880.887596,130005500439.45209,56409013734.417007,-37182878269.737236,130434301089.86394,56583310520.653076,-37197258125.955238,130053707145.66162,56442062085.345757,1.1313585257598486,-0.10588113335717288,-0.043176727523013013
332295.88826223207,-37449302381.801849,129955276677.93274,56387617211.675003,-37396420384.938637,130384518270.63084,56561733088.48259,-37403753959.401016,130003980118.1028,56419930872.59935,1.1299938399887186,-0.10678576665626235,-0.040933410678663178
339569.4026190883,-37654967864.59153,129904883213.65009,56366151730.846878,-37609882382.269943,130334445526.86858,56540030049.016113,-37610166679.945114,129954082929.59357,56397718539.892258,1.1286304796634161,-0.10758628632295303,-0.038655331486663939
346842.91697594454,-37860513402.385323,129854321464.30901,56344617324.42083,-37823263763.670662,130284082969.58209,56518201448.131813,-37816498044.422569,129904015672.94673,56375425310.225388,1.1272703356258487,-0.1082809665445295,-0.036343837518253833
354093.84766801936,-38065302453.02504,129803750637.44055,56323081193.30938,-38035901877.475105,130233588430.19307,56496315692.078575,-38022109538.599464,129853934654.08647,56353120988.525337,1.1259194977647233,-0.108866453764208,-0.034007662668058707
361344.77836009418,-38269974538.019936,129753015457.53323,56301476583.595268,-38248458887.26368,130182806097.67117,56474305245.466019,-38227643674.136421,129803684708.89294,56330736678.51342,1.1245756103701328,-0.10934341358866563,-0.031641142258088027
368595.709052169,-38474530830.446877,129702117405.77527,56279803480.558723,-38460934300.102188,130131736085.1859,56452170155.052628,-38433102197.129913,129753265832.50087,56308272565.571442,1.1232405420255487,-0.10971021707504783,-0.029245806348976739
375846.63974424382,-38678972544.32856,129651057990.51288,56258061851.555061,-38673327623.237434,130080378506.97154,56429910468.033028,-38638486854.572929,129702677987.67026,56285728823.11422,1.1219161530189947,-0.10996526266561538,-0.026823257930468494
383097.57043631864,-38883300937.127052,129599838748.0872,56236251644.694115,-38885638364.104462,130028733478.32768,56407526232.038727,-38843799393.867958,129651921104.71811,56263105612.523895,1.1206042916320547,-0.11010697667569867,-0.024375177395579369
390348.50112839346,-39087517312.456306,129548461243.66495,56214372787.409492,-39097866030.333733,129976801115.61971,56385017495.138763,-39049041562.335037,129600995081.45485,56240403083.085754,1.1193067901930212,-0.11013381398284365,-0.021903327315032466
397599.43182046822,-39291623023.036705,129496927072.04884,56192425184.909615,-39310010129.758453,129924581536.27922,56362384305.840324,-39254215106.715172,129549899783.12631,56217621371.925575,1.1180254608807141,-0.11004425895945208,-0.019409557522862678
404850.36251254304,-39495619473.916412,129445237858.45085,56170408718.501884,-39522070170.421921,129872074858.80437,56339626713.089401,-39459321772.669044,129498635042.36081,56194760603.948593,1.1167620912597325,-0.10983682669694707,-0.016895810525843359
412101.29320461786,-39699508125.986053,129393395259.20689,56148323243.781067,-39734045660.584915,129819281202.76018,56316744766.27137,-39664363304.271233,129447200659.12201,56171820891.780167,1.1155184395326561,-0.10951006457748047,-0.014364127244986397
419352.22389669268,-39903290499.814735,129341400962.40704,56126168588.672539,-39945936108.733147,129766200688.7787,56293738515.211571,-39869341443.499962,129395596400.66742,56148802335.708237,1.1142962294919911,-0.10906255425573273,-0.011816653095348958
426603.1545887675,-40106968179.83683,129289256688.40968,56103944551.320946,-40157741023.584816,129712833438.5592,56270608010.175858,-40074257929.722618,129343822001.51286,56125705023.627617,1.1130971451579661,-0.10849291412277283,-0.0092556444062069452
433854.08528084232,-40310542818.920082,129236964190.20174,56081650897.814697,-40369459914.098122,129659179574.86818,56247353301.871132,-40279114499.176994,129291877163.40298,56102529030.986183,1.1119228250883784,-0.10779980233295966,-0.0066834751788881061
441105.01597291714,-40514016143.346054,129184525253.55946,56059287359.736992,-40581092289.478897,129605239221.53935,56223974441.445854,-40483912884.448532,129239761555.28804,56079274420.733055,1.1107748563511965,-0.1069819204847221,-0.0041026441719435357
448355.94666499196,-40717389958.234009,129131941696.95607,56036853631.534492,-40792637659.188255,129551012503.47357,56200471480.490501,-40688654813.943649,129187474813.30701,56055941243.26886,1.1096547681522229,-0.10603801805688183,-0.0015157822967612267
455606.87735706678,-40920666153.438423,129079215371.15283,56014349367.695679,-41004095532.95031,129496499546.63861,56176844471.038048,-40893342011.359245,129135016540.77721,56032529536.398026,1.1085640251162976,-0.10496689771361679,0.0010743397059953341
462857.8080491416,-41123846709.948448,129026348158.39926,55991774179.732224,-41215465420.759926,129441700478.06891,56153093465.564346,-41097976195.148628,129082386308.1906,56009039325.283333,1.1075040202271196,-0.1037674216025329,0.0036648033491350615
470108.73874121642,-41326933706.814064,128973341971.15642,55969127632.958794,-41426746832.890472,129386615425.86523,56129218516.988564,-41302559077.983871,129029583653.21684,55985470622.402649,1.106476067437818,-0.10243851878227879,0.0062525342984366258
477359.66943329124,-41529929328.618767,128920198750.24362,55946409243.069283,-41637939279.901688,129331244519.19423,56105219678.673531,-41507092366.214935,128976608080.71313,55961823427.507919,1.1054813939750525,-0.1009791939263778,0.0088342941639588616
484610.60012536601,-41732835873.511024,128866920462.29503,55923618472.511238,-41849042272.64756,129275587888.28787,56081097004.426071,-41711577759.325493,128923459062.74109,55938097727.586533,1.1045211323729405,-0.099388537461900087,0.011406672281196089
491861.53081744083,-41935655761.796806,128813509096.39696,55900754726.66494,-42060055322.284195,129219645664.44289,56056850548.497314,-41916016949.385834,128870136038.59076,55914293496.825058,1.1035963122865526,-0.097665737307909381,0.013966077605965414
499112.46150951565,-42138391545.082039,128759966659.76089,55877817349.839684,-42270977940.277771,129163417980.02,56032480365.582977,-42120411620.502792,128816638414.81161,55890410696.575371,1.1027078521551126,-0.095810092386607842,0.016508730878446801
506363.39220159047,-42341045915.936729,128706295172.2713,55854805621.107452,-42481809638.412537,129106904968.44321,56007986510.823608,-42324763448.267021,128762965565.25095,55866449275.323311,1.1018565508041653,-0.093821028079684704,0.019030657245682946
513614.32289366529,-42543621718.030724,128652496659.73126,55831718750.00338,-42692549928.798775,129050106764.19879,55983369039.804787,-42529074099.197701,128709116831.09949,55842409168.659798,1.1010430791041044,-0.091698113800532582,0.021527679573404374
520865.25358574011,-42746121956.663269,128598573145.62025,55808555872.135658,-42903198323.880867,128993023502.83443,55958628008.557312,-42733345230.18483,128655091520.9444,55818290299.254494,1.1002679718156114,-0.089441082832477897,0.023995412720354888
528019.05786372756,-42945838746.793762,128545251399.49492,55785627855.729195,-43110934545.498878,128936425651.41322,55934097350.52037,-42934843020.967926,128601616131.10495,55794417227.465248,1.0995412260130433,-0.087082771615702909,0.026396902399445227
535172.86214171513,-43145488303.674278,128491811844.43272,55762623953.370071,-43318580375.393486,128879550593.59328,55909446529.904259,-43136305517.520607,128547967433.20827,55770467301.950638,1.0988524359251672,-0.084593957411448081,0.028760786931514053
542326.66641970258,-43345074037.894249,128438256353.0769,55739543098.35685,-43526135346.342316,128822398462.57877,55884675601.793022,-43337734280.287384,128494144670.32393,55746440411.343597,1.0982016838550599,-0.081974989250630598,0.03108224113290977
549480.47069769003,-43544599553.918816,128384586746.99129,55716384137.782349,-43733598991.469986,128764969392.57494,55859784621.69294,-43539130858.470123,128440147054.89948,55722336431.959618,1.0975888981336295,-0.079226469479272477,0.033356236933783354
556634.27497567749,-43744068659.459206,128330804779.15523,55693145829.06675,-43940970844.255783,128707263518.7867,55834773645.532509,-43740496789.49765,128385973768.84473,55698155227.784355,1.097013849528407,-0.076349283986680352,0.035577547928394473
563788.07925366506,-43943485373.96788,128276912113.99408,55669826836.955132,-44148250438.541237,128649280977.41722,55809642729.66243,-43941833598.493996,128331623963.62318,55673896650.463776,1.096476149297587,-0.073344634557464747,0.037740757291730022
570941.88353165251,-44142853935.871887,128222910304.83871,55646425731.139091,-44355437308.537804,128591021905.66643,55784391930.855576,-44143142797.745346,128277096760.35045,55649560539.296722,1.0959752492381218,-0.070214073062523016,0.039840269610259785
578095.68780963996,-44342178808.099892,128168800768.76556,55622940984.682175,-44562530988.834526,128532486441.72928,55759021306.306892,-44344425886.165886,128222391249.89955,55625146721.230057,1.0955104440917702,-0.066959537063744357,0.041870327183569082
585249.49208762753,-44541464681.404465,128114584758.84555,55599370973.446999,-44769531014.405693,128473674724.79417,55733530913.633301,-44545684348.762573,128167506493.01349,55600655010.856308,1.0950808766776374,-0.06358338625584356,0.043825031344166328
592403.29636561498,-44740716474.935188,128060263333.92812,55575713976.735519,-44976436920.618538,128414586895.04109,55707920810.873535,-44746919656.099014,128112441520.42455,55576085210.413895,1.0946855461029386,-0.060088438992721364,0.045698369298602257
599557.10064360243,-44939939333.486176,128005837326.20525,55551968179.361404,-45183248243.240929,128355223093.63972,55682191056.487991,-44948133263.75853,128057195332.98087,55551437109.789825,1.0943233193705015,-0.05647800796531486,0.047484246919833321
606710.90492158988,-45139138620.830025,127951307306.93974,55528131675.371826,-45389964518.449051,128295583462.74748,55656341709.358498,-45149326611.806541,128001766901.77983,55526710486.525009,1.0939929466350911,-0.052755933910733868,0.049176527797452019
613864.70919957745,-45338319908.565819,127896673550.8976,55504202473.622681,-45596585282.835167,128235668145.50746,55630372828.788086,-45350501124.252289,127946155168.30862,55501905105.822083,1.0936930802703595,-0.048926616059334467,0.050769078688675286
621018.51347756491,-45537488959.959053,127841936000.19124,55480178505.38401,-45803110073.415253,128175477286.0463,55604284474.500702,-45551658208.510017,127890359044.59152,55477020720.55584,1.0934222977820935,-0.044995037875400511,0.052255821294666376
628172.31775555236,-45736651708.34227,127787094228.40956,55456057634.108658,-46009538427.636795,128115011029.47191,55578076706.640915,-45752799254.859818,127834377413.34442,55452057071.286133,1.0931791284465273,-0.040966786542856917,0.053630790022843287
635326.12203353993,-45935814229.781189,127732147406.07021,55431837667.436256,-46215869883.386467,128054269521.8712,55551749585.77359,-45953925635.907974,127778209128.13609,55427013886.273399,1.0929620833668903,-0.036848064604158348,0.054888195087936562
642479.92631152738,-46134982709.893883,127677094268.56569,55407516371.425858,-46422103978.997871,127993252910.3076,55525303172.883492,-46155038706.04705,127721853013.55643,55401890881.496735,1.0927696884336344,-0.032645692201379285,0.056022489966211196
649633.73058951483,-46334163404.937531,127621933087.87091,55383091486.916321,-46628240253.259262,127931961342.81865,55498737529.374901,-46356139800.915794,127665307865.39166,55376687760.674461,1.092600519457156,-0.028367098508777326,0.057028441867701771
656787.53486750228,-46533362597.540947,127566661649.31987,55358560747.807045,-46834278245.421295,127870394968.41335,55472052717.071167,-46557230236.858765,127608572450.8063,55351404215.2873,1.0924532385268371,-0.024020301197614984,0.057901203551475718
663941.33914548985,-46732586547.748581,127511277234.72841,55333921900.938805,-47040217495.204727,127808553937.0695,55445248798.214279,-46758311310.385857,127551645508.53214,55326039924.604065,1.0923266304616706,-0.019613873140600684,0.058636384511407853
671095.1434234773,-46931841440.334633,127455776613.02715,55309172727.143143,-47246057542.808167,127746438399.73103,55418325835.464317,-46959384297.631744,127494525749.06384,55300594555.709885,1.0922196380703204,-0.015156896036686148,0.059230119333086827
678248.94770146476,-47131133329.622086,127400156039.36919,55284311062.927902,-47451797928.915817,127684048508.30508,55391283891.898972,-47160450453.815208,127437211854.86162,55275067763.536987,1.092131394852643,-0.010658901196017282,0.059679130898010142
685402.75197945233,-47330468083.275734,127344411263.3941,55259334822.185982,-47657438194.7052,127621384415.65907,55364123031.012962,-47361511012.698486,127379702480.5605,55249459190.89798,1.0920612537702654,-0.0061297983389345953,0.059980786114514101
692556.55625743978,-47529851326.697876,127288537546.93985,55234242017.262245,-47862977881.854782,127558446275.61754,55336843316.717339,-47562567186.045357,127321996253.186,55223768468.521408,1.0920088108626411,-0.0015797939373020462,0.060133142030195152
699561.92436027294,-47725149636.657234,127233693212.9016,55209555108.432709,-48064154861.239769,127496548627.66092,55310014518.513748,-47759448486.35965,127265295271.40381,55198530832.216286,1.0919744674037581,0.0028860361464916489,0.060136475739374813
706567.2924631061,-47920504242.160439,127178714973.14081,55184753000.081856,-48265234524.113182,127434388481.5321,55283071870.44677,-47956327816.984863,127208402837.92162,55173213685.054634,1.091957072517131,0.0073520426923555293,0.059995020123011604
713572.66056593927,-48115919471.800156,127123597200.02603,55159834201.727066,-48466216441.534813,127371965984.32938,55256015433.688622,-48153206251.497719,127151317587.75694,55147816646.811775,1.0919569930298252,0.011808331487440739,0.059709017831444035
720578.02866877243,-48311399264.504745,127068333960.5668,55134797372.740868,-48667100185.053329,127309281284.01947,55228845269.791985,-48350084841.276314,127094038131.38654,55122339326.304024,1.0919748417241744,0.016245085036336142,0.059279399354029184
727583.39677160559,-48506947143.305809,127012919066.49037,55109641330.448105,-48867885326.713272,127246334529.43459,55201561440.689339,-48546964615.013725,127036563054.97169,55096781321.432426,1.09201146582524,0.020652649023315151,0.05870776526646327
734588.76487443876,-48702566196.718353,126957346127.34993,55084365055.085373,-49068571439.061958,127183125870.26918,55174164008.692245,-48743846578.231163,126978890920.58943,55071142219.228661,1.0920679292457511,0.025021613579634894,0.057996356992380933
741594.13297727192,-48898259067.992767,126901608605.05652,55058967691.590668,-49269158095.156502,127119655457.07674,55146653036.490639,-48940731712.790848,126921020266.46967,55045421595.90313,1.0921454893647449,0.029342887161352655,0.057148017314443876
748599.50108010508,-49094027952.161751,126845699868.24504,55033448548.324104,-49469644868.570747,127055923441.26643,55119028587.152054,-49137620976.408585,126862949607.23834,55019619016.895248,1.0922455693278603,0.033607761260881878,0.056166142233945004
755604.86918293824,-49289874600.494484,126789613244.99057,55007807092.93927,-49670031333.402245,126991929975.09979,55091290724.120834,-49334515302.165962,126804677434.1667,54993734036.92598,1.0923697270000343,0.037807964668479903,0.055054626031385355
762610.23728577141,-49485800331.704483,126733342072.56966,54982042945.722519,-49870317064.279221,126927675211.68718,55063439511.217331,-49531415598.022285,126746202215.42664,54967766200.052658,1.0925196217669499,0.041935706526118437,0.053817801511953381
769615.60538860457,-49681806049.051857,126676879743.19379,54956155870.789124,-50070501636.367569,126863159304.9843,55035475012.637047,-49728322746.326118,126687522396.35228,54941715039.726059,1.0926969803717774,0.04598370793572934,0.052460377433469436
776620.97349143773,-49877892262.342079,126620219744.90529,54930145765.568604,-50270584625.3778,126798382409.78845,55007397292.949753,-49925237603.326462,126628636399.7079,54915580078.849792,1.0929035629000343,0.049945222359251737,0.05098737502027454
783626.3415942709,-50074059113.752739,126563355697.09915,54904012649.027672,-50470565607.572044,126733344681.73497,54979206417.098595,-50122160998.683479,126569542625.96207,54889360829.842056,1.0931411298989431,0.053814045453686135,0.049404065287639118
790631.70969710406,-50270306406.41227,126506281380.39766,54877756649.070595,-50670444159.771042,126668046277.29333,54950902450.399155,-50319093734.978752,126510239453.56837,54863056794.699715,1.0934114114562612,0.05758451530285013,0.047715908658577409
797637.07779993722,-50466633634.700851,126448990760.84285,54851377989.528023,-50870219859.36113,126602487353.76329,54922485458.538483,-50516036587.224976,126450725239.25262,54836667465.064812,1.0937160788805524,0.061251504232827429,0.045928498076179665
804642.44590277039,-50663040015.331551,126391478008.57457,54824876977.101364,-51069892284.301231,126536668069.27098,54893955507.574112,-50712990302.375092,126390998318.30678,54810192322.293503,1.0940567194403175,0.064810403527407037,0.044047506521665017
811647.81400560355,-50859524518.386787,126333737511.32272,54798253988.576286,-51269461013.12989,126470588582.76482,54865312663.932991,-50909955598.830734,126331057004.88957,54783630837.527473,1.0944348144399576,0.068257102410170259,0.042078639561941023
818653.18210843671,-51056085897.618744,126275763883.16037,54771509458.560532,-51468925624.972267,126404249054.01135,54836556994.410492,-51106933165.949982,126270899592.33408,54756982471.767845,1.0948517207505484,0.071587962633493374,0.040027593287548652
825658.55021126987,-51252722719.461388,126217551969.04079,54744643867.942612,-51668285699.547173,126337649643.59113,54807688566.169258,-51303923663.554283,126210524353.46239,54730246675.951706,1.0953086557766414,0.074799789938037833,0.037900017769445828
832663.91831410304,-51449433390.337852,126159096845.68156,54717657733.211876,-51867540817.174103,126270790512.89432,54778707446.738106,-51500927721.434586,126149929540.90735,54703422891.031189,1.0958066857286497,0.077889803527290122,0.035701485971683669
839669.2864169362,-51646216181.9729,126100393819.36765,54690551596.729965,-52066690558.780273,126203671824.11635,54749613704.010864,-51697945938.856529,126089113387.44189,54676510548.055298,1.0963467169887273,0.08085560455868715,0.033437467904973713
846674.65451976936,-51843069254.532158,126041438421.22914,54663326017.999733,-52265734505.9077,126136293740.25336,54720407406.245186,-51894978884.064682,126028074106.31567,54649509068.254433,1.0969294902981652,0.083695144499819935,0.03111330969365159
853680.02262260253,-52039990677.505196,125982226400.51642,54635981565.940956,-52464672240.720253,126068656425.09767,54691088622.061302,-52092027093.785789,125966809891.59967,54622417863.127731,1.0975555774613035,0.086406694042405724,0.028734217152402718
860685.39072543569,-52236978448.34124,125922753716.35341,54608518812.149216,-52663503346.010712,126000760043.23311,54661657420.440796,-52289091072.730904,125905318918.53862,54595236334.533318,1.0982253802088484,0.088988813117876889,0.026305243407094624
867487.52757594839,-52428312987.019341,125864753310.92694,54581740109.807335,-52856463775.108574,125934585643.51686,54632972534.129028,-52480453607.611168,125845393114.37534,54568756356.758583,1.0989178046408066,0.091371051066668471,0.023903641350689515
874289.66442646109,-52619706217.787025,125806500181.33408,54554850919.496368,-53049322898.22319,125868167298.52132,54604181787.58284,-52671831857.878494,125785250076.41254,54542190082.459099,1.0996517271835029,0.093629278381764491,0.021463950555478954
881091.80127697391,-52811156192.942856,125747991143.96396,54527851743.803391,-53242080335.15493,125801505161.03386,54575285244.923538,-52863226196.255112,125724888085.14867,54515536938.470062,1.1004270647317163,0.09576281372876802,0.018990347386266149
887893.93812748662,-53002660947.901382,125689223166.17302,54500743071.738907,-53434735706.288124,125734599384.52806,54546282970.588829,-53054636965.250008,125664305405.65527,54488796343.399269,1.1012435928319619,0.097771142935733135,0.016486856383557402
894696.07497799932,-53194218508.955963,125630193357.08498,54473525376.392441,-53627288632.59729,125667450123.15923,54517175029.331619,-53246064476.724373,125603500287.91815,54461967707.718353,1.1021009502900987,0.099653901185850463,0.013957351152727402
901498.21182851202,-53385826899.788345,125570898958.55127,54446199113.090492,-53819738735.653282,125600057531.75967,54487961486.218689,-53437509011.455986,125542470967.1864,54435050433.856972,1.1029986442655739,0.10141085696920964,0.0114055565451491
908300.34867902473,-53577484146.860405,125511337336.37657,54418764717.996941,-54012085637.629494,125532421765.83417,54458642406.629349,-53628970818.702744,125481215664.3298,54408043916.299927,1.1039360557058984,0.10304189774317274,0.0088350518751677473
915102.48552953743,-53769188283.818642,125451505971.88727,54391222607.09906,-54204328961.308052,125464542981.55498,54429217856.254105,-53820450115.765106,125419732586.20444,54380947541.687401,1.1049124449960255,0.10454701722855057,0.0062492749466120717
921904.62238005013,-53960937355.034653,125391402453.89806,54363573175.526184,-54396468330.086037,125396421335.75706,54399687901.093224,-54011947087.547783,125358019926.02727,54353760688.918343,1.1059269577198978,0.1059263042490703,0.003651526693957245
928706.75923056295,-54152729418.396095,125331024471.11247,54335816797.152229,-54588503367.981705,125328056985.93295,54370052607.455284,-54203461886.120438,125296075863.75964,54326482729.25724,1.1069786304485179,0.10717993301279975,0.0010449762695823024
935508.89608107565,-54344562547.452988,125270369804.97807,54307953824.437935,-54780433699.640717,125259450090.22762,54340312041.955696,-54394994630.277626,125233898566.50011,54299113026.444191,1.1080663964866677,0.10830815472903614,-0.0015673335644298394
942311.03293158836,-54536434833.014259,125209436323.0041,54279984588.47303,-54972258950.342377,125190600807.43323,54310466271.515152,-54586545405.098114,125171486188.88686,54271650936.808609,1.1091890915261311,0.1093112904499927,-0.0041824808596523343
949113.16978210106,-54728344384.279572,125148221972.5397,54251909399.182968,-55163978746.005905,125121509296.98372,54280515363.35804,-54778114261.503395,125108836873.51015,54244095809.386559,1.110345459164038,0.11018972502969877,-0.0067976588180922639
955915.30663261376,-54920289329.581848,125086724775.0033,54223728545.669037,-55355592713.196663,125052175718.94933,54250459385.010834,-54969701215.815842,125045948751.33492,54216446986.041862,1.1115341562587049,0.11094390209513648,-0.0094101701229511586
962717.44348312658,-55112267816.806839,125024942820.54794,54195442296.654541,-55547100479.132416,124982600234.03084,54220298404.3004,-55161306249.316422,124982819942.13406,54188703801.591164,1.1127537581027589,0.11157431992902793,-0.012017421327781963
969519.58033363929,-55304278013.5476,124962874263.14362,54167050901.013252,-55738501671.689606,124912783003.55388,54190032489.352249,-55352929307.802094,124919448554.93268,54160865583.933067,1.1140027634016541,0.11208152817034069,-0.014616917356486696
976321.71718415199,-55496318107.044067,124900517316.05429,54138554588.359673,-55929795919.409592,124842724189.463,54159661708.588806,-55544570301.143303,124855832688.46339,54132931654.181442,1.115279599053117,0.11246612524418702,-0.017206256152658004
983123.85403466469,-55688386303.950775,124837870247.68646,54109953569.683525,-56120982851.504944,124772423954.31549,54129186130.727509,-55736229102.841408,124791970431.63367,54104901326.803154,1.1165826247265052,0.11272875643957685,-0.019783123509698037
989925.99088517739,-55880480829.96949,124774931377.78439,54081248038.013443,-56312062097.865662,124701882461.27531,54098605824.778976,-55927905549.58654,124727859864.00479,54076773909.760277,1.1179101372470668,0.11287011256036007,-0.022345288103041264
996728.1277356901,-56072599929.377953,124711699073.94766,54052438169.097229,-56503033289.06543,124631099874.10657,54067920860.045021,-56119599440.815956,124663499056.28351,54048548704.656975,1.1192603747917425,0.11289092908165124,-0.024890596740659986
1003530.2645862028,-56264741864.480835,124648171748.44653,54023524122.088036,-56693896056.367882,124560076357.16708,54037131306.116638,-56311310538.27327,124598886070.82623,54020225006.891235,1.1206315209074194,0.11279198574933279,-0.027416969841544861
1010332.4014367156,-56456904915.004745,124584347855.31145,53994506040.227554,-56884650031.732765,124488812075.40164,54006237232.871964,-56503038565.568672,124534018962.15649,53991802105.811607,1.1220217083620971,0.11257410656654424,-0.029922397148037121
1017134.5382872283,-56649087377.455315,124520225887.6739,53965384051.51886,-57075294847.822212,124417307194.33516,53975238710.474098,-56694783207.740662,124468895777.49593,53963279284.879105,1.1234290228434509,0.11223816011681509,-0.03240493367380072
1023936.675137741,-56841287564.451477,124455804375.33691,53936158269.382812,-57265830138.006866,124345561880.06561,53944135809.368942,-56886544110.819397,124403514557.30907,53934655821.834457,1.1248515065165108,0.11178506017833019,-0.034862695887660944
1030475.4793402405,-57026062215.203514,124393593116.51123,53907966160.244377,-57448885604.487434,124276367561.84445,53914138671.983025,-57070896294.196182,124340419381.05038,53907044914.883797,1.1262313621918136,0.11123995572821549,-0.037200256664366251
1037014.2835427399,-57210850227.308594,124331102482.72073,53879678307.213066,-57631839198.567612,124206951368.50864,53884045209.551765,-57255262756.321632,124277082193.80455,53879339683.644096,1.1276215824614195,0.11058837333997086,-0.039511662635451014
1043553.0877452393,-57395650140.491135,124268331253.02805,53851294776.114372,-57814690596.454285,124137313449.06265,53853855485.379234,-57439643078.598251,124213501240.18518,53851539472.492035,1.129020331758225,0.10983124796099533,-0.041795383583241044
1050091.8919477388,-57580460505.977066,124205278231.25021,53822815622.318153,-57997439474.979843,124067453952.9753,53823569563.002991,-57624036807.677063,124149674760.98174,53823643621.526749,1.1304257483640578,0.10896955697282544,-0.044049930857356499
1056630.6961502382,-57765279885.960533,124141942244.66803,53794240891.167358,-58180085511.607033,123997373030.1731,53793187506.192032,-57808443455.111023,124085600993.66745,53795651466.730682,1.1318359469443213,0.10800432144170342,-0.046273855134340548
1063169.5003527375,-57950106853.084694,124078322142.8369,53765570618.380318,-58362628384.433929,123927070831.03369,53762709378.944572,-57992862497.011772,124021278172.91982,53767562340.13559,1.1332490210392143,0.10693660745170633,-0.04846574433736861
1069708.3045552371,-58134939989.937866,124014416796.48964,53736804830.425957,-58545067772.19873,123856547506.37892,53732135245.48587,-58177293373.710182,123956704531.15421,53739375569.993614,1.1346630455222901,0.10576752750176681,-0.050624221709080229
1076247.1087577364,-58319777888.566025,123950225096.52216,53707943544.871529,-58727403354.284531,123785803207.46786,53701465170.265907,-58361735489.421219,123891878299.07082,53711090480.953766,1.1360760790357183,0.1044982419518328,-0.052747944032837987
1082785.912960236,-58504619150.001991,123885745953.05405,53678986770.702599,-58909634810.724083,123714838085.98961,53670699217.957024,-58546188211.91349,123826797706.21515,53682706394.243858,1.1374861664104838,0.10312996050406724,-0.05483559999565573
1089324.7171627353,-58689462383.810974,123820978294.55656,53649934508.615395,-59091761822.204422,123643652294.05598,53639837453.4515,-58730650872.18396,123761460981.55226,53654222627.858002,1.1388913410812309,0.10166394370660128,-0.05688590868810911
1095863.5213652349,-58874306207.652245,123755921067.04132,53620786751.281593,-59273784070.071503,123572245984.19394,53608879941.859055,-58915122764.138542,123695866354.05521,53625638496.749847,1.1402896275028018,0.10010150446656677,-0.058897618234426193
1102402.3255677342,-59059149246.855927,123690573233.30365,53591543483.585831,-59455701236.334656,123500619309.33792,53577826748.504265,-59099603144.27874,123630012053.30771,53596953313.031738,1.1416790435755722,0.098444009562736107,-0.060869504548761083
1108941.1297702335,-59243990134.014137,123624933772.21498,53562204682.83638,-59637513003.671074,123428772422.82193,53546677938.92392,-59284091231.395386,123563896310.12132,53568166386.179787,1.1430576030874458,0.096692881146028448,-0.062800370211446924
1115479.9339727331,-59428827508.585083,123559001678.05951,53532770318.949409,-59819219055.430115,123356705478.37154,53515433578.864304,-59468586206.269608,123497517357.16742,53539277023.245102,1.1444233181770527,0.094849598218570919,-0.064689043460789311
1122018.7381752324,-59613660016.508949,123492775959.91034,53503240354.607391,-60000819075.637535,123284418630.09555,53484093734.278397,-59653087211.382011,123430873429.62404,53510284529.071289,1.14577420182489,0.092915698081257173,-0.066534377295195693
1128557.542377732,-59798486309.83419,123426255641.04141,53473614745.392326,-60182312748.999641,123211912032.47765,53452658471.322975,-59837593350.630516,123363962765.8378,53481188206.518242,1.1471082703763635,0.09089277774187686,-0.068335248681741664
1135096.3465802313,-59983305046.352585,123359439758.37132,53443893439.894371,-60363699760.907288,123139185840.36772,53421127856.355675,-60022103689.05761,123296783608.00108,53451987356.69249,1.1484235461014516,0.08878249527369951,-0.070090557866045483
1141635.1507827309,-60168114889.241798,123292327361.93588,53414076379.796616,-60544979797.439774,123066240208.97308,53389501955.931946,-60206617252.587723,123229334202.84464,53422681279.184044,1.1497180597941561,0.086586571116908817,-0.071799227779686961
1148173.9549852302,-60352914506.713661,123224917514.3866,53384163499.936783,-60726152545.368568,122993075293.84946,53357780836.801926,-60391133027.775375,123161612802.34555,53393269272.309959,1.1509898534147109,0.084306789314791922,-0.073460203541147281
1154712.7591877296,-60537702571.666878,123157209290.51228,53354154728.346558,-60907217692.16098,122919691250.89177,53325964565.907227,-60575649961.565048,123093617664.45087,53363750633.364693,1.1522369827770576,0.081944998676464847,-0.075072452046518731
1161251.5633902291,-60722477761.342468,123089201776.78169,53324049986.269402,-61088174925.983559,122846088236.3248,53294053210.37767,-60760166961.063316,123025347053.81676,53334124658.877274,1.1534575202824449,0.079503113858213764,-0.076634961645777336
1167790.3675927285,-60907238756.980515,123020894070.90498,53293849188.157661,-61269023935.705421,122772266406.69356,53262046837.527863,-60944682893.324173,122956799242.56337,53304390644.875404,1.1546495577009857,0.076983116356734896,-0.078146741901836569
1174329.171795228,-61091984243.476852,122952285281.41219,53263552241.649788,-61449764410.90136,122698225918.85353,53229945514.853783,-61129196585.148491,122887972511.04532,53274547887.156631,1.1558112090002979,0.074387055405302896,-0.079606823428367363
1180867.9759977274,-61276712909.038078,122883374527.24721,53233159047.528488,-61630396041.854782,122623966929.96069,53197749310.029205,-61313706822.89817,122818865148.63771,53244595681.566467,1.1569406132219133,0.071717048767515029,-0.081014257803393414
1187106.3189592734,-61452936321.716675,122817347985.92081,53204072622.866882,-61802625820.691216,122552916650.93571,53166944156.287231,-61489734354.838318,122752670157.55872,53215917128.772026,1.1579863795911125,0.06910280983285208,-0.082307094389470065
1193344.6619208197,-61629142098.127846,122751045052.09195,53174898397.968872,-61974755979.363533,122481667770.23363,53136052760.635841,-61665756477.740707,122686216717.20155,53187137704.085815,1.1589995602327323,0.066425213228447355,-0.083550379064829414
1199583.0048823657,-61805329105.805176,122684464985.25314,53145636268.872459,-62146786250.734901,122410220425.04001,53105075182.276085,-61841772033.974831,122619503369.0952,53158256797.599419,1.1599786176684463,0.063686275452557423,-0.084743341741870412
1205821.3478439117,-61981496213.87606,122617607052.31241,53116286125.663628,-62318716368.263489,122338574752.75568,53074011480.544106,-62017779831.937714,122552528664.9093,53129273800.40136,1.1609220448554807,0.060888071421402831,-0.085885229971685628
1212059.6908054578,-62157642292.768761,122550470527.31837,53086847852.380081,-62490546066.003929,122266730890.98793,53042861714.908028,-62193778645.974754,122485291167.13429,53100188104.824623,1.161828367620237,0.058032734620223562,-0.086975309132587802
1218298.033767004,-62333766213.913116,122483054691.1926,53057321326.904655,-62662275078.608597,122194688977.54201,53011625944.964722,-62369767216.315842,122417789449.77258,53070999104.699432,1.1626961471154249,0.055122457148256934,-0.088012862661270702
1224536.3767285501,-62509866849.434105,122415358831.46849,53027706420.849068,-62833903141.328728,122122449150.41205,52980304230.436516,-62545744249.02755,122350022099.04062,53041706195.611465,1.1635239822973227,0.052159489651758602,-0.088997192325845298
1230774.7196900961,-62685943071.837799,122347382242.03673,52998002999.428658,-63005429990.015327,122050011547.77216,52948896631.167862,-62721708415.981995,122281987714.08138,53012308775.165382,1.164310512419414,0.049146141143480628,-0.089927618538197945
1237013.0626516424,-62861993753.688995,122279124222.89674,52968210921.328888,-63176855361.119843,121977376307.96729,52917403207.121933,-62897658354.84314,122213684907.68715,52982806243.253563,1.1650544195378501,0.046084778703649472,-0.090803480703212078
1243251.4056131884,-63038017767.28006,122210584079.9142,52938330038.564156,-63348178991.694595,121904543569.50391,52885824018.377121,-63073592669.071243,122145112307.03238,52953198002.330147,1.1657544310239272,0.042977827058811723,-0.091624137603566844
1249489.7485747344,-63214013984.29068,122141761124.58427,52908360196.329697,-63519400619.393044,121831513471.04076,52854159125.123535,-63249509927.94622,122076268554.41591,52923483457.690147,1.1664093220787231,0.039827768037226798,-0.092388967817633769
1255728.0915362807,-63389981275.437904,122072654673.80067,52878301232.847176,-63690519982.46978,121758286151.37921,52822408587.659355,-63425408666.610596,122007152308.01251,52893662017.753609,1.1670179182444564,0.036637139896590537,-0.093097370168565355
1261966.4344978267,-63565918510.116333,122003264049.63042,52848152979.204674,-63861536819.78019,121684861749.4538,52790572466.387215,-63601287386.132751,121937762242.63315,52863733094.354767,1.1675790979060476,0.033408536522397163,-0.093748764202528728
1268204.7774593728,-63741824556.028183,121933588579.0943,52817915259.191673,-64032450870.779999,121611240404.32245,52758650821.810455,-63777144553.591354,121868097050.49347,52833696103.035988,1.1680917947781149,0.030144606495169458,-0.094342590694605225
1274443.1204209188,-63917698278.802902,121863627593.95331,52787587889.129768,-64203261875.524445,121537422255.15672,52726643714.529343,-63952978602.181458,121798155441.99019,52803550463.34642,1.168555000369417,0.026848052024580335,-0.094878312179387622
1280681.4633824651,-64093538541.606331,121793380430.50089,52757170677.699608,-64373969574.667236,121463407441.23187,52694551205.237244,-64128787931.343132,121727936146.48454,52773295599.145203,1.1689677664190923,0.023521627750035572,-0.095355413505535086
1286919.8063440111,-64269344204.739265,121722846429.36142,52726663425.76474,-64544573709.459137,121389196101.91696,52662373354.716736,-64304570906.913315,121657437913.09245,52742930938.909088,1.1693292072975341,0.020168139406251943,-0.095773402411946332
1293158.1493055571,-64445114125.225456,121652024935.29503,52696065926.192978,-64715074021.746353,121314788376.66476,52630110223.835632,-64480325861.301567,121586659511.48076,52712455916.04422,1.1696385023645937,0.01679044235461238,-0.096131810123304129
1299396.4922671034,-64620847156.389023,121580915297.00897,52665377963.675728,-64885470253.968605,121240184405.00168,52597761873.543045,-64656051093.690338,121515599732.66858,52681869969.201965,1.1698948982776856,0.013391439979640377,-0.096430191964044648
1305634.8352286494,-64796542147.421394,121509516866.97586,52634599314.545883,-65055762149.156784,121165384326.51753,52565328364.865303,-64831744870.260551,121444257389.83357,52651172542.598602,1.1700977112427955,0.0099740819520977957,-0.096668127988602526
1311873.1781901955,-64972197942.938042,121437829001.25911,52603729746.594795,-65225949450.93045,121090388280.85544,52532809758.901886,-65007405424.443008,121372631319.12178,52620363086.338448,1.1702463292002114,0.0065413623598542118,-0.096845223625999177
1318111.5211517415,-65147813382.52504,121365851059.34589,52572769018.888672,-65396031903.494858,121015196407.70146,52500206116.821274,-65183030957.196274,121300720380.46078,52589441056.740494,1.1703402139376144,0.0030963177082332319,-0.096961110338170994
1324349.8641132878,-65323387300.275909,121293582403.9879,52541716881.584885,-65566009251.637772,120939808846.77438,52467517499.856819,-65358619637.311737,121228523458.37495,52558405916.667969,1.1703789031228198,-0.00035797520776028588,-0.097015446289348203
1330588.2070748338,-65498918524.319016,121221022401.05029,52510573075.74855,-65735881240.725815,120864225737.81543,52434743969.302544,-65534169601.746185,121156039462.80214,52527257135.860756,1.1703620122475398,-0.0038184015559523717,-0.097007917025785761
1336545.3295815988,-65666495981.201561,121151460832.71269,52480747402.856133,-65897996935.306931,120791867470.918,52403368646.559441,-65701768009.094131,121086554066.85994,52497405969.011047,1.1702937234429629,-0.0071256629304813574,-0.096942718780042236
1342502.4520883639,-65834032400.45826,121081632469.51636,52450837653.758484,-66060016103.350983,120719331138.09464,52371916002.778557,-65869327709.141724,121016805022.62346,52467450250.153641,1.1701742779688857,-0.010432872959441928,-0.096820621050988334
1348459.5745951289,-66001526743.988464,121011536766.54507,52420843578.853615,-66221938524.589005,120646616861.03299,52340386091.466286,-66036847000.226059,120946791449.88637,52437389536.799568,1.1700035486530882,-0.013737234496749171,-0.09664142341785216
1354416.6971018941,-66168977967.125366,120941173181.05336,52390764920.388924,-66383763979.218948,120573724761.40585,52308778966.165604,-66204324155.523041,120876512492.22519,52407223393.275978,1.1697814785345275,-0.017035927027317366,-0.096404950502356646
1360373.819608659,-66336385018.22863,120870541172.38358,52360601412.31913,-66545492247.901382,120500654960.86317,52277094680.45266,-66371757423.424149,120805967317.64224,52376951390.997261,1.1695080819776573,-0.020326108893442312,-0.096111052535455932
1366330.9421154242,-66503746838.272125,120799640201.89114,52330352780.165077,-66707123111.755066,120427407581.0239,52245333287.933289,-66539145027.936279,120735155119.20496,52346573108.736786,1.169183445687632,-0.023604919593811086,-0.095759605927890998
1372288.0646221892,-66671062360.426788,120728469732.8783,52300018740.873367,-66868656352.352066,120353982743.46797,52213494842.239662,-66706485169.104454,120664075115.68118,52316088132.898956,1.1688077296195456,-0.026869482151892773,-0.095350513843386955
1378245.1871289543,-66838330509.639435,120657029230.53662,52269599002.676689,-67030091751.712723,120280380569.72845,52181579397.026772,-66873776023.457863,120592726552.16924,52285496057.791328,1.168381167778568,-0.030116905546565317,-0.094883706775372972
1384202.3096357193,-67005550202.207611,120585318161.89873,52239093264.954681,-67191429092.299934,120206601181.28329,52149587005.968918,-67041015744.493401,120521108700.72176,52254796485.897362,1.1679040689229765,-0.033344287244318975,-0.094359143127356646
1390159.4321424845,-67172720345.351273,120513335995.79936,52208501218.095085,-67352668157.01516,120132644699.54874,52117517722.756889,-67208202463.088799,120449220860.96068,52223989028.14019,1.167376817046289,-0.036548715495166681,-0.09377680978743945
1396116.5546492494,-67339839836.781425,120441082202.84615,52177822543.354881,-67513808729.188118,120058511245.86931,52085371601.093231,-67375334288.265724,120377062360.69754,52193073304.177094,1.1667998720664916,-0.039727272686743031,-0.093136722735072786
1402073.6771560144,-67506907564.266533,120368556255.40038,52147056912.721046,-67674850592.575897,119984200941.51241,52053148694.690208,-67542409307.391861,120304632556.51855,52162048942.634735,1.1661737698046675,-0.042877036921850006,-0.092438927599326398
1408030.7996627796,-67673922405.196808,120295757627.56793,52116203988.770462,-67835793531.353699,119909713907.65997,52020849057.265839,-67709425586.929375,120231930834.38589,52130915581.395302,1.1654991223615561,-0.045995085253110211,-0.091683500267098608
1413987.9221695445,-67840883226.147003,120222685795.20062,52085263424.528511,-67996637330.108109,119835050265.40115,51988472742.540558,-67876381173.015656,120158956610.218,52099672867.861099,1.1647766181599228,-0.0490784963524609,-0.090870547478709235
1419945.0446763097,-68007788882.438148,120149340235.90808,52054234863.325745,-68157381773.830032,119760210135.72505,51956019804.233902,-68043274092.069916,120085709330.45882,52068320459.217125,1.1640070218533023,-0.05212435320771195,-0.090000207428359555
1425902.1671830746,-68174638217.698441,120075720429.08051,52023117938.651901,-68318026647.907318,119685193639.51378,51923490296.061234,-68210102351.424721,120012188472.63507,52036858022.69117,1.1631911740968968,-0.055129745836723414,-0.08907265037076785
1431859.2896898398,-68341430063.423904,120001825855.92224,51991912274.006615,-68478571738.117119,119610000897.53543,51890884271.730446,-68376863939.982162,119938393545.90019,52005285235.811035,1.1623299911790883,-0.058091774011220954,-0.088088079235478997
1437816.4121966048,-68508163238.538826,119927655999.49637,51960617482.74588,-68639016830.617859,119534632030.43742,51858201784.93882,-68543556828.893822,119864324091.56433,51973601786.658493,1.1614244645080005,-0.061007549982608565,-0.087046730249340995
1443773.53470337,-68674836548.956558,119853210344.78035,51929233167.923401,-68799361711.941055,119459087158.73996,51825442889.369781,-68710178972.264282,119789979683.60909,51941807374.119408,1.1604756599528827,-0.063874201200288527,-0.085948873568912496
1449730.6572101349,-68841448787.140594,119778488378.73274,51897758922.125778,-68959606168.982697,119383366402.82968,51792607638.689835,-68876728307.877274,119715359929.1862,51909901708.129829,1.1594847170374405,-0.066688873014741995,-0.084794813924715121
1455687.7797169001,-69007998731.666306,119703489590.37097,51866194327.300407,-69119749988.994553,119307469882.95354,51759696086.545494,-69043202757.944229,119640464469.0992,51877884509.917503,1.1584528479827436,-0.069448731357828891,-0.083584891278972034
1461644.902223665,-69174485146.783173,119628213470.86011,51834538954.574844,-69279792959.574936,119231397719.21281,51726708286.560265,-69209600229.874374,119565292978.26698,51845755512.238419,1.157381336599216,-0.072150965391214808,-0.082319481498613248
1467602.02473043,-69340906781.977661,119552659513.61263,51802792364.066345,-69439734868.6595,119155150031.55757,51693644292.331711,-69375918617.065994,119489845166.1685,51813514459.608055,1.1562715370266274,-0.074792790115407598,-0.080998997046942786
1473559.1472371952,-69507262371.536621,119476827214.3985,51770954104.680191,-69599575504.511612,119078726939.78108,51660504157.428612,-69542155799.718155,119414120777.26752,51781161108.52681,1.1551248723196395,-0.077371448931594589,-0.07962388769461913
1479319.6923332254,-69668064422.209778,119403232095.82759,51740078850.758804,-69754045089.760117,119004659007.19385,51628385241.563408,-69702828133.639084,119340631951.47469,51749768357.897568,1.1539823869685959,-0.079802377603490099,-0.078242662908019414
1485080.2374292556,-69828802343.145569,119329375781.47989,51709117017.019836,-69908419586.676224,118930427275.60136,51596195225.644363,-69863420601.936539,119266884127.77377,51718270183.493423,1.1528082287442663,-0.082169256396200652,-0.076811290396426965
1490840.7825252861,-69989474946.991119,119255257822.37764,51678068164.473961,-70062698804.62207,118856031852.88033,51563934158.018974,-70023931257.038116,119192877170.48959,51686666398.240715,1.1516038595160054,-0.084469681444506395,-0.075330280358948079
1496601.3276213163,-70150081031.597916,119180877772.07391,51646931843.51046,-70216882553.211304,118781472846.754,51531602087.000374,-70184358142.783875,119118610975.81573,51654956826.265907,1.1503707952463453,-0.0867012820026965,-0.073800178292632954
1502361.8727173465,-70310619379.648438,119106235186.78877,51615707593.658333,-70370970642.300125,118706750364.78865,51499199060.865257,-70344699295.189026,119044085472.0804,51623141303.057716,1.1491106041559001,-0.088861722323314532,-0.072221565721021425
1508122.417813377,-70471088758.280029,119031329625.55344,51584394943.329086,-70524962881.978012,118631864514.3904,51466725127.851875,-70504952743.219604,118969300619.99202,51591219675.622643,1.1478249047623421,-0.090948703463076444,-0.070595060956652883
1513882.9629094072,-70631487918.704636,118956160650.36217,51552993409.539322,-70678859082.558365,118556815402.80225,51434180336.158165,-70665116509.580444,118894256412.86412,51559191802.633835,1.1465153637931811,-0.092959965010708995,-0.068921319902375655
1519643.5080054374,-70791815595.823334,118880727826.33177,51521502497.611092,-70832659054.569031,118481603137.10143,51401564733.939873,-70825188611.514984,118818952876.81853,51527057554.572823,1.145183693973769,-0.09489328673331994,-0.067201036895157301
1525404.0531014677,-70952070507.833908,118805030721.86876,51489921700.847969,-70986362608.74263,118406227824.19696,51368878369.308868,-70985167061.615662,118743390070.96675,51494816813.863953,1.1438316516898117,-0.096746490136577448,-0.065434945596759622
1531164.5981974979,-71112251355.829803,118729068908.84396,51458250500.184532,-71139969556.006821,118330689570.82751,51336121290.331474,-71145049868.644547,118667568087.56892,51462469475.001282,1.1424610345243915,-0.098517439935274578,-0.063623819936563741
1536925.1432935284,-71272356823.388275,118652841962.77496,51426488363.806938,-71293479707.474411,118254988483.55959,51303293545.026947,-71304835038.363007,118591487052.16968,51430015444.667633,1.1410736786702385,-0.10020404543175832,-0.061768475111558835
1542685.6883895586,-71432385576.145294,118576349463.01628,51394634746.742073,-71446892874.43335,118179124668.78587,51270395181.366005,-71464520574.369736,118515147123.71077,51397454641.845589,1.1396714562163877,-0.1018042617992686,-0.059869768648831818
1548446.2334855888,-71592336261.354492,118499590992.95784,51362689090.412689,-71600208868.336716,118103098232.72404,51237426247.269501,-71624104478.946243,118438548494.61993,51364786997.920296,1.1382562723092235,-0.1033160912698302,-0.057928601537119359
1554206.7785816193,-71752207507.426926,118422566140.23221,51330650822.155754,-71753427500.792511,118026909281.41573,51204386790.60717,-71783584753.908752,118361691390.87558,51332012456.773689,1.1368300621873144,-0.10473758422389848,-0.055945919433548215
1559967.3236776495,-71911997923.448074,118345274496.93141,51298519354.701241,-71906548583.553497,117950557920.72588,51171276859.196518,-71942959401.465607,118284576072.04709,51299130974.870132,1.1353947880892938,-0.10606684018381626,-0.05392271395217068
1565727.8687736797,-72071706098.667953,118267715659.83432,51266294085.608292,-72059571928.506836,117874044256.34232,51138096500.801765,-72102226425.079269,118207202831.31039,51266142521.333145,1.1339524360339261,-0.10730200871125785,-0.05186002404260006
1571488.4138697099,-72231330601.959854,118189889230.64607,51233974396.655853,-72212497347.663895,117797368393.77573,51104845763.132957,-72261383830.331833,118129571995.4386,51233047078.01313,1.132505012469974,-0.10844129021098084,-0.049758937465048614
1577248.9589657402,-72390869981.242508,118111794816.25131,51201559653.184601,-72365324653.149765,117720530438.35988,51071524693.845154,-72420429625.793076,118051683924.76752,51199844639.545906,1.1310545407956951,-0.10948293664461345,-0.047620592371567787
1583009.5040617706,-72550322762.859909,118033432028.98355,51169049203.387032,-72518053657.192993,117643530495.25215,51038133340.53775,-72579361823.889969,117973539013.13589,51166535213.401932,1.1296030577440619,-0.11042525216008649,-0.045446179000843759
1588770.0491578009,-72709687450.912521,117954800486.91351,51136442377.542587,-72670684172.115128,117566368669.43442,51004671750.753891,-72738178441.776611,117895137687.80031,51133118819.926071,1.1281526096322305,-0.11126659364247597,-0.043236941496655461
1594530.5942538311,-72868962526.532654,117875899814.16002,51103738487.194748,-72823216010.320435,117489045065.71423,50971139971.980042,-72896877502.203644,117816480409.32454,51099595492.367836,1.1267052484716229,-0.11200537119610993,-0.040994179858631373
1600291.1393498615,-73028146447.096344,117796729641.22772,51070936824.267014,-72975648984.285492,117411559788.72623,50937538051.645607,-73055457034.385895,117737567671.44363,51065965276.901962,1.1252630279350098,-0.1126400485680807,-0.038719252035906537
1606051.6844458918,-73187237645.363007,117717289605.37704,51038036660.115059,-73127982906.548859,117333912942.93404,50903866037.122772,-73213915074.867279,117658400000.90251,51032228232.639313,1.123827999177011,-0.11316914352661896,-0.036413576173085695
1611812.229541922,-73346234528.533844,117637579351.03194,51005037244.51236,-73280217589.700882,117256104632.63231,50870123975.726372,-73372249668.381927,117578977957.26929,50998384431.627937,1.1224022065009844,-0.11359122820925367,-0.034078633018391605
1617508.4270124615,-73503361024.994507,117558493443.98903,50972308094.048531,-73430653983.642502,117179006805.58165,50836689995.573296,-73528692307.387421,117500193543.33208,50964813788.179337,1.1210034140393472,-0.11390202875469183,-0.031742507683470554
1623204.6244830007,-73660392125.920563,117479142652.77879,50939480371.256424,-73580992978.837738,117101751303.45741,50803187616.554596,-73685010466.713684,117421161590.11282,50931138937.33213,1.1196175905544832,-0.11410557891247686,-0.029380836748403562
1628900.8219535402,-73817326211.238235,117399526657.09978,50906553282.03389,-73731234394.178314,117024338226.62579,50769616884.252365,-73841202284.405457,117341882732.00056,50897359985.975632,1.118246666459098,-0.1142006569807141,-0.026995247993369827
1634597.0194240795,-73974161631.879318,117319645145.57973,50873526007.12561,-73881378048.567017,116946767675.30238,50735977844.194672,-73997265909.556244,117262357633.81932,50863477053.279358,1.1168925476110902,-0.11418609469818833,-0.024587439941021035
1640293.2168946189,-74130896708.347412,117239497816.47748,50840397700.832794,-74031423760.908493,116869039749.55551,50702270541.855988,-74153199503.089645,117182586990.53561,50829490270.64798,1.1155571104290942,-0.11406077777271778,-0.022159185035530375
1645989.4143651584,-74287529729.138977,117159084378.48633,50807167489.658867,-74181371350.099991,116791154549.31003,50668495022.657806,-74309001238.531006,117102571526.94363,50795399781.667221,1.1142421968355412,-0.11382364654110017,-0.019712333023525107
1651685.6118356977,-74444058949.005264,117078404551.65689,50773834470.894669,-74331220635.022324,116713112174.35124,50634651331.969345,-74464669302.768967,117022311997.32866,50761205742.040771,1.1129496090207212,-0.11347369680507224,-0.017248814541257439
1657381.8093062371,-74600482587.040894,116997458068.45976,50740397711.148598,-74480971434.53096,116634912724.32907,50600739515.108315,-74620201896.805634,116941809185.10896,50726908319.518242,1.1116811040250132,-0.11300998088888949,-0.014770644909881701
1663078.0067767764,-74756798824.584351,116916244675.01152,50706856244.829323,-74630623567.44722,116556556298.76263,50566759617.341888,-74775597236.494614,116861063902.45686,50692507693.814285,1.110438388135474,-0.11243160897319643,-0.012279928137129562
1668774.2042473159,-74913005802.916,116834764132.49054,50673209072.591377,-74780176852.549683,116478042997.04489,50532711683.887665,-74930853553.266037,116780076989.89929,50658004056.519028,1.1092231110955317,-0.11173775076428949,-0.0097788611209078686
1674470.4017178551,-75069101620.73941,116753016218.7726,50639455159.757126,-74929631108.56572,116399372918.44763,50498595759.914841,-75085969094.837753,116698849315.89839,50623397610.999954,1.1080368601289545,-0.11092763756618702,-0.0072697380445431196
1680166.5991883946,-75225084331.432617,116671000730.31996,50605593434.732391,-75078986154.163284,116320546162.12672,50464411890.545433,-75240942125.911926,116617381776.41287,50588688572.295258,1.1068811537812,-0.1100005648289003,-0.0047549549470669817
1685862.7966589341,-75380951940.057434,116588717484.36143,50571622787.437454,-75228241807.942749,116241562827.12753,50430160120.855591,-75395770928.856079,116535675294.44058,50553877166.999054,1.1057574355865469,-0.10895589525352281,-0.0022370144458502355
1691558.9941294733,-75536702400.116898,116506166321.40491,50537542067.780182,-75377397888.429108,116162423012.39059,50395840495.877052,-75550453804.368011,116453730819.54298,50518963633.13839,1.1046670675730186,-0.10779306254355442,0.00028146942120094393
1697255.1916000128,-75692333610.054031,116423347108.1279,50503350084.204056,-75526454214.064285,116083126816.75748,50361453060.598648,-75704989072.123932,116371549327.35216,50483948220.042442,1.1036113236239862,-0.10651157589724139,0.0027977662770740661
1702951.3890705521,-75847843409.488922,116340259740.69566,50469045602.350601,-75675410603.199661,116003674338.97685,50326997859.967964,-75859375071.408813,116289131819.06122,50448831188.203934,1.1025913827215461,-0.10511102534261313,0.0053090244662707849
1708647.5865410916,-76003229575.196472,116256904148.56017,50434627343.883293,-75824266874.088852,115924065677.71082,50292474938.892998,-76013610161.728729,116206479320.89854,50413612809.133133,1.101608322107785,-0.10359108802398288,0.0078122661647815599
1714343.7840116308,-76158489816.833893,116173280298.79626,50400093985.528625,-75973022844.880722,115844300931.54135,50257884342.244034,-76167692723.404205,116123592883.58682,50378293365.20459,1.1006631104077791,-0.10195153555100685,0.010304382627554372
1720039.9814821703,-76313621772.435181,116089388201.03439,50365444158.399406,-76121678333.61264,115764380198.97693,50223226114.855469,-76321621158.144348,116040473581.78763,50342873149.496826,1.0997566007726434,-0.10019224252547054,0.012782129680537269
1725736.1789527098,-76468623003.700455,116005227913.04999,50330676447.675514,-76270233158.203918,115684303578.45935,50188500301.527824,-76475393889.600876,115957122513.53223,50307352465.625313,1.0988895241152028,-0.098313196358626342,0.015242123586217307
1731432.376423249,-76623490991.120102,115920799547.07021,50295789392.728363,-76418687136.449554,115604071168.37074,50153706947.0298,-76629009363.901932,115873540799.63957,50271731627.568909,1.0980624825248,-0.096314508489619338,0.017680837438083075
1737128.5738937885,-76778223128.988892,115836103276.85631,50260781487.786499,-76567040086.014297,115523683067.04062,50118846096.100365,-76782466050.164917,115789729583.12201,50236010959.490089,1.0972759429705408,-0.094196427105766242,0.020094598263727212
1742824.7713643278,-76932816720.382263,115751139345.61514,50225651183.251381,-76715291824.426788,115443139372.75322,50083917793.451019,-76935762440.988113,115705690028.58003,50200190795.54924,1.0965302314158547,-0.09195935144944932,0.022479585049021908
1748520.9688348672,-77087268972.187088,115665908074.7854,50190396887.783279,-76863442169.074158,115362440183.75479,50048922083.768005,-77088897052.920822,115621423321.5864,50164271479.713242,1.0958255274950564,-0.089603847776992471,0.02483182792314333
1754305.1916440076,-77243960418.920502,115579086548.21248,50154469238.654991,-77013777988.827179,115280334905.24004,50013316641.461716,-77244231058.868881,115535623207.07419,50127695991.722023,1.0951519255506519,-0.087091529520981689,0.027182677657789211
1760089.4144531479,-77400499997.760956,115491990310.72054,50118410312.431198,-77164008876.878525,115198069493.14311,49977641785.494347,-77399395241.266388,115449591392.35304,50091019008.462021,1.0945205045687667,-0.084458871259451299,0.029491051006803441
1765873.6372622885,-77556884450.540161,115404620012.2816,50082218334.38279,-77314134641.537811,115115644050.2639,49941897562.591301,-77554388125.397964,115363329181.17963,50054240919.861557,1.0939309644011235,-0.081707114160380179,0.0317523317780007
1771657.8600714288,-77713110399.018433,115316976433.56111,50045891505.589996,-77464155090.943588,115033058679.39478,49906084019.461548,-77709208263.789673,115276837896.87675,50017362125.400925,1.0933828366144025,-0.078837763141848358,0.033961760931189883
1777442.0828805692,-77869174342.278946,115229060500.24852,50009428011.65358,-77614070033.058945,114950313483.32904,49870201202.800407,-77863854236.594757,115190118881.62611,49980383033.879898,1.0928754850696527,-0.075852612518888043,0.036114447104784904
1783226.3056897097,-78025072655.386108,115140873298.15344,49972826033.168434,-77763879275.667404,114867408564.86954,49834249159.292389,-78018324651.954361,115103173495.75523,49943304063.181015,1.0924081085750406,-0.072753772721348073,0.038205380629163024
1789010.5284988501,-78180801589.612869,115052416088.88451,49936083758.082741,-77913582626.36908,114784344026.83723,49798227935.614044,-78172618146.333008,115016003117.01981,49906125640.029053,1.0919797458984382,-0.0695436976286474,0.040229451429842168
1794794.7513079904,-78336357274.560593,114963690325.86429,49899199396.032051,-78063179892.577179,114701119972.07993,49762137578.436859,-78326733384.829147,114928609139.88217,49868848199.747063,1.0915892834113619,-0.066225211944358112,0.042181471189589106
1800578.9741171307,-78491735722.505219,114874697670.36458,49862171194.690514,-78212670881.514847,114617736503.4809,49725978134.430252,-78480669061.460434,114840992974.78705,49831472186.009209,1.0912354656051879,-0.062801537892716003,0.044056200079306031
1806363.1969262711,-78646932835.299438,114785440007.17383,49824997458.120209,-78362055400.212265,114534193723.9677,49689749650.264511,-78634423899.424057,114753156047.43529,49793998050.590897,1.0909169086691697,-0.05927632038392612,0.045848378275445446
1812147.4197354116,-78801944414.139221,114695919459.43703,49787676567.023285,-78511333255.504074,114450491736.52083,49653452172.613838,-78787996651.332214,114665099798.05664,49756426253.116486,1.0906321172469018,-0.055653649666360994,0.047552762357484742
1817931.642544552,-78956766172.461365,114606138402.14235,49750207000.712067,-78660504254.027084,114366630644.1825,49617085748.159363,-78941386099.422806,114576825680.68259,49718757260.804901,1.0903795043907443,-0.051938080372637946,0.049164166519717528
1823715.8653536923,-79111393752.173096,114516099473.67458,49712587360.510735,-78809568202.218323,114282610550.06532,49580650423.592209,-79094591055.745697,114488335162.41972,49680991548.213547,1.0901574146142512,-0.048134645790047829,0.050677508335689715
1829500.0881628329,-79265822743.323502,114425805584.81908,49674816394.193314,-78958524906.31337,114198431557.36111,49544146245.616585,-79247610362.324585,114399629722.72502,49643129596.980843,1.0899641498008483,-0.044248866151563163,0.052087858590252729
1835284.3109719732,-79420048707.210892,114335259924.59012,49636893020.951851,-79107374172.344971,114114093769.34947,49507573260.952866,-79400442891.294998,114310710852.68341,49605171895.567726,1.0897979975715286,-0.040286749771208288,0.053390494447708874
1841068.5337811136,-79574067202.780624,114244465962.27849,49598816356.28344,-79256115806.141907,114029597289.4064,49470931516.34066,-79553087545.018677,114221580054.28883,49567118938.998428,1.0896572615481597,-0.036254785945917085,0.054580954969149005
1846852.7565902539,-79727873816.011383,114153427445.17317,49560585736.093834,-79404749613.328278,113944942221.01299,49434221058.541954,-79705543256.174576,114132238839.72928,49528971228.600883,1.0895402927912452,-0.032159928720531701,0.055655097743162844
1852636.9793993942,-79881464191.821152,114062148391.51193,49522200739.248787,-79553275399.322891,113860128667.76385,49397441934.344208,-79857808987.826981,114042688730.67668,49490729271.747055,1.0894455215399379,-0.028009570875208424,0.056609155173731406
1858421.2022085348,-80034834067.858368,113970633078.35678,49483661207.770599,-79701692969.339081,113775156733.37561,49360594190.563408,-80009883733.471283,113952931257.58255,49452393581.593529,1.0893714882719376,-0.023811507828495244,0.057439788794877052
1864205.4250176752,-80187979309.391327,113878886024.26871,49444967263.885597,-79850002128.384689,113690026521.69525,49323677874.047226,-80161766517.057648,113862967958.97974,49413964676.822639,1.0893168730246268,-0.019573891553116875,0.058144139879020874
1869989.6478268155,-80340895944.383591,113786911966.8633,49406119323.183167,-79998202681.26236,113604738136.70847,49286693031.678055,-80313456392.993179,113772800380.79137,49375443081.384468,1.0892805219062451,-0.015305175045978343,0.058719874588811768
1875773.8706359561,-80493580197.757843,113694715835.55287,49367118103.250687,-80146294432.57016,113519291682.54774,49249639710.376076,-80464952446.123138,113682430075.64722,49336829324.239883,1.0892614697708869,-0.011014048353539037,0.059165222008095292
1881558.0934450964,-80646028523.816193,113602302720.00647,49327964627.298309,-80294277186.702225,113433687263.5006,49212517957.102348,-80616253791.691681,113591858602.2086,49298123939.105118,1.0892589581485674,-0.0067093675935397355,0.059479003573788103
1887342.3162542367,-80798237635.809448,113509677835.07269,49288660222.478561,-80442150747.84996,113347924984.01743,49175327818.861794,-80767359575.282639,113501087524.5018,49259327464.197891,1.0892724477074214,-0.002400078808263218,0.059660652723592597
1893360.3141435715,-80956341291.81691,113413090347.76003,49247608839.396889,-80595884652.347824,113258529090.32181,49136562068.465302,-80924363984.731598,113406437663.49969,49218866888.62809,1.0893031317212312,0.0020786307732712402,0.059709458016836657
1899378.3120329066,-81114179730.611771,113316285393.33119,49206397996.632317,-80749499926.060257,113168962549.4431,49097722397.686516,-81081154919.685715,113311575207.29109,49178308914.285011,1.0893507046328206,0.0065426277818025685,0.059616070505807806
1905396.3099222414,-81271750301.113388,113219269005.82817,49165030161.980919,-80902996347.775818,113079225479.63101,49058808859.635254,-81237731521.827499,113216501931.24086,49137654161.078423,1.089415329824823,0.010982083040390885,0.059381971863561339
1911414.3078115764,-81429050742.54808,113122047179.82588,49123508088.979851,-81056373696.053268,112989317999.36287,49019821507.486885,-81394092967.879044,113121219613.93436,49096903253.005257,1.0894974133385968,0.015387434450197008,0.059009323963579913
1917432.3057009112,-81586079189.680573,113024625825.21603,49081834785.920952,-81209631749.224091,112899240227.35252,48980760394.485886,-81550238469.417435,113025730036.42981,49056056817.855164,1.089597582715538,0.019749469847122208,0.058500927939629507
1923450.303590246,-81742834171.009842,112927010725.52374,49040013481.514458,-81362770285.395538,112808992282.55908,48941625573.949257,-81706167272.66983,112930034981.52545,49015115486.919807,1.0897166603879809,0.024059400034232226,0.057860173117007509
1929468.301479581,-81899314600.379868,112829207500.76442,48998047588.401703,-81515789082.453674,112718574284.19551,48902417099.269958,-81861878658.288849,112834136233.04202,48974079894.70639,1.0898556328939624,0.028308920357316684,0.057090977884376545
1935486.2993689158,-82055519762.70079,112731221575.58018,48955940665.717499,-81668687918.066818,112627986351.737,48863135023.920258,-82017371941.109299,112738035575.12106,48932950678.655518,1.090015617293526,0.032490259805591018,0.056197724763930527
1941504.2972582506,-82211449294.658096,112633058153.10959,48913696381.835732,-81821466569.689056,112537228604.92908,48823779401.455025,-82172646469.887039,112641734791.53947,48891728478.863541,1.0901978261687217,0.036596217242090417,0.055185191981854724
1947522.2951475857,-82367103161.401443,112534722194.76497,48871318478.308792,-81974124814.564133,112446301163.79561,48784350285.514984,-82327701627.020905,112545235665.04036,48850413937.809807,1.0904035325165913,0.040620184938717774,0.054058483748956838
1953540.2930369205,-82522481630.250305,112436218405.83679,48828810735.848564,-82126662429.729324,112355204148.64659,48744847729.82988,-82482536828.258392,112448539976.68091,48809007700.08876,1.0906340357001816,0.044556160091096031,0.052822961265104475
1959558.2909262553,-82677585242.438034,112337551226.62901,48786176943.011055,-82279079192.019806,112263937680.0856,48705271788.221603,-82637151522.386383,112351649505.19725,48767510412.147224,1.0908906294325234,0.048398745372388891,0.051484176180022281
1965576.2888155903,-82832414783.849823,112238724828.66135,48743420868.05452,-82431374878.0728,112172501879.01723,48665622514.607239,-82791545190.907272,112254566026.38652,48725922722.026932,1.0911745725562496,0.052143139866780111,0.050047807917598421
1971594.2867049251,-82986971255.606567,112139743115.35689,48700546234.25602,-82583549264.332275,112080896866.65413,48625899963.002037,-82945717347.701767,112157291312.50653,48684245279.11248,1.0914870631561382,0.055785121884218816,0.048519605926017485
1977612.2845942602,-83141255845.219086,112040609726.56464,48657556698.804276,-82735602127.053543,111989122764.52394,48586104187.522346,-83099667538.679031,112059827131.69299,48642478733.884857,1.0918292163316681,0.059321025217857419,0.04690533757594334
1983630.282483595,-83295269898.898651,111941328046.24089,48614455835.244034,-82887533242.308044,111897179694.47595,48546235242.388451,-83253395341.4151,111962175247.39445,48600623737.680557,1.0922020457646018,0.062747710382584115,0.045210742120833217
1989648.2803729298,-83449014895.470139,111841901212.62401,48571247119.332924,-83039342385.988434,111805067778.68761,48506293181.927353,-83406900364.780365,111864337417.82497,48558680942.45652,1.0926064490548129,0.066062532277060618,0.043441490858610321
1995666.2782622648,-83602492422.202866,111742332130.27524,48527933918.086174,-83191029333.813538,111712787139.6707,48466278060.575462,-83560182248.556992,111766315395.43471,48516651000.560806,1.0930431966679743,0.069263305575260212,0.041603153412503917
2001684.2761515996,-83755704152.755417,111642623483.41544,48484519481.726059,-83342593861.333603,111620337900.27742,48426189932.881241,-83713240663.047104,111668110926.39825,48474534564.509254,1.0935129242427106,0.072348268981315994,0.039701169870767605
2007702.2740409346,-83908651827.329575,111542777750.05692,48441006938.218559,-83494035743.935577,111527720183.70615,48386028853.507736,-83866075308.672592,111569725750.12068,48432332286.768013,1.094016127939079,0.075316049304452723,0.037740828400008794
2013720.2719302694,-84061337235.0448,111442797216.50378,48397399290.065643,-83645354756.848526,111434934113.50703,48345794877.235107,-84018685915.567291,111471161598.76132,48390044819.542076,1.0945531624723974,0.078165626126766197,0.035727247859614557
2019738.2698196042,-84213762198.47937,111342683991.86897,48353699413.023201,-83796550675.149078,111341979813.5874,48305488058.962982,-84171072243.162491,111372420196.77505,48347672814.569801,1.0951242414609144,0.080896297665956476,0.033665364897975253
2025756.2677089393,-84365928560.27565,111242440022.32686,48309910056.428581,-83947623273.766983,111248857408.21687,48265108453.71283,-84323234079.766357,111273503260.47099,48305216922.923454,1.0957294397192545,0.083507648281063454,0.031559924993264668
2031774.2655982741,-84517838171.670212,111142067104.88617,48266033844.841324,-84098572327.490692,111155567022.0323,48224656116.630219,-84475171242.138275,111174412497.58827,48262677794.815681,1.0963686971374205,0.08599951792875779,0.02941547690065462
2038136.507677854,-84678160233.751129,111035814226.79553,48219556128.422859,-84258021438.729874,111056757667.23703,48181810776.749741,-84635555090.350861,111069466357.2917,48217615529.328293,1.0970813465575067,0.088504077938705863,0.027110758819295318
2044498.749757434,-84838199574.301147,110929420894.44054,48172986944.813744,-84417331948.384201,110957760852.04128,48138884273.415718,-84795687502.263794,110964329829.46576,48172461723.46711,1.0978314751707086,0.090875496933520691,0.024772198004062471
2050860.9918370142,-84997958347.843231,110822888781.35109,48126328964.3116,-84576503589.868668,110858576725.09068,48095876672.257172,-84955568361.870239,110859004897.79109,48127217141.026909,1.0986185631859398,0.09311431750135285,0.022404444374684317
2057223.2339165942,-85157438681.686096,110716219435.89659,48079584720.565865,-84735536096.451096,110759205435.51242,48052788039.06881,-85115197586.471573,110753493533.28058,48081882543.811836,1.0994419551013508,0.095221273596808986,0.020011905609518942
2063585.4759961742,-85316642670.432861,110609414294.1593,48032756616.976067,-84894429201.259903,110659647132.92033,48009618439.813515,-85274575126.097778,110647797693.82861,48036458691.419365,1.1003008697689634,0.097197265156424656,0.017598753483233285
2069947.7180757541,-85475572371.786392,110502474691.63821,47985846933.284737,-85053182637.29158,110559901967.41988,47966367940.624763,-85433700962.927948,110541919323.78102,47990946341.031944,1.1011944105999207,0.099043335526686233,0.015168931494844058
2076309.9601553341,-85634229803.452454,110395401873.82912,47938857832.223854,-85211796137.419449,110459970089.61176,47923036607.80864,-85592575110.616043,110435860353.59784,47945346247.235474,1.1021215759930638,0.10076065174171231,0.012726163427137524
2082672.2022349143,-85792616940.962769,110288197005.74167,47891791366.104141,-85370269434.400711,110359851650.59778,47879624507.846519,-85751197613.802261,110329622699.39972,47899659161.809753,1.1030812690676668,0.10235048675020422,0.01027396252091544
2089034.4443144943,-85950735716.260208,110180861180.42435,47844649483.262672,-85528602260.882919,110259546801.98363,47836131707.396599,-85909568547.523132,110223208262.60388,47853885833.543777,1.1040723073702543,0.10381420406990015,0.0078156410348818196
2095396.6863940742,-86108588016.9086,110073395426.57318,47797434034.306168,-85686794349.413391,110159055695.88358,47792558273.296371,-86067688016.59024,110116618929.61842,47808027008.070511,1.1050934322965298,0.10515324453315381,0.0053543199786835142
2101758.9284736542,-86266175685.808395,109965800715.30199,47750146778.105446,-85844845432.446228,110058378484.92374,47748904272.564346,-86225556155.018768,110009856571.5085,47762083427.695076,1.1061433179407052,0.10636911464479949,0.0028929388605078159
2108121.1705532344,-86423500521.316437,109858077966.15111,47702789387.511215,-86002755242.349899,109957515322.24539,47705169772.401848,-86383173125.447662,109902923043.69473,47716055831.234383,1.1072205794977863,0.10746337655349425,0.00043426532429495041
2114483.4126328141,-86580564277.683701,109750228052.40924,47655363454.773247,-86160523511.414841,109856466361.50809,47661354840.194756,-86540539118.562958,109795820185.67036,47669944953.864021,1.1083237811666093,0.1084376394122236,-0.0020190954197742104
2120845.6547123943,-86737368665.738495,109642251805.81902,47607870496.654198,-86318149971.860992,109755231756.89252,47617459543.515129,-86697654352.525253,109688549820.7366,47623751526.972168,1.1094514435443623,0.10929355196100292,-0.0044646914431065053
2127207.8967919745,-86893915353.754791,109534150020.73277,47560311959.236717,-86475634355.845306,109653811663.10323,47573483950.122765,-86854519072.401398,109581113755.75557,47577476278.020599,1.1106020505152063,0.1100327961794831,-0.006900215277055804
2133570.1388715543,-87050205968.455994,109425923457.77945,47512689222.427803,-86632976395.469055,109552206235.37109,47529428127.966675,-87011133549.601547,109473513780.92014,47531119930.412308,1.111774055641306,0.11065708187239706,-0.0093234954565221614
2139932.3809511345,-87206242096.113174,109317572847.099,47465003604.168503,-86790175822.785294,109450415629.45547,47485292145.186455,-87167498081.321518,109365751669.54041,47484683203.365822,1.1129658880721844,0.11116814206597996,-0.01173248845153513
2146294.6230307142,-87362025283.704819,109209098891.19524,47417256364.35994,-86947232369.806046,109348440001.64642,47441076070.113609,-87323612989.991211,109257829177.84604,47438166811.795944,1.1141759579916994,0.11156772910583776,-0.014125270998006529
2152656.8651102944,-87517557040.111725,109100502267.45285,47369448708.51857,-87104145768.509521,109246279508.76643,47396779971.272751,-87479478622.729431,109149748044.80385,47391571466.200729,1.1154026616252446,0.11185761136148747,-0.016500032831435939
2159019.1071898746,-87672838837.325699,108991783630.36031,47321581791.174835,-87260915750.847229,109143934308.17216,47352403917.382797,-87635095350.805481,109041509991.95024,47344897872.554497,1.1166443858304369,0.11203957045127258,-0.018855069820593429
2165381.3492694544,-87827872111.656219,108882943613.47499,47273656719.03006,-87417542048.7509,109041404557.75603,47307947977.358009,-87790463569.107925,108933116723.23775,47298146732.206818,1.1178995122974387,0.11211539891540473,-0.021188777493718093
2171743.5913490346,-87982658264.922043,108773982831.16356,47225674553.886551,-87574024394.139587,108938690415.9474,47263412220.309029,-87945583695.620804,108824569924.89525,47251318741.787079,1.119166421384336,0.11208689827193499,-0.023499644945651769
2178105.8334286143,-88137198665.618484,108664901880.1465,47177636315.365936,-87730362518.9263,108835792041.71393,47218796715.543823,-88100456170.907608,108715871265.30118,47204414593.114662,1.1204434956112486,0.11195587739890969,-0.025786249112936602
2184468.0755081945,-88291494650.053024,108555701340.87311,47129542983.430374,-87886556155.024841,108732709594.56245,47174101532.56852,-88255081457.603348,108607022394.86916,47157434973.114326,1.1217291228375397,0.11172415119380118,-0.028047249401160212
2191215.8414917886,-88454874666.654907,108439753681.39969,47078476255.045609,-88052056253.022568,108623179840.78015,47126611028.962433,-88418806786.929062,108491415440.99542,47107526885.068016,1.1231002116786093,0.11137036853927434,-0.030415871324419894
2197963.6074753832,-88617982736.576584,108323672794.784,47027349695.504211,-88217393199.676727,108513443401.81865,47079031060.099663,-88582255211.422745,108375643281.56339,47057535476.532822,1.1244772173482076,0.11090752927043523,-0.032752854579995647
2204711.3734589773,-88780820343.48703,108207459322.12569,46976164344.474457,-88382566675.206131,108403500469.968,47031361709.639465,-88745427360.674774,108259707818.59734,47007461548.403534,1.1258582566641513,0.11033781349070784,-0.035056867490054919
2211459.1394425714,-88943388935.74028,108091113889.37746,46924921202.321167,-88547576359.864288,108293351238.2041,46983603061.495583,-88908323889.667191,108143610930.94598,46957305895.006706,1.1272414661937284,0.10966340463269249,-0.037326658961074871
2218206.905426166,-89105689927.626312,107974637108.41354,46873621232.404678,-88712421933.947571,108182995900.18912,46935755199.837097,-89070945478.151505,108027354474.20335,46907069304.019859,1.128625004815897,0.10888648884607516,-0.03956105335020773
2224954.6714097601,-89267724700.564743,107858029577.99852,46822265363.206635,-88877103077.803406,108072434650.27177,46887818209.089081,-89233292830.039566,107910940280.64291,46856752556.396645,1.1300070560183995,0.10800925452454181,-0.041758945685543961
2231702.4373933547,-89429494604.243576,107741291884.67091,46770854490.296898,-89041619471.838272,107961667683.48755,46839792173.93325,-89395366672.807465,107794370159.16365,46806356426.297523,1.131385829955234,0.10703389194483945,-0.043919297217762596
2238450.2033769488,-89591000957.704926,107624424603.55403,46719389478.154915,-89205970796.52536,107850695195.55865,46791677179.308533,-89557167756.912323,107677645895.2477,46755881681.025887,1.132759565287011,0.10596259299930834,-0.04604113128066175
2245197.9693605429,-89752245050.381195,107507428299.10429,46667871161.857567,-89370156732.41243,107739517382.89394,46743473310.411552,-89718696855.222504,107560769250.92863,46705329080.96917,1.1341265308253421,0.10479755100374112,-0.04812352943964892
2251945.7353441375,-89913228143.084244,107390303525.80632,46616300348.644653,-89534176960.129105,107628134442.58855,46695180652.697067,-89879954762.460754,107443741964.76971,46654699379.544815,1.1354850270009667,0.10354096056573479,-0.05016562790919829
2258693.5013277316,-90073951468.950851,107273050828.82217,46564677819.3722,-89698031160.394272,107516546572.42372,46646799291.878403,-90040942294.660629,107326565751.85138,46603993323.150726,1.1368333871732743,0.10219501750186077,-0.052166614219729471
2265441.2673113262,-90234416234.347855,107155670744.60138,46513004329.862793,-89861719014.023209,107404753970.86621,46598329313.927704,-90201660288.636078,107209242303.76729,46553211651.120033,1.1381699787972237,0.10076191879249245,-0.054125724117839641
2272189.0332949203,-90394623619.739624,107038163801.45721,46461280612.16153,-90025240201.93457,107292756837.06776,46549770805.076324,-90362109601.463943,107091773288.62836,46502355095.679878,1.1394932044632577,0.099243862566550295,-0.05604223868290472
2278936.7992785145,-90554574780.521362,106920530520.11385,46409507375.70517,-90188594405.157288,107180555370.86441,46501123851.814949,-90522291109.97966,106974160351.07384,46451424381.913918,1.1408015028222165,0.097643048107451141,-0.057915481645803527
2285684.565262109,-90714270847.820877,106802771414.22833,46357685308.411598,-90351781304.837143,107068149772.77579,46452388540.893867,-90682205710.285645,106856405112.28923,46400420227.728409,1.1420933494090928,0.095961675875883945,-0.059744816895109777
2292432.3312457032,-90873712929.271667,106684886990.89078,46305815077.696045,-90514800582.243301,106955540244.00433,46403564959.32312,-90841854317.272522,106738509170.03006,46349343343.821571,1.1433672573755538,0.094201947542237277,-0.061529646158747904
2299180.0972292973,-91032902109.760132,106566877751.10522,46253897331.419815,-90677651918.77475,106842726986.43437,46354653194.372559,-91001237864.153015,106620474098.65112,46298194433.655952,1.1446217781418213,0.092366066026208365,-0.063269406847846835
2305927.8632128919,-91191839452.149109,106448744190.25394,46201932698.776917,-90840334995.966385,106729710202.63116,46305653333.571983,-91160357302.008102,106502301449.14052,46246974193.433708,1.1458555019765999,0.090456235537977964,-0.064963570053442304
2312675.629196486,-91350525997.980225,106330486798.54677,46149921791.123451,-91002849495.495148,106616490095.83995,46256565464.711166,-91319213599.345535,106383992749.15805,46195683312.074379,1.1470670585134879,0.088474661619645664,-0.066611638683768445
2319423.3951800801,-91508962768.157318,106212106061.45717,46097865202.754173,-91165195099.185898,106503066869.98489,46207389675.839867,-91477807741.670441,106265549503.07736,46144322471.195145,1.1482551172108768,0.086423551182910549,-0.068213145733912989
2326171.1611636747,-91667150763.612732,106093602460.14638,46045763511.630295,-91327371489.017181,106389440729.66801,46158126055.267807,-91636140731.067566,106146973192.03119,46092892345.093224,1.1494183877621664,0.084305112540780797,-0.069767652678853279
2332918.9271472688,-91825090965.958282,105974976471.87674,45993617280.062218,-91489378347.126785,106275611880.16805,46108774691.56469,-91794213585.795288,106028265273.95963,46041393600.73024,1.1505556204618665,0.082121555432895343,-0.071274747980579464
2339666.6931308634,-91982784338.123016,105856228570.41501,45941427055.350586,-91651215355.817337,106161580527.43932,46059335673.560074,-91952027339.8909,105909427183.66042,45989826897.718376,1.1516656065331361,0.079875091040573859,-0.072734045703188296
2346414.4591144575,-92140231824.979385,105737359226.42587,45889193370.388573,-91812882197.561462,106047346878.11055,46009809090.343353,-92109583042.786972,105790460332.84128,45938192888.308151,1.1527471784230772,0.07756793199210181,-0.074145184227762825
2353491.6574749677,-92305102876.01445,105612556597.84837,45834363458.942604,-91982258591.023407,105927319107.17949,45957770587.525864,-92274554671.799393,105665548579.50439,45883966445.762154,1.15384979581532,0.075085341068408848,-0.075573103216044227
2360568.8558354778,-92469705517.128922,105487621431.2758,45779486894.101128,-92151447081.504166,105807069272.85936,45905635962.431534,-92439244854.41095,105540498288.67946,45829667409.072906,1.1549186686961748,0.072540976138802768,-0.076947309180913803
2367646.054195988,-92634040778.830078,105362554261.48039,45724564243.532883,-92320447303.303131,105686597615.92651,45853405318.765892,-92603654853.324844,105415311007.61812,45775296504.586502,1.1559525979562364,0.069937394991808205,-0.078267462942772162
2374723.2525564982,-92798109672.759933,105237355621.3316,45669596060.040878,-92489258890.950333,105565904377.96741,45801078760.548256,-92767785948.104309,105289988255.90317,45720854449.695778,1.1569504354835265,0.067277157028647255,-0.079533249481933452
2381800.4509170083,-92961913192.436554,105112026042.24504,45614582882.126968,-92657881479.212326,105444989801.37712,45748656392.11158,-92931639434.752121,105164531525.51869,45666341952.831596,1.1579110843823139,0.064562823180634124,-0.080744376839087736
2388877.6492775185,-93125452313.988617,104986566054.62187,45559525234.523987,-92826314703.098083,105323854129.35776,45696138318.102242,-93095216625.302444,105038942280.91953,45611759713.454887,1.158833499170439,0.061796955805866235,-0.081900575104338916
2395954.8476380287,-93288727996.884277,104860976188.27885,45504423628.6978,-92994558197.864563,105202497605.91699,45643524643.479851,-93258518847.424591,104913221959.09944,45557108422.049255,1.1597166859573347,0.058982118563712729,-0.083001595488651603
2403032.0459985388,-93451741184.655319,104735256972.86908,45449278563.321526,-93162611599.022278,105080920475.86658,45590815473.517044,-93421547444.038208,104787371969.6579,45502388760.11393,1.1605597026054255,0.056120876267814777,-0.084047209471789869
2410109.244359049,-93614492805.61734,104609408938.29349,45394090524.723839,-93330474542.340607,104959122984.8208,45538010913.799271,-93584303772.939453,104661393694.86482,45447601400.156853,1.1613616588753926,0.053215794716605778,-0.085037208022091693
2417186.4427195592,-93776983773.586777,104483432615.10312,45338859987.313301,-93498146663.853043,104837105379.19514,45485111070.224602,-93746789206.437683,104535288489.72305,45392747005.687782,1.1621217165576412,0.050269440501217996,-0.085971400883103108
2424263.6410800694,-93939214988.595398,104357328534.89215,45283587413.980293,-93665627599.862335,104714867906.20477,45432116049.003487,-93909005131.002136,104409057682.02806,45337826231.21122,1.1628390895897425,0.04728438079062134,-0.086849615922974716
2431340.8394405795,-94101187337.602753,104231097230.68161,45228273256.478241,-93832916986.945465,104592410813.8632,45379025956.658585,-94070952946.918304,104282702572.42474,45282839722.218987,1.1635130441614265,0.044263183094063491,-0.087671698542033424
2438418.0378010897,-94262901695.207062,104104739237.29375,45172917955.785439,-94000014461.958511,104469734350.98099,45325840900.024551,-94232634067.953217,104156224434.461,45227788115.182327,1.1641428988072475,0.041208415001529629,-0.088437511135045943
2445495.2361615999,-94424358924.355011,103978255091.71706,45117521942.44886,-94166919662.041458,104346838767.16437,45272560986.247849,-94394049921.02948,104029624514.63756,45172672037.543365,1.1647280244865548,0.038122643901051169,-0.089146932604642404
2452572.43452211,-94585559877.050751,103851645333.4617,45062085636.911133,-94333632224.622833,104223724312.81403,45219186322.786583,-94555201945.907303,103902904032.45424,45117492107.705811,1.1652678446523956,0.035008436674708605,-0.089799857922410797
2459649.6328826202,-94746505395.064316,103724910504.90553,45006609449.821762,-94500151787.424301,104100391239.12395,45165717017.410286,-94716091594.874298,103776064180.45192,45062248935.02478,1.1657618353069024,0.031868359372774061,-0.090396197735132633
2466726.8312431304,-94907196310.639816,103598051151.63037,44951093782.333618,-94666477988.465149,103976839798.08018,45112153178.199814,-94876720332.442276,103649106124.25052,45006943119.795609,1.1662095250455857,0.028704976866967911,-0.090935878012583307
2473804.0296036405,-95067633447.203461,103471067822.74861,44895539026.385567,-94832610466.066681,103853070242.45984,45058494913.547165,-95037089635.050812,103522031002.58234,44951575253.241524,1.1666104950879796,0.025520852483387639,-0.091418839735069535
2480881.2279641507,-95227817620.071594,103343961071.22011,44839945564.972069,-94998548858.856583,103729082825.82994,45004742332.155342,-95197200990.776932,103394839927.32089,44896145917.500153,1.1669643792955273,0.022318547615641855,-0.09184503861813427
2487958.4263246609,-95387749637.158905,103216731454.15921,44784313772.400467,-95164292805.773117,103604877802.54655,44950895543.038277,-95357055899.050537,103267533983.50499,44840655685.60865,1.1672708641755818,0.019100621319281481,-0.092214444872028914
2495035.6246851711,-95547430299.686783,103089379533.13194,44728644014.536652,-95329841946.069366,103480455427.75375,44896954655.520691,-95516655870.374954,103140114229.35789,44785105121.487488,1.1675296888713689,0.015869629888152794,-0.092527042994372047
2502112.8230456812,-95706860402.891922,102961905874.44322,44672936649.039597,-95495195919.317307,103355815957.38284,44842919779.238029,-95676002426.052353,103012581696.30161,44729494779.922714,1.1677406451371033,0.012628126414208057,-0.092782831594035928
2509190.0214061914,-95866040736.735168,102834311049.41423,44617192025.585327,-95660354365.411987,103230959648.15152,44788791024.136414,-95835097097.91333,102884937388.96587,44673825206.546677,1.1679035772974795,0.0093786603306474491,-0.092981823244824624
2516267.2197667016,-96024972086.61058,102706595634.6499,44561410486.080811,-95825316924.575409,103105886757.5631,44734568500.472549,-95993941428.050232,102757182285.19229,44618096937.817169,1.1680183821909909,0.0061237769409858986,-0.093124044367283776
2523527.0324608572,-96187746488.475098,102575460066.88829,44504151597.764755,-95994332134.326065,102977361821.20433,44678849549.22728,-96156625961.638458,102626016566.30803,44560870267.477348,1.1680860905741703,0.0027819409167424165,-0.093210990727349063
2530786.8451550128,-96350260553.98587,102444198853.21817,44446854568.340446,-96163140451.841492,102848609533.75871,44623032163.968071,-96319050386.865555,102494736257.34694,44503582947.483658,1.168103105327956,-0.00056018523016497686,-0.093238299715285272
2538046.6578491684,-96512515120.641495,102312812635.03358,44389519742.69693,-96331741489.867599,102719630175.75433,44567116464.727486,-96481216400.229095,102363342325.91632,44446235526.650963,1.1680694867812207,-0.003899870852749664,-0.093206044783725919
2545306.4705433236,-96674511024.067505,102181302060.66632,44332147457.971458,-96500134861.530075,102590424028.58661,44511102571.88208,-96643125708.425476,102231835709.9201,44388828543.521988,1.1679853529593829,-0.00723439213040818,-0.093114314485384819
2552566.2832374792,-96836249098.822937,102049667785.63292,44274738043.738434,-96668320180.338837,102460991374.51779,44454990606.152435,-96804780028.060837,102100217317.53308,44331362526.333412,1.1678508794161169,-0.010561032667922054,-0.092963212485379143
2559826.0959316348,-96997730179.206818,101917910472.87059,44217291822.18792,-96836297060.192307,102331332496.67659,44398780688.603325,-96966181085.363068,101968488027.16928,44273837992.979797,1.1676662990414484,-0.013877084101466044,-0.092752857600983771
2567085.9086257904,-97158955100.064926,101786030792.96202,44159809108.293617,-97004065115.381851,102201447679.05783,44342472940.643791,-97127330615.894455,101836648687.44417,44216255450.975266,1.16743190184651,-0.017179846712255174,-0.092483383868775318
2574345.721319946,-97319924697.596527,101654029424.34935,44102290209.970177,-97171623960.596146,102071337206.52216,44286067484.027306,-97288230364.264633,101704700117.13101,44158615397.412971,1.1671480347229373,-0.020466630043283997,-0.092154940638980123
2581605.5340141011,-97480639810.161224,101521907053.5376,44044735428.219826,-97338973210.925522,101941001364.79596,44229564440.851967,-97448882083.842926,101572643105.11118,44100918318.922371,1.1668151011764687,-0.023734753520386894,-0.091767692697492201
2588865.3467082568,-97641101279.086044,101389664375.2876,43987145057.267883,-97506112481.866409,101810440440.47108,44172963933.560692,-97609287536.470062,101440478410.31894,44043164691.624214,1.1664335610356622,-0.026981547073462921,-0.091321820415273619
2596125.1594024124,-97801309949.47258,101257302092.79898,43929519384.68708,-97673041389.325653,101679654721.00496,44116266084.941452,-97769448492.16832,101308206761.68045,43985354981.083359,1.1660039301322813,-0.030204351757347269,-0.090817519926224541
2603384.972096568,-97961266671.004623,101124820917.88336,43871858691.510201,-97839759549.625,101548644494.72046,44059471018.127548,-97929366728.84996,101175828858.04733,43927489642.259384,1.1655267799553963,-0.033400520370940268,-0.090255003334245673
2610644.7847907236,-98120972298.75618,100992221571.12813,43814163252.330666,-98006266579.505463,101417410050.80612,44002578856.597878,-98089044032.023315,101043345368.12488,43869569119.454933,1.1650027372767753,-0.036567418071408411,-0.089634498949409683
2617904.5974848792,-98280427694.000214,100859504782.05132,43756433335.39064,-98172562096.131897,101285951679.31618,43945589724.177261,-98248482194.49617,100910756930.39514,43811593846.262024,1.1644324837474886,-0.039702422983385201,-0.088956251555914315
2625164.4101790348,-98439633725.01825,100726671289.24789,43698669202.656052,-98338645717.097443,101154269671.17082,43888503745.036766,-98407683016.075775,100778064153.03508,43753564245.506111,1.1638167554656538,-0.042802926800669099,-0.088220522711301111
2632424.22287319,-98598591267.911255,100593721840.52809,43640871109.878044,-98504517060.428116,101022364318.15646,43831321043.694115,-98566648303.265366,100645267613.82983,43695480729.188164,1.1631563425129252,-0.045866335378693716,-0.087427591079797029
2639684.0355673456,-98757301207.412109,100460657193.0481,43583039306.640129,-98670175744.587402,100890235912.92601,43774041745.013992,-98725379868.956589,100512367860.08163,43637343698.424629,1.1624520884610736,-0.048890069316397944,-0.086577752800476832
2646943.8482615012,-98915764437.699982,100327478113.43404,43525174036.390404,-98835621388.480927,100757884748.99927,43716665974.208527,-98883879532.117249,100379365408.51427,43579153543.385483,1.1617048898457474,-0.051871564526426293,-0.085671321892489924
2654203.6609556568,-99073981863.217438,100194185377.89938,43467275536.458054,-99000853611.461136,100625311120.76334,43659193856.837723,-99042149117.47438,100246260745.17355,43520910643.230309,1.1609156956085964,-0.054808272791166339,-0.084708630699126972
2661463.4736498124,-99231954399.490494,100060779772.35693,43409344038.053314,-99165872033.332138,100492515323.47308,43601625518.80986,-99200190455.191986,100113054325.32408,43462615366.042519,1.1600855065047477,-0.057697662303525132,-0.083690030373003613
2668723.2863439675,-99389682973.952591,99927262092.525757,43351379766.250061,-99330676274.354492,100359497653.25163,43543961086.38205,-99358005380.542923,99979746573.342285,43404268068.761864,1.1592153744757037,-0.060537218191787874,-0.082615891405030104
2675983.0990381232,-99547168526.773209,99793633144.033951,43293382939.950005,-99495265955.250198,100226258407.09091,43486200686.160667,-99515595733.575073,99846337882.606476,43345869097.115128,1.15830640198669,-0.063324443025620777,-0.081486604199123555
2683242.9117322788,-99704412011.691818,99659893742.518173,43235353771.827591,-99659640697.207657,100092797882.85225,43428344445.101913,-99672963358.770813,99712828615.38382,43287418785.545303,1.1573597413257257,-0.066056857303477073,-0.08030257969635668
2690502.7244264344,-99861414396.858414,99526044713.720688,43177292468.254684,-99823800121.886703,99959116379.266937,43370392490.512329,-99830110104.700012,99579219102.714798,43228917457.139175,1.1563765938639179,-0.068731999918600142,-0.079064250050515622
2697766.5074439063,-100018262331.98076,99392013603.700378,43119167449.854378,-99987833451.626434,99825140905.769516,43312313178.266708,-99987123586.373932,99445436492.555176,43170333388.179375,1.1553576429270869,-0.071348842178625207,-0.077771348032307647
2705030.2904613782,-100174870889.22638,99257874430.945435,43061010654.801926,-100151650472.23555,99690944812.05275,43254138303.788269,-100143919660.17377,99311554095.956772,43111698859.204536,1.1543047156161668,-0.073903478203851194,-0.076425013678475262
2712294.0734788505,-100331241086.78813,99123628053.499054,43002822270.186127,-100315250806.20143,99556528399.957184,43195867995.648987,-100300500187.83064,99177572149.927811,43053014159.248772,1.1532191579447546,-0.076393500721197036,-0.075025748253790284
2719557.8564963224,-100487373960.76311,98989275339.914093,42944602476.246948,-100478634076.50517,99421891972.197922,43137502382.774284,-100456867033.70659,99043490859.698563,42994279565.661476,1.1521023617243527,-0.078816522535114689,-0.073574077587846939
2726821.6395137943,-100643270566.04924,98854817169.351959,42886351446.178215,-100641799906.62727,99287035832.365295,43079041594.443611,-100613022064.40829,98909310398.597473,42935495344.028572,1.150955763597421,-0.081170176875900016,-0.072070553070647705
2734085.4225312662,-100798931977.25795,98720254431.685135,42828069345.901436,-100804747920.55315,99151960284.925613,43020485760.291061,-100768967148.39224,98775030907.926804,42876661748.092918,1.1497808440169239,-0.083452117721624974,-0.070515752725372208
2741349.2055487381,-100954359289.64537,98585588027.604156,42769756333.809044,-100967477742.77901,99016665635.221832,42961835010.306061,-100924704155.56123,98640652496.838211,42817779019.67392,1.1485791261697229,-0.08566002009317529,-0.068910282363602082
2748612.98856621,-101109553620.06473,98450818868.730408,42711412560.475105,-101129988998.31769,98881152189.474304,42903089474.833939,-101080234956.85187,98506175242.208496,42758847388.586525,1.1473521748397641,-0.08779158032180101,-0.067254776828378854
2755876.7715836819,-101264516107.94281,98315947877.735703,42653038168.331375,-101292281312.70465,98745420254.781464,42844249284.576637,-101235561423.81294,98371599188.516159,42699867072.5597,1.1461015952063132,-0.089844516289371817,-0.065549901332270427
2763140.5546011543,-101419247916.28381,98180975988.469803,42594633291.306526,-101454354312.00409,98609470139.120468,42785314570.5933,-101390685428.17447,98236924347.718933,42640838277.154556,1.1448290315737055,-0.091816567641398866,-0.063796352895773539
2770404.3376186262,-101573750232.70409,98045904146.096924,42536198054.425957,-101616207622.81491,98473302151.347794,42726285464.300919,-101545608841.41061,98102150699.133591,42581761195.682831,1.1435361660312056,-0.093705495963766178,-0.061994861895221028
2777668.1206360981,-101728024270.50218,97910733307.242096,42477732573.369621,-101777840872.27756,98336916601.200165,42667162097.475105,-101700333534.28482,97967278189.315094,42522636009.123535,1.1422247170192088,-0.095509084954741405,-0.060146193725844732
2784931.90365357,-101882071269.76825,97775464440.148483,42419236953.984879,-101939253688.07971,98200313799.294479,42607944602.25045,-101854861376.39333,97832306731.941833,42463462886.041977,1.1408964378267916,-0.097225140551765177,-0.058251150590503557
2792195.6866710419,-102035892498.53813,97640098524.846146,42360711291.751137,-102100445698.46362,98063494057.129196,42548633111.12149,-102009194235.69537,97697236207.702011,42404241982.507874,1.1395531149881077,-0.098851491043991491,-0.056310573421774278
2799459.4696885142,-102189489253.99771,97504636553.332977,42302155671.192818,-102261416532.23241,97926457687.084427,42489227756.943237,-102163333978.03394,97562066464.182022,42344973442.013603,1.1381965665751037,-0.10038598716145956,-0.054325343947915168
2806723.2527059861,-102342862863.74348,97369079529.768036,42243570165.236755,-102422165818.75685,97789205002.422501,42429728672.931747,-102317282466.64642,97426797315.759811,42285657395.393402,1.1368286403848358,-0.10182650214780675,-0.052296386913274533
2813987.035723458,-102496014687.10658,97233428470.677109,42184954834.509766,-102582693187.98244,97651736317.288315,42370135992.66481,-102471041561.6655,97291428543.502136,42226293960.743256,1.1354512120086215,-0.103170931819575,-0.050224672464124827
2821250.8187409299,-102648946116.5475,97097684405.170395,42126309726.571732,-102742998270.43623,97514051946.709778,42310449850.082504,-102624613119.60976,97155959895.066483,42166883243.341644,1.1340661827720886,-0.10441719461721664,-0.048111218712955636
2828514.6017584018,-102801658579.13004,96961848375.171066,42067634875.079041,-102903080697.23419,97376152206.598083,42250670379.487839,-102777998992.86433,97020391084.607864,42107425335.571388,1.132675477536276,-0.1055632316543261,-0.04595709449382445
2835778.3847758737,-102954153538.08379,96825921435.653336,42008930298.872742,-103062940100.08844,97238037413.747971,42190797715.54734,-102931201029.15147,96884721792.691162,42047920316.842628,1.1312810423470554,-0.10660700677358494,-0.043763422322621301
2843042.1677933456,-103106432494.46529,96689904654.887543,41950196000.985123,-103222576111.31458,97099707885.837875,42130831993.291573,-103084221070.99109,96748951666.20929,41988368253.517212,1.1298848419203364,-0.10754650661889123,-0.041531381577680229
2850305.950810818,-103258496988.92902,96553799114.689102,41891431967.557877,-103381988363.83937,96961163941.430054,42070773348.115738,-103237060955.15128,96613080318.307724,41928769198.834656,1.1284888569482412,-0.10837974073581834,-0.039262211916660836
2857569.7338282899,-103410348603.62045,96417605910.66687,41832638166.664238,-103541176491.20827,96822405899.970535,42010621915.780174,-103389722512.08884,96477107328.315918,41869123192.839836,1.1270950812115381,-0.10910474171502338,-0.036957216946264339
2864833.5168457618,-103561988964.20436,96281326152.467285,41773814547.027855,-103700140127.59323,96683434081.789062,41950377832.410843,-103542207565.38025,96341032241.68573,41809430262.312515,1.1257055184757461,-0.1097195653922723,-0.034617768161894047
2871966.0534445834,-103710685448.5107,96147425643.786407,41716024703.075645,-103856012716.49796,96546765583.378632,41891132252.493217,-103691767434.51878,96207316023.40834,41750770252.369232,1.1243471071877154,-0.1102142131737192,-0.032288460245168668
2879098.5900434046,-103859181482.69295,96013443841.764343,41658205949.764824,-104011668156.33704,96409891578.398331,41831797600.616653,-103841160583.73508,96073500399.405685,41692065011.45829,1.122996602809669,-0.11059898132191234,-0.029928762675851327
2886231.1266422262,-104007478741.16502,95879381837.658752,41600358175.822998,-104167106102.56424,96272812372.611908,41772374006.692505,-103990388716.89668,95939584843.703247,41633314527.224022,1.1216559110538633,-0.11087209660796273,-0.027540189802849717
2893363.6632410479,-104155578947.79373,95745240736.444077,41542481246.131599,-104322326211.24547,96135528272.603439,41712861600.97364,-104139453529.28917,95805568798.679825,41574518774.739845,1.1203269332362362,-0.11103180915057662,-0.025124336427581179
2900496.1998398695,-104303483878.58098,95611021656.862411,41484574999.944054,-104477328139.06635,95998039585.776718,41653260514.054741,-104288356707.05382,95671451675.050171,41515677716.454857,1.119011562233484,-0.11107639323253388,-0.022682882883026185
2907628.7364386907,-104451195364.56067,95476725731.395508,41426639248.949135,-104632111543.33997,95860346620.354645,41593570876.872612,-104437099926.61717,95537232851.856339,41456791302.143196,1.1177116781404288,-0.11100414834532327,-0.020217600459550688
2914761.2730375123,-104598715294.92937,95342354106.134918,41368673775.166183,-104786676082.01476,95722449685.378311,41533792820.70639,-104585684854.11287,95402911676.468231,41397859468.856125,1.1164291436071343,-0.1108134005106951,-0.017730357192523492
2921893.809636334,-104746045620.42973,95207907940.522903,41310678328.65802,-104941021413.68222,95584349090.706268,41473926477.177826,-104734113144.79581,95268487464.593704,41338882140.877037,1.1151657988335679,-0.11050250393413258,-0.01522312402673701
2929026.3462351551,-104893188357.00671,95073388406.931351,41252652625.046547,-105095147197.58504,95446045147.013367,41413971978.251396,-104882386442.44888,95133959500.298447,41279859229.679619,1.1139234562015301,-0.11006984305628462,-0.012697981369022534
2936158.8828339768,-105040145589.75581,94938796690.040222,41194596342.815063,-105249053093.62514,95307538165.789673,41353929456.234482,-105030506378.78273,94999327036.036087,41220790633.889145,1.1127038945223138,-0.10951383507467428,-0.010157126038891193
2943291.4194327984,-105186919477.18227,94804133985.970078,41136509120.38105,-105402738762.3718,95168828459.339172,41293799043.777443,-105178474572.8284,94864589292.688843,41161676239.247215,1.1115088528811807,-0.10883293302153263,-0.0076028786204118837
2950423.9560316196,-105333512255.78889,94669401501.115189,41078390552.922455,-105556203865.06989,95029916340.778366,41233580873.873695,-105326292630.32349,94729745459.619019,41102515918.580009,1.1103400240619798,-0.10802562949408712,-0.005037691213652563
2957556.4926304412,-105479926245.00781,94534600450.615219,41020240188.940659,-105709448063.64821,94890802124.034683,41173275079.859657,-105473962143.09198,94594794694.731552,41043309531.770157,1.1091990475375366,-0.10709046114657045,-0.0024641555758274122
2964689.0292292628,-105626163852.48785,94399732056.393753,40962057526.543716,-105862471020.72787,94751486123.844803,41112881795.414787,-105621484688.41792,94459736124.548279,40984056925.732437,1.1080875020172862,-0.10602601406676497,0.00011498836822848417
2971821.5658280845,-105772227579.74503,94264797544.680511,40903842009.434288,-106015272399.63074,94611968655.752823,41052401154.56144,-105768861828.41342,94324568844.29361,40924757934.393394,1.1070068975485494,-0.10483093017454827,0.0026968436788248613
2978954.1024269057,-105918120028.17642,94129798142.922791,40845593022.588608,-106167851864.38792,94472250036.108276,40991833291.664749,-105916095109.38121,94189291917.992538,40865412378.675011,1.1059586671780275,-0.10350391479562689,0.0052783472666999964
2986086.6390257273,-106063843905.42958,93994735075.978409,40787309887.615486,-106320209079.7484,94332330582.063965,40931178341.432404,-106063186061.17212,94053904378.580719,40806020066.482582,1.1049441581888526,-0.10204374557719668,0.0078562605391168348
2993219.1756245489,-106209402032.10776,93859609561.468994,40728991857.788437,-106472343711.18764,94192210611.573654,40870436438.914452,-106210136196.53781,93918405228.027252,40746580792.696899,1.1039646229433464,-0.10044928292867462,0.01042715991869826
3000351.7122233701,-106354797348.77754,93724422804.158325,40670638112.749496,-106624255424.91623,94051890443.389648,40809607719.502968,-106356947010.4791,93782793437.470261,40687094339.17086,1.1030212093780747,-0.098719482182803672,0.012987427356608267
3007484.2488221917,-106500032923.2272,93589175989.206223,40612247752.890709,-106775943887.88876,93911370397.060165,40748692318.931694,-106503619979.59023,93647067947.365341,40627560474.730614,1.1021149512172776,-0.096853407684462642,0.015533240993475797
3014616.7854210134,-106645111957.90205,93453870274.135315,40553819793.429108,-106927408767.81241,93770650792.926529,40687690373.275642,-106650156561.39957,93511227667.647446,40567978955.181412,1.1012467579975178,-0.094850249021233027,0.018060566163308457
3021749.322019835,-106790037797.41685,93318506779.335251,40495353158.203224,-107078649733.15591,93629731952.12027,40626602018.9506,-106796558193.70697,93375271477.906113,40508349523.318192,1.1004174050235471,-0.092709339612060307,0.020565146980049777
3028881.8586186562,-106934813936.01332,93183086576.920029,40436846673.234703,-107229666453.15834,93488614196.559952,40565427392.712616,-106942826293.91821,93239198227.574402,40448671908.941055,1.0996275234097546,-0.090430177865524097,0.023042498798582455
3036014.3952174778,-107079444024.7951,93047610677.754684,40378299060.119568,-107380458597.83801,93347297848.947891,40504166631.657387,-107088962258.37709,93103006736.131516,40388945828.875687,1.0988775903874903,-0.088012451091069435,0.02548790189937156
3042955.3591126702,-107220052906.19397,92915720940.828796,40321283169.191711,-107526984696.59744,93209586760.26561,40444468707.669548,-107231047607.13916,92970358538.75766,40330777118.550781,1.0981864534167423,-0.085526535852963631,0.027832233605930352
3049896.3230078625,-107360530759.64293,92783780120.87677,40264225626.798065,-107673297507.355,93071688209.38208,40384689470.826836,-107373010371.18262,92837596078.48613,40272561946.033905,1.0975335800189148,-0.0829094399134815,0.030136823365661359
3056837.2869030549,-107500881411.70773,92651788893.558014,40207124934.042831,-107819396728.18365,92933602495.807938,40324829048.39489,-107514851776.26482,92704718186.904144,40214300015.127831,1.0969189439751375,-0.080161545991932218,0.032396663126002215
3063778.2507982473,-107641108848.98425,92519747814.46524,40149979475.310966,-107965282057.88681,92795329919.743561,40264887567.941322,-107656573026.87556,92571723669.576813,40155991018.117073,1.0963423539694384,-0.077283517262828103,0.034606530398429695
3070719.2146934397,-107781217219.90088,92387657297.742691,40092787513.34166,-108110953196.00607,92656870782.075439,40204865157.334869,-107798175305.64882,92438611306.285233,40097634635.808258,1.0958034501750187,-0.074276331233449053,0.036760994425813737
3077660.1785886325,-107921210834.62022,92255517592.494614,40035547184.977501,-108256409842.82913,92518225384.372391,40144761944.744553,-107939659772.77414,92305379851.277084,40039230537.575134,1.0953017028657064,-0.071141315874452785,0.038854426284069959
3084601.1424838249,-108061094162.60529,92123328757.039185,39978256497.831589,-108401651699.39746,92379394028.881622,40084578058.638786,-108081027565.40868,92172028033.529694,39980778381.408249,1.0948364134707773,-0.067880187622130633,0.040881013543468132
3091542.1063790172,-108200871827.38405,91991090631.153137,39920913328.145943,-108546678467.51421,92240377018.524673,40024313627.78437,-108222279797.08974,92038554557.025436,39922277813.969376,1.0944067185028852,-0.064495090703814331,0.04283478011717981
3098483.0702742096,-108340548598.02701,91858802806.563339,39863515420.141846,-108691489849.75191,92101174656.893127,39963968781.245468,-108363417557.1485,91904958101.03978,39863728470.650688,1.0940115967848516,-0.060988637046670076,0.044709611899445514
3105424.034169402,-108480129376.85388,91726464596.07019,39806060387.182404,-108836085549.46028,91961787248.244232,39903543648.38253,-108504441910.12497,91771237320.441849,39805129975.638832,1.0936498803729162,-0.057363945823480388,0.046499288730090391
3112364.9980645943,-108619619182.91119,91594075001.834518,39748545715.076698,-108980465270.77397,91822215097.496399,39843038358.85112,-108645353895.18492,91637390846.007477,39746481941.983727,1.0933202695159809,-0.053624681471845861,0.048197523113501423
3119305.9619597867,-108759023130.82117,91461632683.517456,39690968767.848587,-109124628718.62018,91682458510.22438,39782453042.600739,-108786154525.53877,91503417284.744904,39687783971.672379,1.0930213518980845,-0.049775088811431278,0.04979800595433867
3126246.9258549791,-108898346404.69775,91329135927.125031,39633326796.267456,-109268575598.72646,91542517792.65451,39721787829.873505,-108926844787.86308,91369315220.233002,39629035655.70752,1.0927516262796027,-0.04582002369090489,0.051294459352741281
3133187.8897501715,-109037594226.96352,91196582615.564758,39575616949.389343,-109412305617.62827,91402393251.659668,39661042851.20285,-109067425641.72469,91235083212.972046,39570236574.191208,1.0925095304827526,-0.041764977446722376,0.0526806962200927
3140128.8536453638,-109176771822.08167,91063970202.05661,39517836289.281372,-109555818482.67661,91262085194.754028,39600218237.412125,-109207898019.00819,91100719800.747025,39511386296.413422,1.0922934734587788,-0.037616093368037326,0.053950686141612129
3147069.8175405562,-109315884375.43996,90931295687.639572,39459981808.999474,-109699113902.04555,91121593930.087845,39539314119.613121,-109348262823.34688,90966223499.003311,39452484380.945534,1.0921018709342711,-0.033380173367182728,0.055098626534900018
3154010.7814357486,-109454936987.87901,90798555604.060501,39402050453.759735,-109842191584.73979,90980919766.441864,39478330629.204582,-109488520929.55746,90831592801.235001,39393530375.738861,1.0919331838763491,-0.029064673167385032,0.056119017748277475
3160951.7453309409,-109593934626.63567,90665746003.307083,39344039145.091438,-109985051240.60205,90840063013.221786,39417267897.870598,-109628673183.07907,90696826179.385315,39334523818.228111,1.0917859587559986,-0.024677684564676027,0.057006740344169783
3167892.7092261338,-109732882073.75337,90532862454.939377,39285944807.592552,-110127692580.32053,90699023980.452408,39356126057.578972,-109768720399.41679,90561922084.259613,39275464235.439903,1.0916588683490698,-0.020227903699564419,0.057757132444209797
3174833.6731213261,-109871783873.27469,90399900052.175049,39227764397.736656,-110270115315.43616,90557802978.771713,39294905240.579544,-109908663363.58992,90426878945.950409,39216351144.106209,1.0915507516160794,-0.015724584788186006,0.058366064719758998
3181774.6370165185,-110010644278.74968,90266853427.393433,39169494934.017815,-110412319158.34999,90416400319.424805,39233605579.402382,-110048502829.58554,90291695174.274689,39157184050.782799,1.0914606510782863,-0.011177479390436444,0.058830010426888013
3188715.6009117109,-110149467202.74239,90133716777.353027,39111133527.58194,-110554303822.33028,90274816314.257599,39172227206.855972,-110188239519.81752,90156369159.223145,39097962451.972687,1.091387846070373,-0.006596761992997963,0.059146107843229968
3195656.5648069032,-110288256170.07532,90000483897.984528,39052677412.394638,-110696069021.5197,90133051275.710526,39110770256.025352,-110327874124.59132,90020899271.421585,39038685834.254509,1.0913318803231171,-0.0019929434212781214,0.059312212588983421
3202597.5287020956,-110427014276.48129,89867148228.130249,38994123973.949783,-110837614470.94232,89991105516.811935,39049234860.270126,-110467407301.57486,89885283862.603973,38979353674.415878,1.0912925825817295,0.0026232256583290396,0.059326937643779144
3209339.0879058344,-110561759001.82884,89737538203.299362,38937157216.992516,-110974882867.10651,89853064961.597626,38989392324.694351,-110602835368.89471,89753423614.43779,38921672372.140068,1.091270487786633,0.0071082798871809549,0.059195742935655021
3216080.6471095728,-110696479069.3528,89607818217.078766,38880094297.127571,-111111943430.88097,89714854504.304443,38929476035.438011,-110738168883.58345,89621422970.899628,38863937673.723892,1.0912646220638773,0.011584712917591271,0.058921332011594545
3222822.2063133116,-110831175998.31264,89477981588.020264,38822933357.707031,-111248795903.57704,89576474433.306366,38869486115.426964,-110873408357.03979,89489280373.191467,38806149073.995911,1.0912756363841203,0.016042590468411212,0.058504571098202555
3229563.7655170504,-110965850850.42152,89348021525.365692,38765672749.513153,-111385440027.31448,89437925037.476501,38809422687.82412,-111008554269.81837,89356994247.463562,38748306059.581673,1.091304433284465,0.02047213706205819,0.057947011790847547
3236305.3247207892,-111100504231.05911,89217931186.09993,38708311038.984299,-111521875545.02725,89299206606.180725,38749285876.027405,-111143607071.202,89224563005.27243,38690408109.039833,1.0913521480570432,0.024863821548674388,0.057250861744286986
3243046.883924528,-111235136298.23378,89087703730.862076,38650847012.144386,-111658102200.46912,89160319429.271378,38689075803.667831,-111278567178.78041,89091985044.048279,38632454693.002289,1.091420123894749,0.029208434948369007,0.056418944460236452
3249788.4431282664,-111369746778.66487,88957332377.156769,38593279674.326431,-111794119738.21921,89021263797.080811,38628792594.607445,-111413434978.03589,88959258747.571609,38574445274.318352,1.0915098820804083,0.033497158663132333,0.055454649858157685
3256530.0023320052,-111504334990.09726,88826810448.517929,38535608245.952324,-111929927903.68756,88882040000.414688,38568436372.937195,-111548210821.93565,88826382486.458893,38516379308.202934,1.0916230884687521,0.037721621647114026,0.054361877597556355
3263271.561535744,-111638899868.77148,88696131418.547485,38477832154.7743,-112065526443.12041,88742648330.545364,38508007262.974846,-111682895030.5314,88693354618.657471,38458256242.38868,1.0917615175905631,0.041873945701319484,0.053144975270162022
3270013.1207394823,-111773440000.8623,88565288949.055618,38419951025.090607,-112200915103.60555,88603089079.205078,38447505389.262764,-111817487890.56621,88560173489.949097,38400075517.282066,1.0919270156984315,0.045946778626918004,0.051808673596150788
3276754.6799432212,-111907953656.6636,88434276921.842728,38361964664.516174,-112336093633.0775,88463362538.578934,38386930876.565666,-111951989655.08891,88426837434.462402,38341836566.123383,1.0921214639919472,0.0499333154944799,0.05035802066004666
3283496.23914696,-112042438826.33183,88303089463.962143,38303873048.917671,-112471061780.32262,88323469001.297974,38326283849.868362,-112086400543.07617,88293344775.194077,38283538815.150642,1.0923467431171656,0.053827308730809438,0.048798317025311462
3290237.7983506988,-112176893256.09198,88171720966.569092,38245676306.115685,-112605819294.98415,88183408760.431992,38265564434.373398,-112220720739.06239,88159693824.538406,38225181683.767311,1.092604699852491,0.057623068069111001,0.047135053303280959
3296979.3575544376,-112311314483.94225,88040166097.683472,38187374698.920944,-112740365927.56705,88043182109.482285,38204772755.498695,-112354950392.77766,88025882884.825485,38166764584.713928,1.0928971166873469,0.061315451653403186,0.045373851447385198
3303720.9167581759,-112445699874.05307,87908419809.363907,38128968608.013184,-112874701429.44286,87902789342.374313,38143908938.875099,-112489089618.79398,87891910248.867538,38108286924.243408,1.0932256847902666,0.064899849722288308,0.043520410726671122
3310462.4759619148,-112580046649.22652,87776477339.908417,38070458515.098877,-113008825552.85437,87762230753.450256,38082973110.343918,-112623138496.17969,87757774200.513596,38049748102.30027,1.0935919806638665,0.068372162345307116,0.04158045902157452
3317204.0351656536,-112714351920.95084,87644334211.764877,38011844986.704247,-113142738050.92027,87621506637.461472,38021965395.954414,-112757097068.16261,87623473015.212158,37991147512.703491,1.0939974466039522,0.071728772651868944,0.039559709802943085
3323945.5943693919,-112848612716.7442,87511986225.858932,37953128658.879013,-113276438677.63954,87480617289.560883,37960885921.961212,-112890965341.80173,87489004960.581985,37932484543.333115,1.0944433749287454,0.074966516899868649,0.037463824907440935
3330687.1535731307,-112982826004.62183,87379429453.035965,37894310223.009247,-113409927187.89592,87339563005.29512,37899734814.821693,-113024743287.66782,87354368296.990494,37873758576.320564,1.0949308958229014,0.078082652598368094,0.035298383018844498
3337428.7127768695,-113116988714.6404,87246660223.27562,37835390412.867699,-113543203337.46214,87198344080.596802,37838512201.193367,-113158430839.53291,87219561278.140305,37814968988.242569,1.0954609685498444,0.081074825738005757,0.033068853606766549
3344170.2719806083,-113251097757.57034,87113675113.279755,37776369992.969009,-113676266883.00404,87056960811.776581,37777218207.931114,-113292027894.06914,87084582151.663071,37756115150.318802,1.0960343757259496,0.083941038014802086,0.030780575957215853
3350911.8311843472,-113385150040.82027,86980470932.966263,37717249748.24691,-113809117582.08469,86915413495.51503,37715852962.08448,-113425534310.55661,86949429159.721161,37697196428.613029,1.0966517203119945,0.086679614760741888,0.028438742854842481
3357653.3903880855,-113519142481.79079,86847044711.326904,37658030475.029976,-113941755193.16817,86773702428.854645,37654416590.894897,-113558949910.60089,86814100539.616653,37638212184.23793,1.097313424964665,0.089289174137502522,0.026048388430823497
3364394.9495918243,-113653072018.88303,86713393682.033417,37598712973.256775,-114074179475.62354,86631827909.191528,37592909221.79277,-113692274477.86003,86678594524.407684,37579161773.563385,1.0980197333599306,0.091768598002081925,0.023614379660284592
3370943.359018473,-113783101291.57309,86583354153.521149,37541001662.426567,-114202605246.21005,86493861967.721283,37533096221.440521,-113821691816.00705,86546799315.881134,37521739228.60463,1.0987485762580973,0.094051551123446459,0.021212763547269323
3377491.7684451221,-113913065607.16249,86453097881.89209,37483199145.756195,-114330829291.98091,86355742359.237015,37473216470.695908,-113951022754.89058,86414833435.636658,37464253044.976913,1.0995194754695818,0.096210269382564106,0.018778533214258059
3384040.1778717707,-114042962257.72316,86322622810.984756,37425306134.45295,-114458851394.87247,86217469357.212143,37413270086.844009,-114080266992.01981,86282695256.158386,37406702621.095177,1.1003321899981744,0.098244304547955186,0.016315676779416571
3390588.5872984193,-114172788576.1794,86191927018.692871,37367323324.975601,-114586671337.63899,86079043235.405258,37353257187.327835,-114209424190.2493,86150383148.378281,37349087351.91391,1.1011863361486476,0.10015335892005563,0.013828027370137053
3397136.9967250684,-114302541938.69855,86061008706.380157,37309251396.489601,-114714288903.85532,85940464267.852737,37293177889.745712,-114338493977.58556,86017895482.23941,37291406629.122284,1.1020813933862936,0.10193726925233555,0.011319265613290323
3403685.4061517171,-114432219766.21114,85929866188.945328,37251091008.902252,-114841703877.91948,85801732728.861191,37233032311.84861,-114467475947.00249,85885230627.265045,37233659841.342087,1.1030167105383857,0.10359599243998861,0.008792923129425612
3410233.8155783657,-114561819525.20494,85798497885.561447,37192842801.402618,-114968916045.05536,85662848892.999786,37172820571.537415,-114596369656.26562,85752386953.133469,37175846374.328552,1.1039915122040933,0.10512959288803871,0.006252386801124752
3416782.2250050148,-114691338727.92188,85666902311.095444,37134507391.436501,-115095925191.31502,85523813035.092606,37112542786.860207,-114725174627.76566,85619362830.258347,37117965611.174103,1.1050049052665689,0.10653823145244672,0.0037009036183689812
3423330.6344316634,-114820774932.07132,85535078068.198395,37076085374.052299,-115222731103.58101,85384625430.210892,37052199076.009491,-114853890348.36076,85486156630.374832,37060016932.514877,1.1060558854141924,0.10782215584042512,0.0011415859331766226
3429879.0438583121,-114950125740.1593,85403023840.046631,37017577321.559723,-115349333569.5686,85245286353.665222,36991789557.319328,-114982516269.22864,85352766727.131027,37001999716.740158,1.107143343604075,0.10898169235042063,-0.0014225830185339954
3436427.4532849612,-115079388798.51854,85270738383.705765,36958983783.449593,-115475732377.8279,85105796080.997559,36931314349.262566,-115111051805.72777,85219191496.685043,36943913340.204636,1.1082660724099354,0.11001723883245321,-0.0039887434440031193
3442975.8627116098,-115208561796.11238,85138220524.084259,36900305286.528526,-115601927317.7457,84966154887.973404,36870773570.447891,-115239496337.26826,85085429318.307434,36885757177.443474,1.1094227722154393,0.1109292587527563,-0.0065541532662161707
3449524.2721382584,-115337642463.17427,85005469148.439529,36841542335.228027,-115727918179.54741,84826363050.573685,36810167339.616951,-115367849207.19266,84951478574.988953,36827530601.390182,1.1106120572212754,0.11171827624952509,-0.0091161824194925106
3456072.6815649075,-115466628569.73381,84872483201.398224,36782695412.052658,-115853704754.29834,84686420844.986542,36749495775.641304,-115496109722.6723,84817337654.0504,36769232983.596626,1.111832461267068,0.11238487207924101,-0.011672307230289168
3462621.0909915562,-115595517924.07184,84739261680.451477,36723764978.13678,-115979286833.90738,84546328547.599808,36688758997.519783,-115624277154.5733,84683004947.783661,36710863694.462204,1.1130824432988859,0.1129296803028417,-0.014220104927831033
3469169.5004182048,-115724308371.13942,84605803631.886215,36664751473.883369,-116104664211.12415,84406086434.991547,36627957124.374779,-115752350737.45007,84548478854.022278,36652422103.447052,1.1143603930112107,0.11335338580130994,-0.016757248331083056
3475717.9098448539,-115852997790.96814,84472108147.115173,36605655319.662704,-116229836679.54448,84265694783.922867,36567090275.449829,-115880329669.37332,84413757776.828598,36593907579.315445,1.1156646356734297,0.11365672220358167,-0.019281500723261902
3482266.3192715026,-115981584097.0939,84338174359.369431,36546476916.551804,-116354804033.60997,84125153871.329224,36506158570.106277,-116008213111.90651,84278840127.100922,36535319490.361328,1.1169934371995809,0.11384047049667988,-0.021790710947849738
3488814.7286981512,-116110065235.01147,84204001440.71936,36487216647.098526,-116479566068.60913,83984463974.311935,36445162127.820175,-116136000190.04688,84143724323.213531,36476657204.643364,1.1183450088534472,0.11390545804885401,-0.024282808731638284
3495363.1381248003,-116238439180.67236,84069588599.392319,36427874876.097176,-116604122580.67828,83843625370.129791,36384101068.179077,-116263689992.17795,84008408791.661484,36417920090.222656,1.1197175117531224,0.11385255803346538,-0.026755800243425287
3501911.5475514489,-116366703939.03563,83934935077.357224,36368451951.364479,-116728473366.8024,83702638336.190491,36322975510.878906,-116391281570.03369,83872891967.710114,36359107515.403206,1.121109061187507,0.11368268919628599,-0.029207763891121331
3508459.9569780976,-116494857542.67831,83800040148.148773,36308948204.50679,-116852618224.81577,83561503150.042023,36261785575.720665,-116518773938.67456,83737172296.049271,36300218848.975182,1.1225177307553642,0.11339681591576585,-0.031636846358222406
3515008.3664047467,-116622898050.46936,83664903114.906342,36249363951.671356,-116976556953.40251,83420220089.363968,36200531382.607193,-116646166076.47531,83601248231.452164,36241253460.460815,1.123941556341286,0.11299594851104079,-0.034041258875818894
3521556.7758313953,-116750823546.30945,83529523308.604324,36189699494.275192,-117100289352.09689,83278789431.958923,36139213051.539894,-116773456925.12486,83465118239.439087,36182210720.36322,1.1253785399401721,0.11248114375582574,-0.036419273726999331
3527911.8005558141,-116874859444.55124,83397908744.828857,36131720606.473671,-117220170271.87263,83141394581.719788,36079644334.953316,-116896890794.41376,83332810040.358871,36124837050.444588,1.126783748105237,0.11187364684577959,-0.038700240910913078
3534266.8252802324,-116998783532.19456,83266064364.538849,36073666702.662834,-117339856498.61241,83003861239.407578,36020015435.622375,-117020227203.75439,83200305081.294037,36067389365.500053,1.1281975607470716,0.11116093432934702,-0.040953296523174802
3540621.8500046511,-117122594119.41214,83133989623.42923,36015538022.189011,-117459347851.38875,82866189659.217728,35960326463.476143,-117143465086.85641,83067601992.350967,36009867094.173119,1.129618079418,0.11034410171304876,-0.043177009655333345
3546976.8747290699,-117246289534.73952,83001683997.025162,35957334793.627617,-117578644150.02818,82728380095.423813,35900577528.519279,-117266603344.99631,82934699415.527512,35952269666.870369,1.1310433879176089,0.10942428873038443,-0.045369993206572284
3553331.8994534886,-117369868124.26044,82869146979.742996,35899057235.275696,-117697745215.11098,82590432802.369705,35840768740.829048,-117389640847.07124,82801596005.303268,35894596515.987114,1.1324715551151761,0.10840268027163702,-0.047530901762891049
3559686.9241779069,-117493328250.83899,82736378084.031387,35840705555.613922,-117816650867.97055,82452348034.461868,35780900210.552277,-117512576429.66412,82668290429.233139,35836847076.135307,1.1339006377102983,0.10728050735149064,-0.049658429630904589
3566041.9489023257,-117616668293.396,82603376839.583374,35782279953.737732,-117935360930.69292,82314126046.161453,35720972047.902344,-117635408897.12024,82534781368.544479,35779020784.373688,1.1353286829399085,0.10605904809881496,-0.051751309018849855
3572396.9736267445,-117739886646.22629,82470142792.612045,35723780619.757584,-118053875226.11581,82175767091.976501,35660984363.156113,-117758137021.63553,82401067518.737457,35721117080.440155,1.1367537312401959,0.10473962875582968,-0.053808308357998436
3578751.9983511628,-117862981718.35422,82336675505.182281,35665207735.168549,-118172193577.82785,82037271426.454056,35600937266.650826,-117880759543.35695,82267147590.188644,35663135406.986328,1.1381738188702566,0.10332362467479603,-0.055828230758067962
3585107.0230755815,-117985951932.92387,82202974554.592865,35606561473.189728,-118290315810.16736,81898639304.172104,35540830868.780998,-118003275170.4951,82133020308.757568,35605075209.814186,1.1395869805060426,0.101812461301,-0.057809912589016077
3591462.0478000003,-118108795726.62117,82069039532.803345,35547841999.074013,-118408241748.22119,81759870979.73172,35480665279.995239,-118125682579.44939,81998684416.396317,35546935938.114998,1.1409912518095664,0.10020761513264057,-0.059752222184578645
3597817.0725244191,-118231511549.12468,81934870045.900742,35489049470.388916,-118525971217.82332,81620966707.749008,35420440610.793137,-118247980414.94595,81864138671.761749,35488717044.710159,1.1423846719796176,0.098510614648880196,-0.061654058660030618
3604172.0972488374,-118354097862.58224,81800465713.601974,35430184037.269333,-118643504045.55325,81481926742.847031,35360156971.722015,-118370167290.1888,81729381850.830475,35430417986.294266,1.143765286289012,0.096723041196292478,-0.063514350838916753
3610527.1219732561,-118476553141.11052,81665826168.788315,35371245842.643021,-118760840058.73434,81342751339.647766,35299814473.373695,-118492241787.02425,81594412747.516052,35372038223.680054,1.1451311486131979,0.094846529828651049,-0.065332056283804868
3616882.1466976749,-118598875870.31461,81530951057.068542,35312235022.429886,-118877979085.43188,81203440752.763992,35239413226.38131,-118614202456.11914,81459230174.288666,35313577222.045395,1.1464803239538486,0.092882770090231423,-0.067106160424501668
3623237.1714220932,-118721064546.82529,81395840036.367996,35253151705.715919,-118994920954.45096,81063995236.791168,35178953341.415993,-118736047817.15292,81323832962.796585,35255034451.182228,1.1478108909602149,0.090833506738498965,-0.068835675780361552
3629592.1961465119,-118843117677.85124,81260492776.540939,35193996014.902946,-119111665495.33438,80924415046.29924,35118434929.183578,-118857776359.02425,81188219964.489655,35196409385.747261,1.1491209444514769,0.088700540397922953,-0.070519641270162595
3635947.2208709307,-118965033780.74387,81124908959.004364,35134768065.835205,-119228212538.36006,80784700435.824554,35057858100.421303,-118979386540.07182,81052390051.244171,35137701505.514534,1.1504085979424676,0.086485728141122278,-0.072157121606644031
3642302.245595349,-119086811382.57251,80989088276.391006,35075467967.903778,-119344561914.53853,80644851659.861603,34997222965.89447,-119100876788.31053,80916342115.989334,35078910295.629745,1.151671986172736,0.084190983989850893,-0.073747206770117563
3648657.2703197678,-119208449019.70811,80853030432.220139,35016095824.130058,-119460713455.61014,80504868972.854813,34936529636.393066,-119222245501.68254,80780075073.334427,35020035246.866135,1.1529092676418071,0.081818279333133279,-0.07528901155786015
3655012.2950441865,-119329945237.41295,80716735140.5849,34956651731.229294,-119576666994.04199,80364752629.190369,34875778222.728432,-119343491048.32397,80643587860.197205,34961075855.882057,1.1541186271492681,0.079369643254664973,-0.076781675204518923
3661367.3197686053,-119451298589.43518,80580202125.85466,34897135779.655296,-119692422363.02481,80224502883.188019,34814968835.729797,-119464611766.84746,80506879436.432404,34902031625.479965,1.1552982783406189,0.076847162768407307,-0.0782243610708767
3667722.3444930236,-119572507637.606,80443431122.391632,34837548053.627449,-119807979396.46957,80084119989.092789,34754101586.240936,-119585605966.64078,80369948785.460678,34842902064.866821,1.1564464662573639,0.074252982955006055,-0.079616256395829421
3674077.3692174423,-119693570951.4382,80306421874.280869,34777888631.141083,-119923337929.00389,79943604201.066803,34693176585.116692,-119706471928.18204,80232794914.897186,34783686689.915825,1.1575614698907404,0.071589306996974522,-0.080956572109824404
3680238.9181194208,-119810808056.2392,80173356101.92012,34719977124.833313,-120034994740.12854,79807239705.417419,34634051381.509483,-119823534087.39204,80099602587.277161,34726191713.689911,1.1586092511916664,0.068942507424234314,-0.08220611082987675
3686400.4670213987,-119927905536.39445,80040065922.532532,34661998348.438438,-120146464648.67006,79670750754.764664,34574872094.443764,-119940472436.05978,79966198656.121964,34668615191.651909,1.1596227540640165,0.06623461704444325,-0.083405766430630843
3692562.0159233771,-120044862106.67326,79906551127.724075,34603952356.207237,-120257747505.81372,79534137580.489792,34515638824.966202,-120057285330.96098,79832582285.437164,34610956701.910706,1.1606005149415708,0.063467799571718206,-0.084554883023799002
3698723.5648253551,-120161676487.2235,79772811516.855865,34545839196.802162,-120368843163.36378,79397400413.872345,34456351674.121231,-120173971104.56786,79698752662.789169,34553215829.386147,1.1615411091391521,0.060644269249416932,-0.08565282546906991
3704885.1137273335,-120278347403.2173,79638846896.861633,34487658913.24942,-120479751473.7395,79260539486.083008,34397010742.948006,-120290528065.39232,79564708999.83844,34495392166.037254,1.1624431530238692,0.05776629040798472,-0.086698979428897857
3711046.6626293119,-120394873584.49203,79504657082.074036,34429411542.882607,-120590472289.97099,79123555028.176834,34337616132.477478,-120406954498.34409,79430450532.87059,34437485311.090919,1.1633053061759255,0.054836176922684693,-0.087692751457962376
3717208.2115312899,-120511253765.18631,79370241894.059479,34371097117.278419,-120701005465.69482,78986447271.086227,34278167943.729347,-120523248665.10425,79295976523.32515,34379494871.270935,1.1641262735336384,0.051856291570630098,-0.088633569125422765
3723369.7604332683,-120627486683.37038,79235601161.461365,34312715662.185482,-120811350855.1496,78849216445.614075,34218666277.709068,-120639408804.51421,79161286258.321198,34321420461.02718,1.16490480751988,0.048829045284754125,-0.089520881167436922
3729531.3093352467,-120743571080.67047,79100734719.851852,34254267197.44693,-120921508313.17105,78711862782.42691,34159111235.404861,-120755433132.98044,79026379051.179947,34263261702.764923,1.1656397101460894,0.045756896304444475,-0.09035415766810441
3735692.8582372246,-120859505701.88687,78965642411.591797,34195751736.917595,-121031477695.18726,78574386512.048126,34099502917.784725,-120871319844.89511,78891254241.943451,34205018227.074009,1.1663298350885851,0.042642349221423237,-0.091132890266248073
3741854.407139203,-120975289294.60535,78830324085.699005,34137169288.376492,-121141258857.21344,78436787864.851196,34039841425.793392,-120987067113.07275,78755911197.889191,34146689672.957779,1.1669740897337952,0.03948795392124619,-0.091856592386444683
3748015.9560411815,-121090920608.80167,78694779597.72493,34078519853.435383,-121250851655.84662,78299067071.052979,33980126860.349384,-121102673089.20317,78620349314.040054,34088275688.061665,1.167571437187086,0.036296304419572954,-0.092524799491994214
3754177.5049431594,-121206398396.43935,78559008809.639633,34019803427.444099,-121360255948.26012,78161224360.707184,33920359322.342014,-121218135904.32074,78484568013.669205,34029775928.901146,1.1681208982404314,0.033070037594069075,-0.093137069357991945
3760339.0538451378,-121321721411.06036,78423011589.725098,33961019999.393269,-121469471592.19783,78023259963.697632,33860538912.628376,-121333453669.29021,78348566748.79924,33971190061.088993,1.1686215532941993,0.029811831812029205,-0.093692982362617291
3766500.6027471158,-121436888407.36879,78286787812.477188,33902169551.815189,-121578498445.96822,77885174109.731979,33800665732.030437,-121448624475.3091,78212345000.695465,33912517759.561619,1.1690725442276746,0.026524405454908497,-0.094192141794685352
3772662.1516490942,-121551898140.80779,78150337358.51593,33843252060.683342,-121687336368.43825,77746967028.335114,33740739881.332031,-121563646394.42686,78075902280.35228,33853758708.804253,1.169473076213233,0.023210515341388627,-0.094634174175905889
3778823.7005510726,-121666749367.12962,78013660114.504745,33784267495.311264,-121795985219.02696,77608638948.843018,33680761461.275955,-121678517480.08081,77939238128.972595,33794912603.07489,1.1698224194693778,0.019872955049998798,-0.095018729596220888
3784985.2494530506,-121781440841.95938,77876755973.078232,33725215818.251228,-121904444857.69893,77470190100.396408,33620730572.561054,-121793235767.64893,77802352118.439438,33735979146.626667,1.1701199109462768,0.016514553144068321,-0.09534548206001979
3791146.798355029,-121895971320.35231,77739624832.778915,33666096985.19326,-122012715144.95753,77331620711.934677,33560647315.839287,-121907799275.0195,77665243851.779266,33676958053.928555,1.1703649559395819,0.013138171301335662,-0.095614129842655327
3797308.3472570069,-122010339556.34517,77602266598.003174,33606910944.865028,-122120795941.83792,77192931012.189926,33500511791.712906,-122022206003.17781,77527912963.616455,33617849049.884121,1.1705570296274146,0.0097467023501945603,-0.095824395855155731
3803469.8961589853,-122124544302.50217,77464681178.956116,33547657638.932915,-122228687109.89981,77054121229.680969,33440324100.73156,-122136453936.80956,77390359120.618317,33558651870.048122,1.1706956785238811,0.0063430682173076939,-0.095976028015889531
3809631.4450609637,-122238584309.45549,77326868491.616028,33488337001.904751,-122336388511.22015,76915191592.707611,33380084343.389523,-122250541044.92123,77252582021.930069,33499366260.840755,1.1707805218459066,0.0029302177887301209,-0.096068799628239734
3815792.9939629417,-122352458325.44138,77188828457.708099,33428948961.034477,-122443900008.38548,76776142329.345078,33319792620.122871,-122364465281.47731,77114581399.599213,33439991979.759243,1.1708112527869448,-0.00048887531040340355,-0.096102509762939381
3821954.5428649201,-122466165095.83177,77050561004.687927,33369493436.229,-122551221464.4841,76636973667.438354,33259449031.306751,-122478224586.05414,76976357018.988464,33380528795.586605,1.1707876396936963,-0.0039112150141033999,-0.096076983644178091
3827945.1181385173,-122576555132.28368,76915912159.215881,33311622927.833138,-122655382579.30765,76501552466.019852,33200730254.028618,-122588667141.93713,76841753433.032425,33322630178.783726,1.1707124306728065,-0.0072388378180556065,-0.095995231368808026
3833935.6934121144,-122686784727.31233,76781048221.184479,33253688458.722179,-122759363799.55113,76366018824.498672,33141962636.59877,-122698949913.45367,76706937990.590042,33264647125.195168,1.1705856315577099,-0.010563890585206558,-0.095857232596014239
3839926.2686857115,-122796852717.5253,76645969139.501236,33195689934.833019,-122863165000.70731,76230372951.620209,33083146271.086185,-122809070971.52724,76571910568.711472,33206579454.100792,1.1704072391800251,-0.013883571765092962,-0.095662899904520454
3845916.8439593087,-122906757935.2928,76510674868.222366,33137627255.231625,-122966786058.68796,76094615055.906219,33024281249.496067,-122919028376.67288,76436671075.56221,33148426995.571507,1.1701773207443553,-0.017195068446739292,-0.095412170622055772
3851907.4192329058,-123016499208.32974,76375165366.581711,33079500312.043312,-123070226849.81633,75958745345.65062,32965367663.767639,-123028820179.6349,76301219450.725616,33090189590.635231,1.1698960143770423,-0.020495558622983773,-0.095105007167761324
3857897.994506503,-123126075359.27715,76239440599.028595,33021308990.385212,-123173487250.81921,75822764028.915649,32906405605.771976,-123138444422.03786,76165555665.492783,33031867091.439198,1.1695635295717528,-0.023782213493816352,-0.094741397395094518
3863888.5697801001,-123235485205.28329,76103500535.274673,32963053168.300781,-123276567138.81909,75686671313.528015,32847395167.309914,-123247899137.05034,76029679723.138931,32973459361.408356,1.1691801475296093,-0.027052199802625333,-0.094321354935214111
3869879.1450536973,-123344727557.58524,75967345150.349945,32904732716.696156,-123379466391.32593,75550467407.075394,32788336440.109974,-123357182350.06152,75893591659.186371,32914966275.399639,1.1687462213905924,-0.030302682200285265,-0.093844919540708699
3875869.7203272944,-123453801221.09109,75830974424.667953,32846347499.278122,-123482184886.22891,75414152516.902893,32729229515.826382,-123466292079.3701,75757291541.652878,32856387719.85191,1.1682621763547616,-0.033530825632291504,-0.093312157430103543
3881860.2956008916,-123562704993.96356,75694388344.100388,32787897372.493366,-123584722501.78806,75277726850.109894,32670074486.037106,-123575226336.88518,75620779471.285461,32797723592.931328,1.1677285096906633,-0.036733797741796213,-0.092723161633383538
3887850.8708744887,-123671437667.20525,75557586900.06105,32729382185.468666,-123687079116.62563,75141190613.546997,32610871442.241962,-123683983128.83891,75484055581.778641,32738973804.67194,1.1671457906300489,-0.039908771284039517,-0.092078052339236313
3893841.4461480854,-123779998024.24608,75420570089.599274,32670801779.951561,-123789254609.71736,75004544013.81308,32551620475.860813,-123792560456.51035,75347120039.977066,32680138277.111256,1.1665146601458369,-0.043052926545781509,-0.091376977243965277
3899832.0214216826,-123888384840.53343,75283337915.502884,32612155990.250999,-123891248860.38373,74867787257.252747,32492321678.231762,-123900956316.96033,75209973046.061523,32621216944.420586,1.1658358306142751,-0.046163453763575904,-0.090620111904115494
3905822.5966952797,-123996596883.12498,75145890386.410843,32553444643.177486,-123993061748.28088,74730920549.953766,32432975140.609505,-124009168703.77667,75072614833.718491,32562209753.029945,1.1651100853575891,-0.049237555535650256,-0.089807660091841976
3911813.1719688768,-124104632910.28508,75008227516.935364,32494667557.981987,-124094693153.39157,74593944097.744965,32373580954.163673,-124117195607.82941,74935045670.291946,32503116661.747276,1.164338278069305,-0.052272449220373197,-0.088939854156205339
3917803.747242474,-124212491671.0845,74870349327.793808,32435824546.292999,-124196142956.01598,74456858106.194092,32314139209.977287,-124225035018.03549,74797265856.91777,32443937641.871761,1.1635213321190934,-0.055265369315734857,-0.088016955389650819
3923794.3225160711,-124320171905.00412,74732255845.950119,32376915412.05098,-124297411036.76228,74319662780.606079,32254649999.045284,-124332684922.13251,74659275728.639618,32384672677.301086,1.1626602397382948,-0.058213569814486658,-0.087039254402386301
3929784.8977896683,-124427672341.54245,74593947104.766052,32317939951.43935,-124398497276.53738,74182358326.021454,32195113412.273102,-124440143307.46072,74521075654.506302,32325321764.632324,1.1617560610859969,-0.061114326527356357,-0.086007071505281432
3935775.4730632654,-124534991699.82729,74455423144.161972,32258897952.811134,-124499401556.53723,74044944947.215027,32135529540.475384,-124547408161.75296,74382666037.649963,32265884913.256363,1.1608099231951934,-0.063964939369871202,-0.084920757103651587
3941766.0483368626,-124642128688.2314,74316684010.787369,32199789196.61034,-124600123758.23729,73907422848.694794,32075898474.374702,-124654477473.93184,74244047315.344788,32206362145.445568,1.1598230187992917,-0.066762734606300389,-0.083780692102896348
3947756.6236104597,-124749082003.99228,74177729758.200989,32140613455.286972,-124700663763.38283,73769792234.701065,32016220304.600441,-124761349234.91338,74105219959.045792,32146753496.434551,1.1587966050405587,-0.069505067044967409,-0.082587288328915737
3953747.1988840569,-124855850332.83569,74038560447.060623,32081370493.204632,-124801021453.97914,73632053309.205917,31956495121.687717,-124868021438.41673,73966184474.407394,32087059014.493813,1.1577320020597488,-0.072189322179087259,-0.081340988964739042
3959737.774157654,-124962432348.60289,73899176145.322495,32022060066.539505,-124901196712.28169,73494206275.912811,31896723016.076385,-124974492081.77905,73826941401.281311,32027278760.996124,1.1566305914684942,-0.074812918268198525,-0.080042269006051214
3965728.3494312512,-125068826712.88109,73759576928.450134,31962681923.16951,-125001189420.78625,73356251338.256485,31836904078.110184,-125080759166.77501,73687491313.693604,31967412810.47541,1.1554938147050624,-0.077373308353989576,-0.078691635737926341
3971610.3184366548,-125173108312.36124,73622299553.124786,31904314138.918659,-125099191580.34651,73220692666.489899,31778124149.713898,-125184899696.68282,73550368558.702972,31908548905.20472,1.1543446868445446,-0.079823354456644277,-0.077315500867218737
3977492.2874420588,-125277206409.23064,73484815151.028641,31845880565.241451,-125197017525.32523,73085030355.334396,31719299244.006142,-125288840179.95576,73413047421.191681,31849602562.085411,1.1531643811429499,-0.082207705452875229,-0.075890381005882857
3983374.2564474624,-125381119700.03336,73347123815.978394,31787380939.399986,-125294667145.11441,72949264596.605469,31660429446.230961,-125392578742.18684,73275528540.370026,31790573888.964199,1.1519544201618472,-0.084524058882953973,-0.074416850110363808
3989256.2254528659,-125484846868.58109,73209225649.627258,31728814990.419624,-125392140329.29266,72813395581.87088,31601514841.540649,-125496113516.14032,73137812586.930313,31731463006.065941,1.1507163749647509,-0.086770151357558709,-0.072895514152817281
3995138.1944582695,-125588386585.62125,73071120761.700272,31670182438.923798,-125489436967.61594,72677423502.45195,31542555514.995403,-125599442642.50989,72999900262.927933,31672270046.01152,1.1494518631043611,-0.088943760038615399,-0.071327011693924317
4001020.1634636736,-125691737508.50328,72932809270.2388,31611482996.951744,-125586556950.00845,72541348549.424759,31483551551.563057,-125702564270.67679,72861792301.64241,31612995153.82822,1.1481625465112664,-0.091042704037732264,-0.06971201449238007
4006902.1324690771,-125794898280.84189,72794291301.854706,31552716367.757633,-125683500166.55344,72405170913.621948,31424503036.118893,-125805476559.46716,72723489467.418594,31553638486.95256,1.1468501292844349,-0.093064845729323512,-0.068051228154883001
4012784.1014744807,-125897867532.17577,72655566991.994476,31493882245.589329,-125780266507.48413,72268890785.63443,31365410053.445534,-125908177677.90775,72584992555.487701,31494200215.225449,1.1455163553847327,-0.095008091975267842,-0.066345392830415059
4018666.0704798847,-126000643877.61998,72516636485.214035,31434980315.445114,-125876855863.17459,72132508355.813568,31306272688.232983,-126010665805.97943,72446302391.768188,31434680520.879631,1.1441630062321475,-0.09687039526053684,-0.064595283953395519
4024548.0394852883,-126103225917.51016,72377499935.46489,31376010252.806488,-125973268124.13063,71996023814.273529,31247091025.078716,-126112939135.36746,72307419832.646637,31375079598.519318,1.14279189820753,-0.09864975473625541,-0.062801713040037871
4030430.0084906919,-126205612237.03641,72238157506.392303,31316971723.345135,-126069503180.98085,71859437350.893875,31187865148.487869,-126214995870.20807,72168345764.738342,31315397655.091965,1.1414048800578276,-0.10034421716976766,-0.060965528542570507
4036311.9774960959,-126307801405.86432,72098609371.646896,31257864382.60215,-126165560924.46765,71722749155.322403,31128595142.873543,-126316834227.83026,72029081104.628098,31255634909.85215,1.1400038302065274,-0.10195187780119951,-0.059087616766770192
4042193.9465014995,-126409791977.74055,71958855715.210846,31198687875.637466,-126261441245.43831,71585959416.978302,31069281092.55722,-126418452439.49229,71889626798.59079,31195791594.317562,1.1385906539680699,-0.10347088110677369,-0.057168902858240896
4048075.9155069031,-126511582490.08006,71818896731.740219,31139441836.647388,-126357144034.83621,71449068325.055389,31009923081.769211,-126519848751.11194,71749983822.292343,31135867952.216972,1.1371672806657704,-0.10489942146814273,-0.055210351862985549
4053957.8845123067,-126613171463.53148,71678732626.925644,31080125888.548183,-126452669183.69206,71312076068.525787,30950521194.649284,-126621021423.9897,71610153180.470795,31075864239.430325,1.1357356606532953,-0.10623574375164115,-0.053212969869049498
4059839.8535177107,-126714557401.51726,71538363617.873566,31020739642.52354,-126548016583.11531,71174982836.143707,30891075515.247326,-126721968735.52438,71470135906.598083,31015780723.920815,1.1342977622367836,-0.10747814379760283,-0.05117780523500292
4065721.8225231143,-126815738789.74457,71397789933.510925,30961282697.533802,-126643186124.28554,71037788816.449493,30831586127.524166,-126822688979.92,71329933062.5224,30955617685.659096,1.1328555684981427,-0.10862496882488544,-0.049105949913092937
4071603.7915285178,-126916714095.68272,71257011815.016556,30901754639.784798,-126738177698.44409,70900494197.773956,30772053115.352406,-126923180468.88344,71189545738.091492,30895375416.539536,1.1314110740157703,-0.10967461775411497,-0.046998540873717694
4077485.7605339219,-127017481768.00243,71116029516.283386,30842155042.154263,-126832991196.88577,70763099168.242813,30712476562.517426,-127023441532.3121,71048975050.757401,30835054220.288643,1.1299662814805302,-0.11062554145637905,-0.044856761639089596
4083367.7295393255,-127118040235.97186,70974843304.416077,30782483463.573864,-126927626510.95067,70625603915.781586,30652856552.718483,-127123470518.97058,70908222145.162521,30774654412.365681,1.1285231982051283,-0.11147624293456369,-0.042681843934311105
4089249.698544729,-127218387908.80444,70833453460.269318,30722739448.364922,-127022083532.01611,70488008628.120392,30593193169.569828,-127223265797.15596,70767288192.707764,30714176319.855549,1.1270838325214432,-0.11222527744544152,-0.040475069463811138
4095131.6675501326,-127318523174.95221,70691860279.033447,30662922525.526268,-127116362151.48886,70350313492.799301,30533486496.602016,-127322825755.35069,70626174391.102768,30653620281.353996,1.1256501900639604,-0.11287125257524105,-0.038237771822284196
4101013.6365555367,-127418444401.33908,70550064070.874451,30603032207.972767,-127210462260.7973,70212518697.173584,30473736617.263229,-127422148802.86253,70484881963.899048,30592986646.845264,1.1242242699324871,-0.11341282827962476,-0.035971338548033555
4106895.6055609402,-127518149932.52739,70408065161.636719,30543067991.723503,-127304383751.38397,70074624428.419479,30413943614.920769,-127521233370.45084,70343412160.005981,30532275777.572311,1.1228080607306221,-0.11384871690441831,-0.033677213328634201
4112770.5399627695,-127617519236.39349,70266034081.46373,30483101203.548901,-127398014508.83119,69936795967.629593,30354179160.088306,-127619959840.72466,70201935760.789597,30471560791.391472,1.1214052084733426,-0.11417735411238379,-0.031359688399749015
4118645.4743645987,-127716669989.14732,70123801484.558243,30423059634.380711,-127491466858.08975,69798868644.223022,30294371851.338177,-127718445338.60852,70060284973.060211,30410769508.508938,1.1200159614442988,-0.11439814599503843,-0.029017593938565418
4124520.408766428,-127815600468.73891,69981367747.415451,30362942726.213921,-127584740690.99011,69660842644.205627,30234521771.506752,-127816688368.16513,69918461113.955856,30349902321.660175,1.1186422447846309,-0.11450996624279919,-0.026652551017363763
4130395.3431682568,-127914308926.75015,69838733265.773239,30302749900.495121,-127677835899.34866,69522718153.429321,30174629003.356537,-127914687457.14896,69776465523.766968,30288959634.197224,1.1172859560757542,-0.11451174097660333,-0.0242662470478472
4136270.2775700861,-128012793587.13298,69695898455.799622,30242480557.069633,-127770752374.96106,69384495357.598541,30114693629.578014,-128012441157.55141,69634299565.378311,30227941859.924377,1.1159489606929893,-0.11440244900057275,-0.021860438854303804
4142145.2119719153,-128111052644.83998,69552863755.425461,30182134073.08654,-127863490009.59596,69246174442.277008,30054715732.791653,-128109948046.12869,69491964623.697037,30166849422.927284,1.1146330869985892,-0.11418112219249854,-0.019436955943792533
4148020.1463737446,-128209084264.34152,69409629625.842834,30121709801.866856,-127956048694.98871,69107755592.894196,29994695395.54977,-128207206724.90318,69349462105.083298,30105682757.400826,1.113340121354198,-0.11384684601386058,-0.016997703976796594
4153895.0807755738,-128306886578.02342,69266196553.192413,30061207071.742043,-128048428322.8365,68969238994.753326,29934632700.339062,-128304215821.67378,69206793436.729263,30044442307.458336,1.1120718029827883,-0.11339876039382407,-0.014544668442378813
4159770.0151774031,-128404457684.46072,69122565050.465439,30000625184.8722,-128140628784.7906,68830624833.036682,29874527729.581993,-128400973990.45241,69063960066.092087,29983128526.95512,1.110829818641617,-0.11283606061289442,-0.012079918532335665
4165644.9495792324,-128501795646.56424,68978735659.648819,29939963416.055786,-128232649972.45274,68691913292.814751,29814380565.639843,-128497479911.96118,68920963460.2211,29921741879.277115,1.1096157971255496,-0.11215799891112724,-0.0096056112148284363
4171519.8839810616,-128598898489.59845,68834708954.144821,29879221011.545727,-128324491777.36942,68553104559.052811,29754191290.814671,-128593732294.04288,68777805105.159256,29860282837.150352,1.1084313035678892,-0.11136388614528417,-0.007123995494070107
4177394.8183828909,-128695764199.07169,68690485541.499458,29818397187.890285,-128416154091.02684,68414198816.618454,29693959987.351707,-128689729872.0752,68634486505.303337,29798751882.435322,1.1072778335741085,-0.11045309403446574,-0.0046374168437814077
4183269.7527847197,-128792390718.50258,68546066066.476707,29757491130.821018,-128507636804.84631,68275196250.289253,29633686737.441811,-128785471409.3644,68491009182.755821,29737149505.916416,1.1061568071797723,-0.10942505794346254,-0.0021483217914528619
4189144.687186549,-128888775947.07056,68401451214.518433,29696501994.214767,-128598939810.17986,68136097044.760429,29573371623.223934,-128880955697.51807,68347374676.668701,29675476207.086708,1.1050695626439693,-0.10827928028871849,0.00034073737541397766
4195019.6215883782,-128984917737.16248,68256641715.6325,29635428899.161945,-128690062998.30589,67996901384.65274,29513014726.787724,-128976181556.79671,68203584542.580345,29613732493.928322,1.1040173500925168,-0.10701533465691913,0.0028270978216571522
4200894.5559902079,-129080813891.83386,68111638348.753288,29574270933.179142,-128781006260.42545,67857609454.520325,29452616130.176086,-129071147836.44403,68059640351.745659,29551918882.688622,1.1030013250345432,-0.10563287073383985,0.0053079813461029473
4206769.4903920367,-129176462162.20912,67966441946.62072,29513027149.610764,-128871769487.65845,67718221438.858749,29392175915.387878,-129165853414.99571,67915543690.460777,29490035897.652473,1.102022541781724,-0.10413162014588345,0.0077804895979630686
4212644.4247938655,-129271860244.85376,67821053401.224106,29451696567.271637,-128962352571.04034,67578737522.112923,29331694164.380569,-129260297200.56657,67771296159.382431,29428084070.910835,1.1010819468126676,-0.10251140332192986,0.010241599408493264
4218519.3591956953,-129367005779.16074,67675473669.856743,29390278170.390377,-129052755401.51903,67439157888.685226,29271170959.07299,-129354478131.11595,67626899372.843307,29366063942.125969,1.1001803721326193,-0.10077213748515244,0.012688158337334405
4224394.2935975241,-129461896344.80408,67529703781.824814,29328770908.92181,-129142977869.95192,67299482722.943741,29210606381.34816,-129448395174.69125,67482354958.163818,29303976058.293587,1.099318528696412,-0.098913845884692764,0.015116880552942129
4230269.2279993538,-129556529459.32538,67383744845.849701,29267173699.305328,-129233019867.10342,67159712209.230217,29150000513.056,-129542047329.64969,67337664554.96096,29241820973.502037,1.0984969999748557,-0.096936668374282289,0.01752434319005132
4236144.1624011826,-129650902575.93246,67237598058.196724,29205485425.755474,-129322881283.64262,67019846531.868423,29089353436.016296,-129635433624.85805,67192829814.455452,29179599248.689087,1.0977162357638399,-0.094840873437571513,0.019906983352285322
4242019.0968030123,-129745013081.60553,67091264711.552322,29143704942.179295,-129412562010.14119,66879885875.172226,29028665232.021461,-129728553119.87068,67047852398.777199,29117311451.396275,1.096976546354975,-0.092626871746561798,0.022261095955567922
4247894.0312048411,-129838858295.62167,66944746204.659294,29081831074.823776,-129502061937.07164,66739830423.453896,28967935982.839527,-129821404905.08553,66902733980.270691,29054958155.521435,1.0962780972048909,-0.090295231321148459,0.024582832636692954
4253886.6870049005,-129934307800.88406,66795102582.675552,29018619932.699974,-129593168871.51918,66596871081.273529,28905947644.182228,-129915840524.72713,66754564167.301666,28991288551.169548,1.0956081564422893,-0.087796442208494627,0.026913596135980648
4259879.342804959,-130029475423.54027,66645269627.561684,28955309087.905338,-129684087457.58745,66453813494.439056,28843916770.733192,-130009995785.13506,66606251188.519249,28927552022.379406,1.0949809938418846,-0.085177019893297151,0.029202132210467208
4265871.9986050185,-130124358097.98798,66495249235.340279,28891897232.713394,-129774817578.70456,66310657858.613701,28781843449.215397,-130103869820.89099,66457796847.17543,28863749197.062313,1.0943962929192024,-0.082438189391395827,0.031443904612052841
4271864.654405077,-130218952686.68132,66345043466.729309,28828383051.601299,-129865359118.18631,66167404369.494736,28719727766.338253,-130197461800.41245,66309202954.552147,28799880708.91251,1.0938535665574465,-0.079581430223240573,0.033634235084634936
4277857.3102051364,-130313255983.42635,66194654561.239845,28764765230.168068,-129955711959.23589,66024053222.822281,28657569808.800842,-130290770926.00586,66160471329.203262,28735947197.127426,1.0933521571254443,-0.07660850173320298,0.035768313008404912
4283849.9660051949,-130407264718.32054,66044084951.538971,28701042465.634281,-130045875984.94347,65880604614.388313,28595369663.29525,-130383796433.89606,66011603796.201241,28671949306.127823,1.0928912386085357,-0.073521469587697064,0.037841208399691899
4289842.6218052544,-130500975564.57957,65893337277.806229,28637213479.010708,-130135851078.28647,65737058740.045372,28533127416.509769,-130476537594.23286,65862602186.388596,28607887685.277721,1.0924698210480135,-0.070322733035379656,0.039847888670712421
4295835.2776053129,-130594385147.48816,65742414401.748138,28573277028.989731,-130225637122.12973,65593415795.715469,28470843155.132275,-130568993711.07471,65713468335.635468,28543762988.604877,1.092086757574487,-0.067015052386968116,0.041783239526211255
4301827.9334053723,-130687490055.69577,65591319419.866592,28509231927.566509,-130315233999.22626,65449675977.39856,28408516965.853382,-130661164122.35011,65564204084.10347,28479575874.521664,1.0917407542949398,-0.06360157603628519,0.043642090321395148
4307820.5892054308,-130780286855.04407,65440055675.512268,28445077057.339012,-130404641592.21808,65305839481.181366,28346148935.369801,-130753048199.7971,65414811275.517097,28415327005.547058,1.0914303832486372,-0.06008586620696145,0.045419244124399599
4313813.2450054903,-130872772105.06396,65288626769.192818,28380811390.364105,-130493859783.63739,65161906503.245613,28283739150.387497,-130844645348.88129,65265291756.44278,28351017048.029671,1.0911540985803356,-0.056471922475914559,0.047109512611072671
4319805.9008055497,-130964942378.20946,65137036566.558456,28316434008.364998,-130582888455.90797,65017877239.876633,28221287697.624977,-130935955008.69272,65115647375.576866,28286646671.872437,1.0909102559877157,-0.0527642020088578,0.048707755770989153
4325798.5566056082,-131056794281.80693,64985289203.456062,28251944123.992867,-130671727491.34689,64873751887.471504,28158794663.816467,-131026976651.82253,64965879983.042587,28222216550.258945,1.090697135384999,-0.04896763535348659,0.050208926218891489
4331791.2124056676,-131148324482.58875,64833389087.43824,28187341102.748756,-130760376772.1664,64729530642.547188,28096260135.715054,-131117709784.21938,64815991429.696823,28157727359.381828,1.090512966588008,-0.045087636588471029,0.051608117690466977
4337783.8682057261,-131239529733.55463,64681340895.140114,28122624485.074703,-130848836180.47601,64585213701.748657,28033684200.095898,-131208153945.02658,64665983566.447571,28093179778.173553,1.0903559576678838,-0.0411301066346976,0.052900617061176845
4343776.5240057856,-131330406902.76743,64529149564.999603,28057794008.032501,-130937105598.28503,64440801261.856628,27971066943.759285,-131298308706.40042,64515858243.581932,28028574488.039604,1.0902243254565736,-0.037101428611011102,0.054081958973723379
4349769.1798058441,-131420953003.54744,64376820284.902977,27992849625.914066,-131025184907.505,64296293519.795471,27908408453.533779,-131388173673.3101,64365617310.105904,27963912172.594582,1.0901163275162311,-0.033008454271736043,0.055147981909145494
4355761.8356059035,-131511165225.39412,64224358474.482895,27927791529.075119,-131113073989.95265,64151690672.640633,27845708816.279175,-131477748483.32021,64215262613.095802,27899193517.401207,1.090030294731386,-0.028858480796155165,0.056094884306480214
4361754.491405962,-131601040964.84248,64071769761.983597,27862620160.265068,-131200772727.35283,64006992917.626244,27782968118.88961,-131567032806.35593,64064795997.062325,27834419209.712685,1.0899646635487295,-0.024659217521518,0.056919279148410773
4367747.1472060215,-131690577855.3708,63919059955.824066,27797336227.744663,-131288281001.34184,63862200452.152252,27720186448.296425,-131656026344.45221,63914219303.327126,27769589938.218369,1.089918006801176,-0.02041874259293661,0.057618245306431323
4373739.80300608,-131779773795.4222,63766235011.229309,27731940714.54644,-131375598693.47072,63717313473.791702,27657363891.471161,-131744728831.48682,63763534369.412872,27704706392.793205,1.0898890620148873,-0.016145449943712,0.058189373897680974
4379732.4588061394,-131868626973.60011,63613300992.540985,27666434883.339386,-131462725685.20903,63572332180.297539,27594500535.428375,-131833140032.89868,63612743028.446487,27639769264.250885,1.0898767561247344,-0.01184798747927478,0.0586308079616156
4385725.1146061979,-131957135890.147,63460264032.049255,27600820276.508461,-131549661857.94847,63427256769.609535,27531596467.228512,-131921259745.39157,63461847108.576622,27574779244.101128,1.0898802256175373,-0.0075351877901594462,0.058941273924285421
4391717.7704062574,-132045299373.92622,63307130286.386101,27535098711.243801,-131636407093.00696,63282087439.860764,27468651773.980606,-132009087796.62418,63310848432.4049,27509737024.310982,1.0898988312955713,-0.0032159931345857088,0.059120103583460905
4397951.5091120861,-132136642203.72998,63147739906.05751,27466621927.78553,-131726439323.22357,63130978538.350891,27403131817.225639,-132100139496.84526,63153668033.864235,27442023526.310287,1.0899338130787075,0.0012740983398209648,0.059166392710082755
4404185.2478179149,-132227609815.30585,62988258266.654228,27398034292.266476,-131816264681.75584,62979768447.197838,27337568093.490044,-132190875319.02124,62996380447.581017,27374255072.359737,1.0899845488890147,0.0057513583291658888,0.059070841497312079
4410418.9865237437,-132318202078.34898,62828692069.42514,27329338704.722237,-131905883034.78923,62828457390.132462,27271960701.010891,-132281295173.47383,62838987702.174583,27306432441.300293,1.0900511227161198,0.010205898715124406,0.058834811439773545
4416652.7252295725,-132408419262.3725,62669047836.351242,27260538306.684799,-131995294248.44351,62677045591.141449,27206309738.094749,-132371399005.13892,62681491817.230774,27238556411.422726,1.0901338766979167,0.014628077383844659,0.058460348148169479
4422886.4639354013,-132498262023.21918,62509331865.049484,27191636449.340775,-132084498188.77841,62525533274.474236,27140615303.120728,-132461186793.11682,62523894802.701508,27170627760.205532,1.0902333915055551,0.019008583340200173,0.057950143074716541
4429120.2026412301,-132587731383.42181,62349550189.486298,27122636659.023987,-132173494721.79951,62373920664.649689,27074877494.543392,-132550658550.21039,62366198658.323738,27102647264.059135,1.0903504607514625,0.023338512484148911,0.057307484685967566
4435353.9413470589,-132676828707.31151,62189708547.340614,27053542601.204247,-132262283713.46414,62222207986.462532,27009096410.89566,-132639814322.45201,62208405373.057861,27034615698.07645,1.0904860606682336,0.027609432248039901,0.056536201080795913
4441587.6800528876,-132765555671.93346,62029812354.512955,26984358044.116661,-132350865029.68761,62070395464.989571,26943272150.791573,-132728654188.62033,62050516924.545738,26966533835.789913,1.0906413164439093,0.031813433906493452,0.055640596277953161
4447821.4187587164,-132853914234.91504,61869866686.935783,26915086823.094223,-132439238536.34933,61918483325.595657,26877404812.928997,-132817178259.74739,61892535278.588173,26898402448.935097,1.0908174666350745,0.035943171997916815,0.054625382476268664
4454055.1574645452,-132941906600.44298,61709876269.525574,26845732806.533329,-132527404099.29921,61766471793.939362,26811494496.092262,-132905386678.61751,61734462388.64212,26830222307.220921,1.0910158270272448,0.03999189089288846,0.05349561053304891
4460288.896170374,-133029535184.45337,61549845471.84874,26776299864.2537,-132615361584.36404,61614361095.978531,26745541299.154701,-132993279619.2581,61576300195.337311,26761994178.106586,1.0912377551897559,0.043953439065980489,0.052256600730209046
4466522.6348762028,-133116802580.03329,61389778309.863571,26706791838.827404,-132703110857.35405,61462151457.975464,26679545321.081093,-133080857286.42403,61418050626.012444,26693718826.58522,1.0914846167867049,0.047822272051311711,0.050913875636435166
4472756.3735820306,-133203711523.89102,61229678452.954575,26637212520.262154,-132790651784.06938,61309843106.501961,26613506660.930065,-133168119915.07547,61259715594.270699,26625397014.974281,1.0917577544987267,0.05159344537081665,0.049473096554232862
4478990.1122878594,-133290264864.58858,61069549235.39238,26567565624.244743,-132877984230.3069,61157436268.443985,26547425417.856354,-133255067769.85109,61101296999.554459,26557029502.712719,1.092058460177485,0.055262598918274147,0.047940004696812276
4485223.8509936882,-133376465533.06067,60909393671.326645,26497854773.991432,-132965108061.86674,61004931171.006348,26481301691.113041,-133341701144.53616,60942796726.739288,26488617046.164997,1.0923879506392238,0.058825934368551852,0.04632036789652972
4491457.589699517,-133462316515.7796,60749214472.439957,26428083485.618683,-133052023144.55913,60852328041.716911,26415135580.05368,-133428020361.52757,60784216645.746613,26420160398.431801,1.0927473472959963,0.062280187176225701,0.044619933326858478
4497691.3284053458,-133547820830.77505,60589014067.449371,26358255156.843849,-133138729344.21112,60699627108.430656,26348927184.134319,-133514025771.29549,60625558611.175194,26351660309.167549,1.0931376596510527,0.065622594649421953,0.042844386435730665
4503925.0671111746,-133632981506.58733,60428794622.725166,26288373058.749928,-133225226526.67348,60546828599.333542,26282676602.915474,-133599717751.84306,60466824461.951012,26283117524.404613,1.0935597725399859,0.068850861453054982,0.040999316052288987
4510158.8058170034,-133717801564.12505,60268558063.394638,26218440330.300114,-133311514557.82738,60393932742.946121,26216383936.063999,-133685096708.16452,60308016020.995377,26214532786.384258,1.0940144368901381,0.071963123732049356,0.03909018544064894
4516392.5445228321,-133802284001.31493,60108306094.40332,26148459975.262783,-133397593303.59135,60240939768.126938,26150049283.354889,-133770163071.70245,60149135094.910912,26145906833.39418,1.0945022636957498,0.074957912862514714,0.037122308935938701
4522626.2832286609,-133886431780.36961,59948040221.109451,26078434861.201542,-133483462629.92805,60087849904.075676,26083672744.672997,-133854917299.80501,59990183473.685143,26077240399.612644,1.0950237208568119,0.077834119656017789,0.035100833702500271
4528860.0219344897,-133970247817.45906,59787761769.085129,26008367720.193954,-133569122402.8511,59934663380.336189,26017254420.014656,-133939359875.18346,59831162930.411377,26008534214.959133,1.0955791325086055,0.080590959664320769,0.033030726098754036
4535093.7606403185,-134053734974.54726,59627471902.885612,25938261150.962223,-133654572488.43192,59781380426.799187,25950794409.489243,-134023491305.37088,59672075221.026505,25939789004.951408,1.0961686804651383,0.083227940070756498,0.030916762108973168
4541327.4993461473,-134136896053.1434,59467171643.626564,25868117622.12413,-133739812752.80646,59628001273.704842,25884292813.320663,-134107312122.18263,59512922084.065399,25871005490.568951,1.0967924074028388,0.085744828511499824,0.028763521298211636
4547892.4694387484,-134224126399.73076,59298343532.69458,25794209616.130249,-133829355293.63773,59466368528.931938,25814212788.467236,-134195251583.64693,59345243460.743034,25798526522.248016,1.0974861247029957,0.088265621343223397,0.026458221085754144
4554457.4395313505,-134311001243.47853,59129505795.306053,25720265806.492577,-133918664818.48247,59304629615.330734,25744086869.858398,-134282847838.83653,59177496169.215065,25726006696.10553,1.0982173850109311,0.090653465423676763,0.024119091530311873
4561022.4096239517,-134397523612.59496,58960659221.074745,25646288641.878712,-134007741171.26585,59142784803.101082,25673915174.980145,-134370101592.33578,59009682175.931068,25653446837.012268,1.0989857767957045,0.092908824443399846,0.021750765184916105
4567587.3797165528,-134483696447.91389,58791804494.977013,25572280435.678951,-134096584196.02632,58980834362.883003,25603697821.465794,-134457013575.90836,58841803424.898102,25580847763.645973,1.0997907477712563,0.095032353772864314,0.019357635119941451
4574152.3498091549,-134569522602.90962,58622942211.472626,25498243373.292744,-134185193736.92416,58818778565.758804,25533434927.09745,-134543584547.81998,58673861837.464943,25508210288.354565,1.1006316146116555,0.097024874945075792,0.016943861032194068
4580717.319901756,-134655004844.59251,58454072887.03138,25424179519.442364,-134273569638.24982,58656617683.254944,25463126609.807346,-134629815292.16748,58505859312.125542,25435535217.027084,1.1015075729007511,0.098887352969089126,0.014513376682088892
4587282.2899943572,-134740145855.08974,58285196971.182549,25350090825.394711,-134361711744.43243,58494351987.343521,25392772987.679016,-134715706618.2151,58337797724.340996,25362823348.972076,1.1024177071189436,0.10062087628369695,0.012069898292262276
4593847.2600869592,-134824948233.74348,58116314856.212143,25275979136.001186,-134449619900.04796,58331981750.443642,25322374178.948471,-134801259359.73813,58169678926.379585,25290075476.803455,1.1033610005076542,0.10222663914221104,0.009616933600063585
4600412.2301795604,-134909414499.58682,57947426885.634102,25201846196.489346,-134537293949.82738,58169507245.422684,25251930302.005291,-134886474374.37457,58001504747.174316,25217292386.333496,1.104336344690015,0.10370592621306375,0.007157791311416333
4606977.2002721615,-134993547094.08101,57778533361.55899,25127693658.960072,-134624733738.66478,58006928745.597092,25181441475.393517,-134971352542.9855,57833276992.196892,25144474856.472725,1.1053425489551563,0.10506009918092719,0.0046955907502456307
4613542.1703647636,-135077348384.01918,57609634551.079506,25053523088.56039,-134711939111.62531,57844246524.73317,25110907817.812572,-135055894769.02428,57664997443.348,25071623659.136635,1.1063783491392818,0.10629058514115804,0.0022332715396013361
4620107.1404573647,-135160820664.52005,57440730691.784149,24979335969.31477,-134798909913.9529,57681460857.047737,25040329448.118103,-135140101977.91504,57496667858.863007,24998739559.158936,1.1074424160596532,0.10739886658985263,-0.00022639681442574122
4626672.1105499659,-135243966162.05095,57271821996.502434,24905133709.607819,-134885645991.07809,57518572017.208321,24969706485.322636,-135223975116.44102,57328289973.232262,24925823314.211075,1.1085333634733481,0.10838647282585477,-0.0026808055352035404
4633237.0806425679,-135326787037.43282,57102908657.376816,24830917647.31945,-134972147188.62566,57355580280.333466,24899039048.59626,-135307515152.14282,57159865497.135727,24852875674.727928,1.1096497555468579,0.10925497259553087,-0.0051274974582879466
4639802.0507351691,-135409285388.79111,56933990849.346962,24756689054.61908,-135058413352.42184,57192485921.992798,24828327257.267242,-135390723072.72699,56991396117.39109,24779897383.839413,1.1107901138345075,0.11000596782584474,-0.0075641582383450812
4646367.0208277702,-135491463254.42599,56765068733.123405,24682449142.429699,-135144444328.50194,57029289218.206802,24757571230.822472,-135473599885.48531,56822883496.914558,24706889177.307667,1.1119529237718337,0.11064108830677805,-0.0099886079170306494
4652931.9909203723,-135573322615.58235,56596142457.719856,24608199064.575924,-135230239963.11736,56865990445.446564,24686771088.907928,-135556146616.72478,56654329274.694023,24633851783.469814,1.1131366406955823,0.11116198719839857,-0.012398792875563993
4659496.9610129735,-135654865399.1068,56427212162.604912,24533939921.631786,-135315800102.74263,56702589880.633469,24615926951.329098,-135638364311.20863,56485735065.773865,24560785923.185917,1.1143396954086411,0.11157033725182608,-0.014792778184073522
4666061.9311055746,-135736093479.9838,56258277979.526863,24459672764.48513,-135401124594.08246,56539087801.138458,24545038938.051216,-135720254031.60864,56317102461.250504,24487692309.791912,1.1155604993095309,0.11186782764585325,-0.017168740352895388
4672626.9011981767,-135817008683.74638,56089340034.059082,24385398597.636356,-135486213284.07843,56375484484.781479,24474107169.199566,-135801816857.96869,56148433028.278465,24414571649.057404,1.1167974491091397,0.11205616135356516,-0.019524960482788865
4679191.8712907778,-135897612788.7607,55920398446.907028,24311118382.248981,-135571066019.91559,56211780209.830688,24403131765.059692,-135883053887.1797,55979728310.086258,24341424639.148056,1.1180489311595954,0.11213705296249649,-0.021859817807423489
4685756.841383379,-135977907528.38562,55751453335.012482,24236833038.969154,-135655682649.02902,56047975255.00145,24332112846.077515,-135963966232.46632,55810989826.001099,24268251970.592255,1.1193133254185845,0.11211222688325329,-0.024171783617124725
4692321.811475981,-136057894593.01035,55582504812.486351,24162543450.531105,-135740063019.11018,55884069899.455345,24261050532.859421,-136044555022.88506,55642219071.482498,24195054326.251995,1.1205890090745292,0.11198341588891721,-0.026459415550342445
4698886.7815685822,-136137575631.97455,55413552991.397308,24088250464.164547,-135824206978.11304,55720064422.799164,24189944946.172359,-136124821402.83403,55473417518.163727,24121832381.297756,1.1218743598560939,0.11175235993401193,-0.028721352238228404
4705801.4775590422,-136221172258.37872,55235597405.94471,24009996998.956749,-135912577608.70345,55547214170.686272,24115004797.561275,-136209016339.51004,55295591939.9991,24044684250.010674,1.123236855186164,0.11140035694819722,-0.031074587219334045
4712716.1735495022,-136304433007.97948,55057638412.300529,23931741580.502357,-136000685623.96774,55374253484.579468,24040016917.840961,-136292856258.21031,55117735463.552696,23967510671.108891,1.1246063955552388,0.11093890959027673,-0.033396474511057823
4719630.8695399631,-136387359673.02571,54879676138.462296,23853485086.513462,-136088530847.23201,55201182692.785995,23964981448.702568,-136376342547.89117,54939849723.044952,23890312405.69445,1.1259811081746094,0.11037007087727678,-0.03568567954469247
4726545.5655304231,-136469954003.57617,54701710712.566605,23775228360.991798,-136176113102.175,55028002124.154243,23889898532.034508,-136459476614.06334,54761936323.670448,23813090205.321274,1.1273591341765319,0.10969589932362005,-0.037940944481722257
4733460.2615208831,-136552217709.3241,54523742263.333054,23696972216.314884,-136263432212.83514,54854712108.071632,23814768309.922199,-136542259878.23375,54583996841.693298,23735844811.98436,1.1287386312599883,0.10891845855798873,-0.040161083275127192
4740374.9575113431,-136634152461.31171,54345770920.444397,23618717435.159512,-136350488003.61746,54681312974.462715,23739590924.64785,-136624693777.36288,54406032824.549103,23658576958.112793,1.1301177760812318,0.10803981707146208,-0.042344977072254528
4747289.6535018031,-136715759893.5435,54167796814.874603,23540464772.276299,-136437280299.30032,54507805053.786987,23664366518.690147,-136706779763.33748,54228045790.952393,23581287366.566048,1.1314947664134403,0.10706204807241028,-0.044491569936577956
4754204.349492264,-136797041604.50647,53989820079.175072,23462214956.127991,-136523808925.04184,54334188677.036713,23589095234.723915,-136788519302.45857,54050037231.009163,23503976750.633396,1.132867823096315,0.10598722942959957,-0.046599864867479038
4761119.045482724,-136877999158.60518,53811840847.727448,23383968690.40316,-136610073706.38631,54160464175.734802,23513777215.619778,-136869913874.9445,53872008606.333778,23426645814.036243,1.1342351917978803,0.10481744368494079,-0.048668920098061071
4768033.741473184,-136958634087.51927,53633859256.969513,23305726655.415585,-136696074469.27028,53986631881.932404,23438412604.44371,-136950964974.44884,53693961350.169334,23349295250.932919,1.1355951446054315,0.10355477812279519,-0.050697845652277002
4774948.437463644,-137038947891.49008,53455875445.600266,23227489509.399166,-136781811040.02853,53812692128.206642,23363001544.456631,-137031674107.5927,53515896867.511353,23271925745.925911,1.1369459814645801,0.10220132488329249,-0.052685800143509119
4781863.1334541049,-137118942040.54308,53277889554.768341,23149257889.706844,-136867283245.39993,53638645247.658279,23287544179.113945,-137112042793.51158,53337816535.233833,23194537974.071182,1.1382860314812557,0.10075918110985019,-0.054631987798508454
4788777.8294445649,-137198617975.65198,53099901728.247765,23071032413.921574,-136952490912.53285,53464491573.909439,23212040652.065086,-137192072563.41602,53159721702.217422,23117132600.889355,1.1396136541013993,0.099230449122224465,-0.056535655690902201
4795692.5254350249,-137277977109.85025,52921912112.603584,22992813680.88633,-137037433868.99088,53290231441.101044,23136491107.152966,-137271764960.16615,52981613689.478722,23039710282.378506,1.1409272401818618,0.097617236608388655,-0.058396091170417067
4802607.2214254849,-137357020829.29488,52743920857.350182,22914602271.659908,-137122111942.75783,53115865183.890579,23060895688.413498,-137351121537.85959,52803493790.30088,22962271665.028496,1.1422252129645358,0.09592165682868331,-0.060212619474131389
4809521.9174159449,-137435750494.28728,52565928115.103691,22836398750.404228,-137206524962.24306,52941393137.449608,22985254540.075047,-137430143861.4324,52625363270.364487,22884817385.836483,1.1435060289647079,0.094145828827941827,-0.061984601507610676
4816436.6134064058,-137514167440.25552,52387934041.730064,22758203665.208614,-137290672756.2863,52766815637.46138,22909567806.557877,-137508833506.27289,52447223367.878647,22807348072.323544,1.144768178783951,0.092291877650936466,-0.063711431784598885
4823351.3093968658,-137592272978.702,52209938796.489883,22680017548.855965,-137374555154.16254,52592133020.11853,22833835632.473644,-137587192057.84772,52269075293.711914,22729864342.552261,1.1460101878568068,0.090361934557616527,-0.065392536514437258
4830266.0053873258,-137670068398.11966,52031942542.180336,22601840919.535099,-137458171985.58655,52417345622.120537,22758058162.624748,-137665221111.3403,52090920231.522423,22652366805.144978,1.1472306171393558,0.08835813723614766,-0.067027371827514323
4837180.7013777858,-137747554964.88074,51853945445.275307,22523674281.503567,-137541523080.71762,52242453780.671448,22682235542.003819,-137742922271.3006,51912759337.887512,22574856059.302814,1.1484280637486923,0.086282630009225481,-0.068615422129833001
4844095.3973682458,-137824733924.10028,51675947676.063545,22445518125.704445,-137624608270.16357,52067457833.477875,22606367915.793262,-137820297151.30472,51734593742.391487,22497332694.809757,1.1496011614560833,0.084137563959757411,-0.070156198571693876
4851010.0933587067,-137901606500.47763,51497949408.785202,22367372930.340557,-137707427384.9855,51892358118.746078,22530455429.364471,-137897347373.62918,51556424547.818085,22419797292.07724,1.1507485814082814,0.081925097243848846,-0.071649237644405284
4857924.7893491667,-137978173899.11804,51319950821.766838,22289239161.409248,-137789980256.70102,51717154975.18,22454498228.277359,-137974074568.93143,51378252830.21817,22342250422.142441,1.1518690325097223,0.079647395163330525,-0.073094099865437856
4864839.4853396267,-138054437306.33701,51141952097.554031,22211117273.200092,-137872266717.28915,51541848741.979118,22378496458.279831,-138050480375.94379,51200079639.046204,22264692646.693378,1.1529612619549912,0.077306630361127823,-0.074490368571365317
4872020.0223488491,-138133312226.5997,50957110125.186478,22130004975.974876,-137957434595.46997,51359693973.68528,22299525723.797859,-138129485270.56192,51015055973.692345,22184142150.057304,1.1540643119722256,0.074811464014445356,-0.075888463018509336
4879200.5593580715,-138211861880.14926,50772268420.857925,22048906452.057564,-138042314816.18552,51177428783.930809,22220507248.563564,-138208147217.73706,50830032937.687523,22103581096.733898,1.1551343048566982,0.072253093808208643,-0.077233311204329858
4886381.096367293,-138290087536.53955,50587427204.340988,21967822173.166718,-138126907192.88602,50995053554.24231,22141441196.429367,-138286468078.18527,50645011615.941582,22023010083.820541,1.1561699718564091,0.069633978753693662,-0.078524517304386601
4893561.6333765155,-138367990447.11972,50402586700.921776,21886752599.385315,-138211211539.5752,50812568666.712326,22062327731.463646,-138364449720.66479,50459993062.947189,21942429697.619423,1.1571700907706828,0.066956586942566315,-0.07976170733751492
4900742.1703857379,-138445571845.93005,50217747141.546547,21805698179.580158,-138295227670.81454,50629974503.997154,21983167017.950172,-138442094021.65854,50274978302.898224,21861840513.654766,1.158133486419255,0.064223395629694036,-0.080944528204671629
4907922.7073949603,-138522832950.58765,50032908762.964073,21724659351.791397,-138378955401.72723,50447271449.314377,21903959220.387482,-138519402865.0661,50089968329.802155,21781243096.688526,1.1590590310966327,0.061436891292685286,-0.082072646810596991
4915103.2444041828,-138599774963.16348,49848071807.863632,21643636543.594372,-138462394548.00217,50264459886.440628,21824704503.488277,-138596378141.90436,49904964107.586411,21700638000.734566,1.1599456450149526,0.058599569663941642,-0.083145749263855193
4922283.7814134043,-138676399071.05194,49663236525.008072,21562630172.435596,-138545544925.89758,50081540199.709412,21745403032.178875,-138673021750.01633,49719966570.198502,21620025769.071106,1.1607922967364352,0.055713935737262098,-0.084163540149570074
4929464.3184226267,-138752706447.83398,49478403169.361443,21481640645.944592,-138628406352.2449,49898512774.008957,21666054971.598633,-138749335593.78769,49534976621.699333,21539406934.251312,1.161598003596948,0.052782503746331512,-0.085125741871038371
4936644.8554318491,-138828698254.13483,49293572002.211082,21400668362.223312,-138710978644.45236,49715377994.780281,21586660487.099476,-138825321583.87015,49349995136.350151,21458782018.112,1.1623618321221441,0.049807797116053862,-0.086032094055376804
4943825.3924410716,-138904375638.4769,49108743291.283363,21319713710.114452,-138793261620.50836,49532136248.015182,21507219744.245373,-138900981636.91144,49165022958.692215,21378151531.780128,1.1630828984362698,0.046792348385589808,-0.086882353019590505
4951005.929450294,-138979739738.12906,48923917310.852928,21238777069.450142,-138875255098.9852,49348787920.254433,21427732908.811871,-138976317675.29108,48980060903.619583,21297515975.677235,1.163760368664851,0.043738699103152048,-0.087676291293364059
4958186.4664595155,-139054791679.95248,48739094341.845055,21157858811.282276,-138956958899.04221,49165333398.585999,21348200146.785664,-139051331626.86148,48795109756.444557,21216875839.521507,1.164393459330954,0.040649399691865387,-0.088413697195126303
4965367.0034687379,-139129532581.24387,48554274671.930603,21076959298.095543,-139038372840.42929,48981773070.643303,21268621624.364147,-139126025424.69373,48610170272.955849,21136231602.327492,1.1649814377458696,0.037527009286981237,-0.089094374458112038
4972547.5404779604,-139203963550.57639,48369458595.613564,20996078884.004425,-139119496743.49005,48798107324.603798,21188997507.955101,-139200401006.82739,48425243179.469398,21055583732.4034,1.165523622392961,0.034374095544276541,-0.089718141903758847
4979728.0774871828,-139278085688.63876,48184646414.310432,20915217914.934895,-139200330429.16513,48614336549.187347,21109327964.176292,-139274460316.02411,48240329172.871544,20974932687.345848,1.1660193833055319,0.031193234420526326,-0.090284833159567063
4986908.6144964043,-139351900089.073,47999838436.421494,20834376728.791904,-139280873718.99536,48430461133.654915,21029613159.855179,-139348205299.52393,48055428920.65477,20894278914.031979,1.1664681424374794,0.02798700992427787,-0.09079429641889715
4994089.1515056267,-139425407839.3107,47815034977.393448,20753555655.61335,-139361126435.12494,48246481467.807144,20949853262.028584,-139421637908.80423,47870543060.94574,20813622848.608959,1.1668693740266398,0.024758013839910796,-0.091246394240468015
5001269.6885148492,-139498610021.40857,47630236359.773529,20672755017.711369,-139441088400.30457,48062397941.983315,20870048437.942513,-139494760099.34027,47685672202.525932,20732964916.480812,1.1672226049497416,0.021508845422540786,-0.091641003385784403
5008450.2255240716,-139571507712.88306,47445442913.254372,20591975129.801487,-139520759437.89459,47878210947.060104,20790198855.051884,-139567573830.36725,47500816924.844505,20652305532.292419,1.1675274150684307,0.018242111067048025,-0.091978014691907417
5015630.762533294,-139644101987.54419,47260654974.709816,20511216299.120281,-139600139371.8681,47693920874.45063,20710304681.02037,-139640081064.64276,47315977778.023743,20571645099.910812,1.1677834375659502,0.014960423949256601,-0.092257332978614923
5022811.2995425155,-139716393916.32907,47075872888.221336,20430478825.532059,-139679228026.81403,47509528116.103493,20630366083.720238,-139712283768.20978,47131155282.856903,20490984012.403614,1.1679903592722933,0.011666403642135996,-0.092478876988023859
5029991.836551738,-139788384568.1347,46891097005.094818,20349763001.624924,-139758025227.94037,47325033064.5019,20550383231.232208,-139784183910.15881,46946349930.798607,20410322652.014645,1.1681479209783576,0.0083626757060433869,-0.092642579355476998
5037172.3735609604,-139860075010.65045,46706327683.86792,20269069112.796715,-139836530801.07712,47140436112.663017,20470356291.84544,-139855783462.38943,46761562183.948036,20329661390.136742,1.168255917737075,0.0050518712553105248,-0.092748386610467345
5044443.0005123457,-139932360119.95221,46519247231.644318,20187385439.89114,-139915724020.28235,46953419708.9608,20389280554.213337,-139927977081.61249,46574474395.319176,20247988588.410385,1.1683146141206442,0.001695015134175277,-0.09279649171628819
5051713.627463731,-140004339642.35001,46332174269.273911,20105724822.753147,-139994617890.39703,46766299644.61235,20308159964.368019,-139999866597.63901,46387405518.504021,20166316620.124565,1.1683222410943195,-0.0016636518930852715,-0.092785172883950842
5058984.2544151172,-140076014687.68179,46145109191.564667,20024087535.5625,-140073212232.58252,46579076329.283432,20226994697.665672,-140071454064.80542,46200355941.034882,20084645836.619896,1.1682787576974731,-0.0050213839999888842,-0.092714418456959616
5066254.8813665025,-140147386368.03329,45958052400.852028,19942473845.20116,-140151506868.66748,46391750173.198875,20145784929.681614,-140142741539.36948,46013326019.440102,20002976577.685696,1.16818418112311,-0.0083754315949761873,-0.092584231689957039
5073525.5083178878,-140218455798.62164,45771004306.953522,19860884011.293282,-140229501621.15155,46204321587.142075,20064530836.210335,-140213731079.24249,45826316079.188553,19921309171.515797,1.1680385869534295,-0.011723041895825898,-0.092394630899144556
5080796.1352692731,-140289224098.67847,45583965327.112923,19779318286.235104,-140307196313.20874,46016790982.454834,19983232593.265671,-140284424743.71713,45639326414.627388,19839643934.661465,1.1678421093743803,-0.015061459524505005,-0.092145649641937943
5088066.7622206584,-140359692392.33243,45396935885.93364,19697776915.214474,-140384590768.69107,45829158771.037216,19901890377.080963,-140354824593.18994,45452357288.912979,19757981171.981316,1.1675949413687454,-0.01838792711840697,-0.09183733692543089
5095337.3891720437,-140429861809.4913,45209916415.301575,19616260136.219852,-140461684812.13226,45641425365.347374,19820504364.109291,-140424932688.8786,45265408933.935356,19676321176.588375,1.1672973348857505,-0.021699685958405351,-0.091469757444742825
5102608.0161234289,-140499733486.72348,45022907354.297546,19534768180.038494,-140538478268.7515,45453591178.401642,19739074731.023689,-140494751092.53281,45078481550.236427,19594664229.7943,1.1669496009867042,-0.024993976611337086,-0.091042991851064375
5109878.6430748152,-140569308568.13922,44835909149.09935,19453301270.243492,-140614970964.45715,45265656623.774475,19657601654.717445,-140564281866.1387,44891575306.922279,19513010601.050789,1.1665521099650096,-0.028268039585124072,-0.090557137050395933
5117149.2700262005,-140638588206.27145,44648922252.873795,19371859623.169296,-140691162725.85077,45077622115.59877,19576085312.304428,-140633527071.61606,44704690341.569923,19431360547.888378,1.1661052914393863,-0.031519115996569369,-0.090012306533862413
5124419.8969775857,-140707573562.95636,44461947125.658577,19290443447.875057,-140767053380.23108,44889488068.565834,19494525881.119392,-140702488770.50775,44517826760.128555,19349714315.852524,1.1656096344193929,-0.034744448248064573,-0.089408630740698838
5131690.523928971,-140776265810.21393,44274984234.23468,19209052946.095448,-140842642755.59808,44701254897.925804,19412923538.71838,-140771169023.66129,44330984636.816048,19268072138.437241,1.1650656873413296,-0.037941280713106582,-0.088746257455107155
5138961.1508803563,-140844666131.12881,44088034051.989174,19127688312.178165,-140917930680.65714,44512923019.4879,19331278462.879124,-140839569890.90134,44144164014.010765,19186434237.01627,1.1644740580738466,-0.041106860429076825,-0.088025352238573204
5146231.7778317425,-140912775720.73138,43901097058.768837,19046349733.007423,-140992916984.82349,44324492849.620766,19249590831.601475,-140907693430.69366,43957364902.139145,19104800820.771927,1.1638354138915552,-0.044238437794452606,-0.087246098899407237
5153502.4047831278,-140980595786.87979,43714173740.725082,18965037387.912735,-141067601498.22647,44135964805.253021,19167860823.107899,-140975541699.79895,43770587279.559608,19023172086.621799,1.163150481415181,-0.047333267271198277,-0.086408700001222846
5160773.0317345131,-141048127551.14316,43527264590.150093,18883751448.56189,-141141984051.7142,43947339303.873528,19086088615.843895,-141043116752.91708,43583831092.442802,18941548219.143219,1.162420046516986,-0.050388608087451686,-0.085513377412787375
5168043.6586858984,-141115372249.68643,43340370105.305092,18802492078.837456,-141216064476.85828,43758616763.531975,19004274388.478577,-141110420642.32083,43397096254.649132,18859929390.495918,1.1616449541893878,-0.053401724942926811,-0.084560372901448563
5175314.2856372837,-141182331134.15753,43153490790.240723,18721259434.695549,-141289842605.95844,43569797602.839432,18922418319.905159,-141177455417.47855,43210382647.603653,18778315760.342785,1.1608261083756171,-0.056369888711760754,-0.083549948772801697
5182584.912588669,-141249005472.57745,42966627154.610176,18640053664.005825,-141363318272.04758,43380882240.968826,18840520589.241547,-141244223124.66586,43023690120.168976,18696707475.768944,1.1599644717602182,-0.059290377144329214,-0.08248238855950038
5189855.5395400543,-141315396550.23407,42779779713.475426,18558874906.371483,-141436491308.89691,43191871097.655571,18758581375.830879,-141310725806.5657,42837018488.516563,18615104671.199345,1.1590610655171325,-0.062160475564376441,-0.081357997762350184
5197126.1664914405,-141381505670.58069,42592948987.107071,18477723292.927906,-141509361551.02112,43002764593.19809,18676600859.24213,-141376965501.85626,42650367535.996986,18533507468.314926,1.1581169690138782,-0.064977477561354982,-0.080177104647007974
5204396.7934428258,-141447334156.14014,42406135500.778381,18396598946.118637,-141581928833.68372,42813563148.458488,18594579219.270752,-141442944244.78668,42463737013.009766,18451915975.967655,1.1571333194684579,-0.067738685676222321,-0.078940061100113451
5211667.4203942111,-141512883349.41586,42219339784.553841,18315501979.447029,-141654192992.90256,42624267184.863045,18512516635.939228,-141508664064.74014,42277126636.87294,18370330290.094456,1.1561113115570474,-0.070441412078505253,-0.077647243548836592
5218831.5754304416,-141577200772.37173,42035297428.792824,18235619489.463104,-141725102250.92426,42437651251.572151,18431615913.785286,-141573170182.91714,42093268404.105759,18289945114.912422,1.1550679683090368,-0.07304474981512836,-0.076319194482213179
5225995.7304666722,-141641249671.9433,41851273361.206917,18155763775.589897,-141795716884.54123,42250944361.426262,18350675786.32233,-141637428802.17761,41909429091.934097,18209565724.857021,1.1539898482610222,-0.07558615519312202,-0.074937792974867801
5233159.8855029028,-141705031394.685,41667268101.32254,18075934919.286789,-141866036739.0527,42064146919.217949,18269696426.429802,-141701441847.58704,41725608334.931541,18129192174.421322,1.1528782553464145,-0.078063087921523902,-0.073503474942399422
5240324.0405391334,-141768547309.48846,41483282172.350594,17996132992.397396,-141936061660.4913,41877259330.27375,18188678007.203579,-141765211237.86511,41541805736.008736,18048824505.595371,1.1517345456787418,-0.080473019224131595,-0.072016703551789227
5247488.1955753639,-141831798808.48227,41299316100.972221,17916358056.781693,-142005791495.62881,41690282000.454613,18107620701.956589,-141828738884.91769,41358020866.300255,17968462747.784184,1.1505601269137493,-0.08281343241464012,-0.07047797043445235
5254652.3506115954,-141894787307.94821,41115370417.122238,17836610163.914883,-142075226091.98242,41503215336.15625,18026524684.219372,-141892026693.35593,41174253265.054642,17888106917.725922,1.1493564575457653,-0.08508182345781598,-0.068887796986473876
5261816.505647826,-141957514249.25635,40931445653.77079,17756889354.450691,-142144365297.82077,41316059744.309647,17945390127.740742,-141955076560.00192,40990502439.528366,17807757019.41045,1.14812504613347,-0.08727570151710777,-0.067246735762143364
5268980.6606840566,-142019981099.82138,40747542346.703087,17677195657.746342,-142213208962.1705,41128815632.381203,17864217206.488293,-142017890373.38156,40806767864.883873,17727413043.998386,1.1468674504505885,-0.089392589486106011,-0.065555371967556217
5276144.8157202872,-142082189354.08371,40563661034.297905,17597529091.346577,-142281756934.82257,40941483408.373062,17783006094.649021,-142080470013.20367,40623048984.09288,17647074969.741016,1.1455852765550918,-0.091430024505165519,-0.063814325061750318
5283308.9707565177,-142144140534.5181,40379802257.304497,17517889660.423504,-142350009066.33917,40754063480.823303,17701756966.629887,-142142817349.82593,40439345207.8451,17566742761.901188,1.1442801777709288,-0.093385558462839691,-0.062024250472980456
5290473.1257927483,-142205836192.67407,40195966558.617989,17438277357.16893,-142417965208.06039,40566556258.806015,17620469997.058353,-142204934243.70703,40255655914.463135,17486416372.675426,1.1429538535751493,-0.095256758481872469,-0.060185841439049162
5297637.2808289789,-142267277910.25171,40012154483.052849,17358692160.135487,-142485625212.11151,40378962151.931335,17539145360.782928,-142266822544.84555,40071980449.824211,17406095741.117523,1.1416080483836055,-0.097041207389900672,-0.058299830980511107
5304801.4358652094,-142328467300.21765,39828366577.11393,17279134033.522472,-142552988931.40982,40191281570.345367,17457783232.873665,-142328484092.20508,39888318127.28936,17325780793.063839,1.1402445502260607,-0.098736504177500364,-0.056366994017161998
5311965.59090144,-142389406007.96622,39644603388.76413,17199602926.40197,-142620056219.67239,40003514924.730034,17376383788.622654,-142389920713.12592,39704668227.640587,17245471441.060505,1.138865189301554,-0.10034026444355069,-0.054388149638315092
5319129.7459376706,-142450095712.53091,39460865467.187485,17120098771.880299,-142686826931.42325,39815662626.302773,17294947203.544491,-142451134222.72318,39521029999.026802,17165167584.292862,1.1374718364052347,-0.10185012083052511,-0.052364163538669961
5326293.9009739012,-142510538127.85266,39277153362.545868,17040621486.189402,-142753300922.00131,39627725086.816162,17213473653.376682,-142512126423.27151,39337402656.919113,17084869108.517303,1.1360664012138353,-0.10326372345421635,-0.050295950632372091
5333458.0560101317,-142570735004.11105,39093467625.727058,16961170967.702175,-142819478047.56805,39439702718.557404,17131963314.080076,-142572899103.57651,39153785384.07605,17004575885.9958,1.1346508304192107,-0.10457874033012007,-0.048184477858800319
5340622.2110463623,-142630688129.12595,38909808808.081207,16881747095.865154,-142885358165.11572,39251595934.347687,17050416361.839195,-142633454038.33276,38970177330.519516,16924287775.433397,1.1332271056960976,-0.10579285780328,-0.04603076719484412
5347786.3660825938,-142690399329.83698,38726177461.141792,16802349730.041245,-142950941132.47528,39063405147.541367,16968832973.062565,-142693792987.46918,38786577613.521957,16844004621.91888,1.1317972414903441,-0.1069037809875658,-0.043835898889210953
5354950.5211188244,-142749870473.8699,38542574136.326485,16722978708.254486,-143016226808.32483,38875130772.025124,16887213324.383022,-142753917695.48105,38602985317.605659,16763726256.868965,1.1303632826106358,-0.10790923422433554,-0.041601014935943745
5362114.6761550549,-142809103471.19833,38358999384.61161,16643633845.827818,-143081215052.19818,38686773222.216759,16805557592.6579,-142813829890.74988,38419399494.554344,16683452497.976116,1.1289273016082024,-0.10880696156952632,-0.03932732280495093
5369278.8311912855,-142868100275.91113,38175453756.173248,16564314933.904182,-143145905724.49335,38498332913.064049,16723865954.969236,-142873531284.85056,38235819163.43837,16603183149.160473,1.1274913959253305,-0.10959472732385389,-0.037016099448900532
5376442.9862275161,-142926862888.09567,37991937799.985687,16485021737.839968,-143210298686.48135,38309810260.043243,16642138588.623913,-142933023571.84641,38052243310.653603,16522918000.525957,1.1260576847919754,-0.11027031662190222,-0.034668695606927549
5383607.1412637467,-142985393355.84866,37808452063.368721,16405753995.459951,-143274393800.31522,38121205679.157532,16560375671.153717,-142992308427.57269,37868670889.974976,16442656828.320965,1.1246283058441719,-0.11083153609615974,-0.032286540426366424
5390535.1081327721,-143041775371.38641,37631044746.669914,16329123490.094397,-143336092414.07086,37938741493.009499,16481274671.85058,-143049443050.24454,37691152742.407997,16365045268.367245,1.123252195560756,-0.11126343472365775,-0.029951290597621614
5397463.0750017976,-143097944202.90671,37453666690.140373,16252516223.533592,-143397512243.75415,37756201458.60714,16402140754.061634,-143106386723.77234,37513635791.283051,16287436977.53022,1.1218841053362851,-0.11158440713915301,-0.027586403622548539
5404391.0418708231,-143153901842.47992,37276318381.266129,16175931874.645634,-143458653167.10852,37573585953.546646,16322974078.932545,-143163140911.14224,37336119003.852448,16209831716.332518,1.1205259969643493,-0.11179253173901195,-0.025193408503602903
5411319.0087398496,-143209650332.35513,37099000303.807686,16099370090.793137,-143519515062.68057,37390895355.8778,16243774807.805391,-143219707056.84064,37158601319.159294,16132229233.087603,1.1191798339968866,-0.11188590915068425,-0.022773921800869387
5418246.975608875,-143265191767.3381,36921712936.980927,16022830485.592182,-143580097809.82809,37208130044.101944,16164543102.2185,-143276086586.20361,36981081648.151016,16054629263.88872,1.1178475774382757,-0.11186266350605235,-0.020329653154031988
5425174.9424779005,-143320528297.33243,36744456754.490509,15946312636.476809,-143640401288.72815,37025290397.169403,16085279123.906109,-143332280904.75937,36803558873.807594,15977031532.602701,1.1165311810843908,-0.11172094396550901,-0.017862411179590927
5432102.909346926,-143375662130.05246,36567232223.387009,15869816082.052011,-143700425380.3855,36842376794.477058,16005983034.798073,-143388291397.56296,36626031851.285339,15899435750.869108,1.1152325864806274,-0.11145892654467916,-0.015374109761348282
5439030.8762159515,-143430595533.91605,36390039802.713516,15793340319.21673,-143760169966.64075,36659389615.865578,15926654997.019466,-143444119428.5246,36448499408.076332,15821841618.10471,1.1139537174729011,-0.11107481630529754,-0.012866774750257283
5445958.843084977,-143485330841.12259,36212879941.902184,15716884800.037436,-143819634930.17899,36476329241.616402,15847295172.890099,-143499766339.73181,36270960344.184044,15744248821.51358,1.1126964743258823,-0.11056684998053613,-0.010342551086937084
5452886.8099540025,-143539870450.92041,36035753078.875084,15640448928.351955,-143878820154.53806,36293196052.448669,15767903724.923986,-143555233450.76541,36093413432.315681,15666657036.103016,1.1114627273828144,-0.10993329911723664,-0.0078037103565866371
5459814.776823028,-143594216833.06326,35858659637.796585,15564032056.082544,-143937725524.11719,36109990429.51577,15688480815.828733,-143610522058.01086,35915857418.0914,15589065924.705427,1.1102543102439286,-0.10917247382789573,-0.0052526587803913092
5466742.7436920535,-143648372531.45215,35681600026.416901,15487633479.23687,-143996350924.18567,35926712754.40181,15609026608.504848,-143665633433.96439,35738291020.271095,15511475138.006454,1.1090730124397732,-0.1082827272618825,-0.0026919456410170119
5473670.7105610799,-143702340167.95264,35504574632.937988,15411252433.575788,-144054696240.89142,35743363409.11779,15529541266.04495,-143720568826.53537,35560712930.998764,15433884314.579412,1.1079205715842901,-0.10726246091557212,-0.00012427213000244119
5480598.6774301054,-143756122446.37042,35327583822.323807,15334888089.927687,-144112761361.26962,35559942776.097641,15450024951.732983,-143775329458.34494,35383121816.065269,15356293080.926369,1.1067986649923034,-0.10611013092244923,0.0024474994064200032
5487526.6442991309,-143809722156.55948,35150627931.966728,15258539549.130701,-144170546173.25162,35376451238.193871,15370477829.043205,-143829916526.02185,35205516315.189194,15278701051.525818,1.1057089007572292,-0.10482425547649661,0.005020335861825498
5494454.6111681564,-143863142178.625,34973707266.612396,15182205836.587374,-144228050565.67358,35192889178.673149,15290900061.639223,-143884331199.49594,35027895042.316742,15201107828.887386,1.104652808292705,-0.10340342356291624,0.007591023461608221
5501382.5780371819,-143916385487.17035,34796822092.43383,15105885896.4203,-144285274428.28519,35009256981.211586,15211291813.372879,-143938574621.28998,34850256585.940582,15123513003.613514,1.1036318283544673,-0.10184630518641592,0.010156157632920165
5508310.5449062074,-143969455155.51968,34619972630.135666,15029578585.223709,-144342217651.75864,34825555029.889801,15131653248.283058,-143992647905.81042,34672599509.437965,15045916154.468372,1.1026473025748658,-0.10015166330533232,0.012712132760718078
5515238.5117752329,-144022354359.82855,34443159046.95932,14953282665.414364,-144398880127.6972,34641783709.187683,15051984530.594406,-144046552138.63806,34494922351.428452,14968316848.454126,1.1017004625628071,-0.098318367695119466,0.015255131972088522
5522166.4786442593,-144075086382.9707,34266381447.451283,14876996798.196314,-144455261748.64426,34457943403.978989,14972285824.71595,-144100288375.81879,34317223626.151306,14890714640.894697,1.1007924186442302,-0.09634541097894303,0.017781117130963316
5529094.4455132848,-144127654618.06161,34089639862.850433,14800719536.168732,-144511362408.09177,34274034499.525734,14892557295.239676,-144153857643.15564,34139501823.863068,14813109075.527182,1.0999241483518742,-0.09423192707008661,0.020285819273052053
5536022.4123823103,-144180062571.44788,33912934238.946728,14724449315.624157,-144567182000.48917,34090057381.472038,14812799106.938856,-144207260935.50623,33961755411.253914,14735499684.600878,1.0990964848128677,-0.091977212268071151,0.022764729764457009
5542950.3792513357,-144232313864.95541,33736264422.266052,14648184448.607782,-144622720421.25229,33906012435.838184,14733011424.766506,-144260499216.0705,33783982831.890575,14657885988.985462,1.0983101051807256,-0.089580749281969962,0.025213092529583151
5549878.3461203612,-144284412237.15411,33559630144.449627,14571923114.83811,-144677977566.77127,33721900049.014023,14653194413.853539,-144313573415.6998,33606182506.666992,14580267498.283968,1.097565519392909,-0.087042234309791189,0.027625897764326206
5556540.5205262657,-144334371202.82092,33389805614.496204,14498589066.462667,-144730849372.74911,33544787911.238956,14576412085.646168,-144364457492.95416,33435175856.564945,14505621862.773859,1.0968892301108677,-0.08446706995368844,0.029907695224921219
5563202.6949321693,-144384195849.08054,33220013090.356728,14425254600.295763,-144783460886.50519,33367614109.670673,14499602935.951263,-144415191437.14371,33264140625.148705,14430970873.71003,1.0962520293620179,-0.08176067572621408,0.032146830159676482
5569864.8693380738,-144433889800.26068,33050251935.588612,14351917710.403759,-144835812018.49829,33190378988.843666,14422767112.069466,-144465775987.82053,33093075351.393051,14356314066.18325,1.0956538815943089,-0.078923508240188608,0.03433817036221911
5576527.0437439773,-144483456771.38266,32880521346.568913,14278576252.039387,-144887902680.04932,33013082893.584984,14345904761.446896,-144516211854.56241,32921978556.593605,14281650966.103519,1.095094578333377,-0.0759563256052532,0.036476366730353496
5583189.2181498818,-144532900561.1058,32710820331.502151,14205227936.651812,-144939732783.34821,32835726169.007736,14269016031.673223,-144566499716.4201,32750848744.825985,14206981090.327589,1.0945737344397239,-0.072860223308697014,0.038555861148059867
5589851.3925557863,-144582225042.07574,32541147687.982971,14131870327.912491,-144991302241.46072,32658309160.504757,14192101070.479803,-144616640221.37079,32579684403.421432,14132303946.793291,1.0940907865957157,-0.069636672348542802,0.040570898698848487
5596513.5669616899,-144631434148.30801,32371501979.331516,14058500839.075642,-145042610968.33499,32480832213.741867,14115160025.737631,-144666633985.77856,32408484003.458393,14057619034.660389,1.0936449944829834,-0.066287559168748497,0.042515544876170049
5603175.7413675943,-144680531859.2485,32201881510.023178,13985116732.028646,-145093658878.80832,32303295674.650864,14038193045.455214,-144716481593.86249,32237246000.27005,13982925844.45813,1.0932354451249879,-0.062815226757985454,0.044383708451515354
5609837.9157734979,-144729522180.18359,32032284300.652061,13911715118.416718,-145144445888.61343,32125699889.422638,13961200277.776472,-144766183597.17252,32065968833.967991,13908223858.239529,1.0928610608568639,-0.0592225160631972,0.046169170620701298
5616500.0901794024,-144778409118.7308,31862708062.996185,13838292963.243311,-145194971914.38498,31948045204.49968,13884181870.978378,-144815740514.07455,31894650929.981247,13833512549.742186,1.0925206113549752,-0.055512806639009114,0.047865620965375798
5623162.2645853059,-144827196657.22998,31693150175.889538,13764847091.349165,-145245236873.66574,31770331966.568806,13807137973.468723,-144865152829.24466,31723290699.611259,13758791384.555914,1.092212730080969,-0.051690055220486475,0.049466700628869431
5629824.4389912104,-144875888720.979,31523607662.739162,13691374197.15099,-145295240684.91287,31592560522.553307,13730068733.783581,-144914420993.17331,31551886540.601849,13684059820.296803,1.0919359353916032,-0.047758830679360001,0.050966052909550079
5636486.6133971149,-144924489142.41931,31354077171.649452,13617870857.972675,-145344983267.50363,31414731219.605251,13652974300.5849,-144963545421.68033,31380436837.724689,13609317306.788069,1.0916886564037378,-0.043724343628274639,0.052357381211944783
5643148.7878030185,-144973001621.57208,31184554959.212246,13544333551.220659,-145394464541.74155,31236844405.097408,13575854822.657875,-145012526495.4408,31208939963.379459,13534563286.247324,1.0914692635125107,-0.039592468791492356,0.05363451397208327
5649810.962208923,-145021429683.25241,31015036879.080002,13470758675.539743,-145443684428.86191,31058900426.614937,13498710448.908249,-145061364559.52304,31037394278.208656,13459797193.480379,1.0912761032163798,-0.035369758197918655,0.054791475791450092
5656473.1366148265,-145069776631.83505,30845518376.442181,13397142575.934965,-145492642851.03748,30880899631.947182,13421541328.359646,-145110059922.93863,30865798131.727066,13385018456.081585,1.0911075366319447,-0.031063443293481402,0.055822563591097003
5663135.311020731,-145118045504.59671,30675994489.457314,13323481572.662231,-145541339731.38373,30702842369.078911,13344347610.150669,-145158612858.2056,30694149862.964943,13310226494.640411,1.0909619807937501,-0.026681424243401405,0.056722426158341888
5669797.4854266346,-145166239024.89639,30506459858.547356,13249771993.484369,-145589774993.96426,30524728986.181774,13267129443.532066,-145207023600.9249,30522447801.125343,13235420722.954506,1.0908379515502675,-0.022232245013974361,0.057486145033027854
5676459.659832539,-145214359556.6546,30336908744.226616,13176010208.670044,-145637948563.79568,30346559831.605228,13189886977.863689,-145255292349.37106,30350690266.254528,13160600548.248808,1.0907341066089624,-0.017725053296074419,0.05810931431098925
5683121.8342384435,-145262409061.72824,30167335053.823727,13102192667.899427,-145685860366.85263,30168335253.86763,13112620362.611504,-145303419264.09729,30178875569.925789,13085765371.400961,1.0906492870928486,-0.01316954494315099,0.058588116668375156
5689784.0086443471,-145310389061.82974,29997732377.068481,13028315938.049553,-145733510330.07239,29990055601.646969,13035329747.344423,-145351404467.55569,30007002015.935757,13010914587.172665,1.090582555856427,-0.0085758933216887514,0.058919392775140682
5696446.1830502516,-145358300606.58746,29828094030.083908,12954376740.686134,-145780898381.35938,29811721223.7714,12958015281.731098,-145399248043.73309,29835067901.012966,12936047584.446943,1.0905332308117737,-0.0039546647597992549,0.059100701300365648
5703108.3574561551,-145406144249.18051,29658413106.876255,12880371988.004934,-145828024449.58951,29633332469.209946,12880677115.536703,-145446950037.80289,29663071515.538586,12861163746.471354,1.0905009116387736,0.00068327792715637548,0.059130366936942617
5709770.5318620596,-145453920030.68283,29488682536.969578,12806298815.960529,-145874888464.61423,29454889687.062611,12803315398.619509,-145494510455.79352,29491011144.278236,12786262451.106695,1.0904854985643755,0.0053268810792961802,0.059007514317068514
5716207.7131435676,-145500017435.55811,29324630164.841537,12734659775.695532,-145919920808.35934,29282422232.053886,12728544090.063389,-145540330160.41266,29324699152.190239,12713873529.617283,1.0904868603301705,0.0098085825685111892,0.058743871226734738
5722644.8944250746,-145546050156.05997,29160518241.641804,12662952309.999104,-145964708373.89285,29109904978.200657,12653751069.951736,-145586017593.60144,29158324261.976749,12641467154.200188,1.0905046654346073,0.014275161539109273,0.058338455205118753
5729082.0757065825,-145592016868.26688,28996340284.522804,12591174565.726147,-146009251100.55118,28937338240.711834,12578936473.69659,-145631572655.06161,28991884915.373215,12569042750.66497,1.0905396417575093,0.018716729452121588,0.057792643897787738
5735519.2569880905,-145637915829.8446,28832089886.020943,12519324957.023937,-146053548928.53323,28764722334.876495,12504100436.779188,-145676995209.38663,28825379551.818729,12496599741.024725,1.090592764610697,0.023123613104210013,0.057108491770590783
5741956.4382695984,-145683744905.54404,28667760764.616913,12447402170.35076,-146097601798.90292,28592057576.055138,12429243094.746843,-145722285085.8562,28658806609.114067,12424137543.727406,1.0906652346300356,0.027486438153603833,0.05628869287141286
5748393.6195511054,-145729501598.39212,28503346811.020924,12375405164.249119,-146141409653.59161,28419344279.671005,12354364583.209846,-145767442078.24631,28492164524.086876,12351655573.891138,1.0907584498917875,0.031796203488817516,0.055336533340287604
5754830.8008326134,-145775183085.35443,28338842129.067516,12303333164.167072,-146184972435.40027,28246582761.201187,12279465037.838226,-145812465944.65497,28325451733.263317,12279153243.543234,1.0908739734826618,0.036044344713660921,0.054255835619038247
5761267.9821141213,-145820786256.14566,28174241070.411694,12231185652.811274,-146228290088.00131,28073773336.167877,12204544594.358612,-145857356407.34381,28158666673.54607,12206629961.86298,1.0910134978806183,0.040222785617484526,0.053050896525743699
5767705.1633956283,-145866307753.84503,28009538262.543159,12158962356.660769,-146271362555.94043,27900916320.129356,12129603388.550926,-145902113152.59598,27991807782.897877,12134085135.427797,1.0911788075424129,0.044323977108743653,0.0517264214328279
5774142.3446771363,-145911744016.03275,27844728629.955452,12086663229.366566,-146314189784.63812,27728012028.670883,12054641556.245045,-145946735830.59048,27824873501.030354,12061518168.462786,1.0913717410458355,0.048340923665937209,0.05028745672709458
5780579.5259586442,-145957091315.28436,27679807408.597431,12014288432.806988,-146356771720.39111,27555060777.39579,11979659233.31753,-145991224055.293,27657862270.097874,11988928463.09354,1.0915941540105054,0.052267197866047208,0.048739322559212518
5787016.7072401512,-146002345798.02805,27514770153.979801,11941838316.566582,-146399108310.37335,27382062881.916252,11904656555.688198,-146035577404.36365,27490772535.39563,11916315419.601948,1.0918478838507839,0.056096943958553129,0.04708754763441482
5793453.8885216592,-146047503520.96432,27349612743.500782,11869313396.565048,-146441199502.63708,27209018657.844055,11829633659.316681,-146079795419.08167,27323602746.061665,11843678436.684851,1.0921347172023181,0.059824871752088657,0.045337807486549433
5799891.0698031671,-146092560484.45334,27184331373.687679,11796714333.490913,-146483045246.11343,27035928420.781502,11754590680.199039,-146123877604.2872,27156351355.782578,11771016911.71557,1.0924563606459603,0.06344624226699655,0.043495867343510991
5806328.2510846751,-146137512662.47424,27018922553.126629,11724041911.602247,-146524645490.6131,26862792486.312073,11679527754.364227,-146167823428.34039,26989016823.502087,11698330241.007877,1.0928144151353092,0.066956846688957017,0.041567530359716005
5812765.4323661821,-146182356028.94556,26853383091.879311,11651297018.35449,-146566000186.82642,26689611169.991165,11604445017.870613,-146211632323.09772,26821597614.132275,11625617820.082451,1.0932103543326999,0.07035298015295649,0.039558591680075299
5819202.61364769,-146227086580.35416,26687710088.168777,11578480625.210093,-146607109286.32361,26516384787.336697,11529342606.802383,-146255303683.9061,26654092199.26683,11552879043.935522,1.0936455068871158,0.073631411807818237,0.037474798525504741
5825639.794929198,-146271700354.77158,26521900913.069054,11505593769.88438,-146647972741.55453,26343113653.819897,11454220657.266054,-146298836869.61417,26486499057.896236,11480113307.309698,1.0941210425430474,0.076789352483001158,0.03532181626018565
5832076.976210705,-146316193447.43716,26355953193.861923,11432637540.190073,-146688590505.84839,26169798084.855892,11379079305.386837,-146342231202.60141,26318816677.123898,11407320004.966621,1.0946379618634576,0.079824421116733768,0.033105200218310246
5838514.157492213,-146360562023.16058,26189864796.641155,11359613059.56374,-146728962533.41312,25996438395.794254,11303918687.305006,-146385485968.82498,26151043552.883068,11334498531.961363,1.0951970892685678,0.082734610926920193,0.03083037293379523
5844951.3387737209,-146404802325.84238,26023633808.654934,11286521474.291391,-146769088779.33459,25823034901.909813,11228738939.172327,-146428600417.88406,25983178190.654293,11261648283.918497,1.0957990690476711,0.085518256124889558,0.028502606323785054
5851388.5200552288,-146448910685.43671,25857258520.787102,11213363942.397739,-146808969199.57565,25649587918.393162,11153540197.148365,-146471573763.10211,25815219106.182457,11188768657.309484,1.0964443639737578,0.088173999798383987,0.026127008323151225
5857825.7013367359,-146492883522.68677,25690737410.493977,11140141624.124565,-146848603750.97482,25476097760.341366,11078322597.396852,-146514405181.62659,25647164826.19339,11115859049.731359,1.097133256148118,0.090700763431184689,0.023708513443664082
5864262.8826182438,-146536717351.96719,25524069125.433102,11066855673.889553,-146887992391.24481,25302564742.748524,11003086276.081957,-146557093814.54669,25479013889.109295,11042918860.186424,1.097865849684704,0.093097718387227912,0.021251876718853396
5870538.4179649958,-146579313404.00357,25361443274.585613,10995349863.49509,-146926155166.41,25133348405.240139,10929721343.649048,-146598572174.45535,25314991008.967976,10971780281.204983,1.098622050546447,0.095308943743370567,0.018824578061603824
5876813.9533117479,-146621771063.77939,25198675427.610428,10923785703.863819,-146964084148.73209,24964091924.58836,10856338873.653744,-146639913117.63785,25150873557.082645,10900611513.788626,1.0994195016057173,0.097395844086972216,0.016369444313133853
5883089.4886584999,-146664087360.95703,25035764717.97554,10852164216.681843,-147001779301.41989,24794795592.315502,10782938992.239134,-146681115750.104,24986660215.215221,10829412006.471874,1.1002578379999921,0.099358202437988957,0.013890379759798422
5889365.0240052519,-146706259408.1268,24872710382.909023,10780486400.625761,-147039240588.46478,24625459699.817814,10709521825.535542,-146722179145.86798,24822349678.228775,10758181210.063215,1.1011365547094953,0.10119594550484085,0.011391126642382277
5895640.559352004,-146748284398.55225,24709511753.347614,10708753229.104166,-147076467974.63849,24456084538.357357,10636087499.657249,-146763102347.1282,24657940654.70755,10686918577.893961,1.1020550131995515,0.10290912830521737,0.0088752687251975534
5901916.0946987551,-146790159603.50885,24546168244.777477,10636965648.62978,-147113461425.49072,24286670399.053986,10562636140.699255,-146803884364.46198,24493431867.573936,10615623566.067198,1.1030124483318573,0.1044979205702688,0.0063462357061671902
5908191.6300455071,-146831882369.33734,24382679348.930695,10565124577.730297,-147150220907.34656,24117217572.877205,10489167874.733948,-146844524177.03506,24328822054.70195,10544295633.706625,1.10400797542457,0.10596259481549711,0.0038073082522501818
5914467.1653922591,-146873450114.31293,24219044626.291744,10493230906.31444,-147186746387.30359,23947726350.638355,10415682827.807915,-146885020732.82587,24164109969.527245,10472934243.205313,1.1050405973542103,0.10730351595654684,0.0012616234764082003
5920742.7007390112,-146914860325.41412,24055263699.36121,10421285495.417856,-147223037833.22916,23778197022.982578,10342181125.938635,-146925372948.86417,23999294381.652794,10401538860.474045,1.1061092116206455,0.10852113233812473,-0.0012878192974322199
5927018.2360857632,-146956110555.05847,23891336246.621284,10349289177.262249,-147259095213.75708,23608629880.380966,10268662895.111231,-146965579711.48431,23834374077.450405,10330108955.189251,1.1072126173076942,0.10961596804767929,-0.0038381526087273416
5933293.7714325152,-146997198417.85892,23727261997.145908,10277242755.568901,-147294918498.28439,23439025213.122761,10195128261.275223,-147005639876.59286,23669347860.657467,10258644001.040361,1.1083495218924122,0.11058861638445315,-0.0063866348774136335
5939569.3067792673,-147038121587.44275,23563040725.798946,10205147006.075418,-147330507656.96786,23269383311.307568,10121577350.341286,-147045552269.95016,23504214552.968781,10187143475.976471,1.1095185478645846,0.11143973436287269,-0.0089306444474936252
5945844.8421260193,-147078877793.36462,23398672248.965343,10133002677.21142,-147365862660.72034,23099704464.837696,10048010288.178026,-147085315687.46619,23338972994.623062,10115606862.452152,1.1107182391319417,0.11217003813374275,-0.011467673722585192
5952120.3774727713,-147119464818.13705,23234156420.762772,10060810490.895266,-147400983481.20691,22929988963.410515,9974427200.6087551,-147124928895.51022,23173622044.983929,10044033647.672342,1.1119470671950784,0.11278029921467812,-0.013995323444508248
5958395.9128195234,-147159880494.39438,23069493129.684227,9988571143.4195518,-147435870090.84097,22760237096.510921,9900828213.4082832,-147164390631.23441,23008160583.115017,9972423323.8361607,1.1132034370813533,0.11327134143095392,-0.016511297153370085
5964671.4481662754,-147200122702.20062,22904682295.625561,9916285306.3982086,-147470522462.78,22590449153.403851,9827213452.2997417,-147203699602.91055,22842587508.348972,9900775388.3795414,1.1144856930358646,0.113644038474254,-0.019013395856964235
5970946.9835130274,-147240189366.50702,22739723867.255432,9843953627.7524395,-147504940570.9212,22420625423.126884,9753583042.9513931,-147242854490.28079,22676901740.85006,9829089344.2165565,1.1157921239698492,0.1138993119971926,-0.021499512928923343
5977222.5188597795,-147280078454.76108,22574617819.688801,9771576732.716671,-147539124389.89709,22250766194.482948,9679937110.9734859,-147281853944.9213,22511102222.170113,9757364699.9793549,1.1171209686724954,0.11403813016738774,-0.023967629247981178
5983498.0542065306,-147319787974.66629,22409364152.428711,9699155224.8490486,-147573073895.07083,22080871756.033096,9606275781.9151173,-147320696590.61905,22345187915.797604,9685600970.2565556,1.1184704207923586,0.11406150661500068,-0.02641580858488141
5989773.5895532826,-147359315972.0892,22243962887.544312,9626689687.0338707,-147606789062.5314,21910942396.089272,9532599181.2610779,-147359381023.76166,22179157807.699436,9613797675.8299961,1.1198386335994588,0.11397049971238367,-0.02884219323924864
5996049.1249000346,-147398660529.10889,22078414068.056896,9554180682.466053,-147640269869.08853,21740978402.707405,9458907434.4288216,-147397905813.73984,22013010906.85556,9541954343.9098206,1.1212237245379117,0.11376621213321896,-0.031244999925001835
6002324.6602467867,-147437819762.20285,21912717756.507912,9481628755.6094952,-147673516292.2677,21570980063.680378,9385200666.7653389,-147436269503.36255,21846746245.785748,9470070508.3676338,1.122623779581666,0.11344979064280128,-0.03362251590010245
6008600.1955935387,-147476791820.56207,21746874033.686527,9409034433.1233711,-147706528310.3049,21400947666.531166,9311479003.5441303,-147474470609.28427,21680362881.0686,9398145709.9677811,1.1240368574047035,0.11302242607828775,-0.035973095334669185
6014875.7309402907,-147515574884.52753,21580882997.49588,9336398224.7513351,-147739305902.14102,21230881498.506088,9237742569.9621696,-147512507622.44479,21513859893.852455,9326179496.5965538,1.1254609933783202,0.11248535347949783,-0.038295155909789408
6021043.4601964327,-147553505815.99487,21417600057.38612,9264969483.9929104,-147771291974.89722,21063704233.474606,9165258568.2116394,-147549729830.87396,21350099802.441692,9255408790.726862,1.1268695171396579,0.11185184928655272,-0.040548063367605108
6027211.1894525755,-147591250789.03238,21254175054.388371,9193501215.2926025,-147803051568.24316,20896494897.229469,9092760538.7729893,-147586790574.008,21186222475.318985,9184597235.8381596,1.1282849074595505,0.11111486662821714,-0.042770562209912828
6033378.9187087175,-147628808156.3689,21090608124.477901,9121993859.4171371,-147834584664.14542,20729253761.648178,9020248600.2684536,-147623688349.19803,21022227112.338974,9113744424.0932808,1.1297052544199062,0.1102757045301923,-0.044961312546057772
6039546.6479648594,-147666176294.98618,20926899416.389126,9050447844.2571735,-147865891245.20676,20561981098.325996,8947722871.2378922,-147660421631.53769,20858112938.092957,9042849955.1277027,1.1311286397910101,0.10933570461329792,-0.047119023108480637
6045714.3772210022,-147703353605.13168,20763049091.005207,8978863585.4473782,-147896971294.66083,20394677178.570282,8875183470.1361866,-147696988874.31903,20693879202.337902,8971913436.2492352,1.1325531400729523,0.10829625153483759,-0.049242449055164249
6051882.1064771442,-147740338509.39948,20599057320.803028,8907241486.9465961,-147927824796.36612,20227342273.395,8802630515.3306503,-147733388509.49857,20529525180.417068,8900934482.6353455,1.1339768294428334,0.10715877343816541,-0.051330389928240856
6058049.835733287,-147777129451.87299,20434924289.346275,8835581941.57864,-147958451734.80029,20059976653.514999,8730064125.0983696,-147769618948.17303,20365050173.671848,8829912717.5279961,1.135397782613738,0.10592474239898179,-0.053381687760294942
6064217.564989429,-147813724897.32407,20270650190.821255,8763885331.5348587,-147988852095.05405,19892580589.340855,8657484417.623745,-147805678581.06485,20200453509.845272,8758847772.4261303,1.1368140776142202,0.10459567485618544,-0.05539522532012911
6070385.2942455709,-147850123330.46249,20106235229.60955,8692152028.8392563,-148019025862.8251,19725154350.973377,8584891510.9958754,-147841565779.01697,20035734543.476299,8687739287.2754536,1.1382237984948271,0.10317313201707551,-0.057369924489809571
6076553.0235017138,-147886323255.23108,19941679619.893684,8620382395.7776699,-148048973024.4119,19557698208.198536,8512285523.2061119,-147877278893.49689,19870892656.285316,8616586910.6556854,1.1396250379670416,0.10165872022986465,-0.059304744765620712
6082720.7527578557,-147922323194.14148,19776983585.291782,8548576785.2922707,-148078693566.70728,19390212430.482468,8439666572.1456318,-147912816257.1102,19705927257.550491,8545390299.9651003,1.1410158999820104,0.10005409131312711,-0.061198681875414523
6088888.4820139986,-147958121687.64618,19612147358.517708,8476735541.3427067,-148108187477.19211,19222697286.966343,8367034775.6029348,-147948176184.12247,19540837784.474533,8474149121.6021957,1.1423945022511348,0.098360942839657947,-0.063050766505661493
6095056.2112701405,-147993717293.54263,19447171181.06464,8404858999.2356825,-148137454743.92859,19055153046.461746,8294390251.2615442,-147983356970.99048,19375623702.542381,8402863051.1446667,1.1437589787161826,0.096581018364310087,-0.064860063131318688
6101223.9405262824,-148029108586.40567,19282055302.908958,8332947485.9241619,-148166495355.55365,18887579977.445786,8221733116.6975775,-148018356896.90164,19210284505.868893,8331531773.5252972,1.1451074819696467,0.09471610759519708,-0.066625668942631333
6107391.6697824253,-148064294157.04459,19116799982.233196,8261001320.2780285,-148195309301.27222,18719978348.05658,8149063489.3774681,-148053174224.32217,19044819717.537018,8260154983.2049942,1.1464381856309371,0.092768046499983686,-0.068346712862713765
6113559.3990385672,-148099272611.98199,18951405485.166157,8189020813.327631,-148223896570.85028,18552348426.088852,8076381486.6557131,-148087807199.55316,18879228889.92609,8188732384.3427429,1.147749286678976,0.090738717347356335,-0.070022354650548985
6119727.1282947091,-148134042572.95105,18785872085.538628,8117006268.4816751,-148252257154.60797,18384690478.989449,8003687225.7725735,-148122254053.29504,18713511605.0298,8117263690.9623575,1.1490390077454318,0.088630048676365022,-0.071651784083997319
6125894.857550852,-148168602676.40878,18620200064.654057,8044957981.7211609,-148280391043.41241,18217004773.853188,7930980823.8519077,-148156513001.21997,18547667474.764259,8045748627.1161318,1.1503055993686913,0.086444015193686205,-0.0732342202179639
6132062.5868069939,-148202951573.06281,18454389711.073063,7972876241.7707748,-148308298228.67065,18049291577.418839,7858262397.8990374,-148190582244.55164,18381696141.26569,7974186927.0452366,1.1515473422103404,0.084182637595392129,-0.074768910713093634
6138230.3160631359,-148237087927.40933,18288441320.410797,7900761330.2491102,-148335978702.32233,17881551156.065006,7785532064.7985725,-148224459970.65295,18215597277.177444,7902578335.3366871,1.1527625492350841,0.081847982310486206,-0.076255131230313536
6144398.0453192787,-148271010417.28049,18122355195.147038,7828613521.7993307,-148363432456.83237,17713783775.80637,7712789941.3123608,-148258144353.62112,18049370585.926624,7830922607.0770168,1.153949567854432,0.079442161164912123,-0.077692184887335258
6150565.7745754207,-148304717733.39911,17956131644.448341,7756433084.2015839,-148390659485.18344,17545989702.290077,7640036144.077487,-148291633554.88974,17883015801.989952,7759219508.0024929,1.1551067820337984,0.076967330964787292,-0.079079401773019253
6156733.5038315635,-148338208578.93933,17789770984.001568,7684220278.4684153,-148417659780.86862,17378169200.791969,7567270789.6042061,-148324925723.8381,17716532691.148502,7687468814.6456909,1.156232614362765,0.074425692997491466,-0.080416138515787772
6162901.2330877054,-148371481669.09167,17623273535.859291,7611975358.9247684,-148444433337.88358,17210322536.213379,7494493994.274086,-148358018998.40729,17549921050.731773,7615670314.4786339,1.1573255280884132,0.071819492448431443,-0.081701777902609463
6168997.3474584669,-148404153194.16293,17458575233.672352,7540537977.1456165,-148470673210.85458,17044399326.601952,7422551098.0373659,-148390530742.65112,17385117508.350605,7544658308.1637173,1.158371941639996,0.069182350510351556,-0.082921699644716032
6175093.4618292283,-148436609528.77597,17293743945.394428,7469069697.8515568,-148496691569.77832,16878451071.420151,7350597250.7743626,-148422844536.72867,17220188102.547161,7473599218.2166424,1.1593833370606517,0.066486622501718717,-0.084090579452073849
6181189.5761999898,-148468849464.49673,17128779999.539228,7397570747.6789408,-148522488410.2605,16712478025.351288,7278632564.4780521,-148454958553.34683,17055132729.775696,7402492871.7160149,1.1603583588751056,0.063734598588443561,-0.085207894945643625
6187285.6905707512,-148500871802.72876,16963683730.211742,7326041347.0613194,-148548063728.35681,16546480442.709436,7206657151.0116024,-148486870956.69614,16889951317.417713,7331339106.6882687,1.1612956977462796,0.060928607824420979,-0.086273147680120024
6193381.8049415126,-148532675354.30878,16798455477.01338,7254481710.2488537,-148573417520.56552,16380458577.436863,7134671122.1067505,-148518579903.06161,16724643823.958363,7260137772.2247906,1.1621940921964746,0.058071017206635038,-0.087285862976726303
6199477.9193122741,-148564258939.10138,16633095584.95709,7182892045.3197155,-148598549783.81985,16214412683.101591,7062674589.3622379,-148550083541.43896,16559210239.151794,7188888728.5953503,1.1630523302836238,0.055164230652871772,-0.08824558978636847
6205574.0336830355,-148595621385.59204,16467604404.392445,7111272554.1844254,-148623460515.48022,16048343012.895098,6990667664.2422829,-148581380014.15594,16393650584.175379,7117591847.3577003,1.1638692512308617,0.05221068789980178,-0.089151900580363819
6211670.148053797,-148626761530.47864,16301982290.940681,7039623432.5840263,-148648149713.32651,15882249819.630154,6918650458.0751057,-148612467457.49866,16227964911.772619,7046247011.463378,1.1646437470060536,0.049212863327228414,-0.0900043912671291
6217766.2624245584,-148657678218.26071,16136229605.439672,6967944870.0829668,-148672617375.55038,15716133355.738791,6846623082.0514965,-148643344002.3428,16062153306.384684,6974854115.3595619,1.165374763849268,0.046173264705838907,-0.090802681132075291
6223862.3767953198,-148688370300.82654,15970346713.898827,6896237050.0575094,-148696863500.74704,15549993873.27047,6774585647.2234554,-148674007774.78943,15896215884.263596,6903413065.0844107,1.1660613037685572,0.043094431872601043,-0.091546412800673771
6229958.4911660813,-148718836637.03778,15804333987.463909,6824500149.6804552,-148720888087.90842,15383831623.890369,6702538264.5028706,-148704456896.80554,15730152793.58955,6831923778.3643112,1.1667024259243746,0.039978935328470355,-0.092235252217002767
6236054.6055368427,-148749076092.3118,15638191802.391756,6752734339.9029226,-148744691136.41315,15217646858.877506,6630481044.6601238,-148734689486.8681,15563964214.57114,6760386184.7050667,1.1672972479712618,0.036829374770178995,-0.092868888640686001
6242150.7199076051,-148779087538.20154,15471920540.034834,6680939785.433876,-148768272646.02054,15051439829.123737,6558414098.3230505,-148764703660.61176,15397650359.509203,6688800225.4694748,1.1678449474192771,0.033648377562316707,-0.093447034666529913
6248246.8342783665,-148808869851.97299,15305520586.835794,6609116644.7181234,-148791632616.86172,14885210785.132328,6486337535.9756947,-148794497531.4819,15231211472.882969,6617165853.9639091,1.1683447628133634,0.030438597126204881,-0.093969426248854404
6254342.948649128,-148838421916.18066,15138992334.331581,6537265069.9132299,-148814771049.43161,14718959977.016659,6414251467.9571409,-148824069211.39032,15064647831.408621,6545483035.514637,1.1687959948945479,0.027202711275750625,-0.094435822742311937
6260439.0630198894,-148867742618.24081,14972336179.167578,6465385206.8661423,-148837687944.58063,14552687654.499353,6342156004.4604855,-148853416811.37415,14897959744.085915,6473751747.5399208,1.1691980076890791,0.023943420491783461,-0.094846006953630518
6266535.1773906508,-148896830850.0032,14805552523.121349,6393477195.0898819,-148860383303.50665,14386394066.91143,6270051255.531826,-148882538442.25812,14731147552.2323,6401971979.6176491,1.169550229522591,0.020663446138646523,-0.095199785202810874
6272631.2917614123,-148925685507.32108,14638641773.136089,6321541167.7408419,-148882857127.74677,14220079463.191643,6197937331.0693092,-148911432215.3194,14564211629.504559,6330143733.5484753,1.1698521539568008,0.017365528626712708,-0.09549698739259263
6278727.4061321737,-148954305489.6203,14471604341.363667,6249577251.5971107,-148905109419.16898,14053744091.885952,6125814340.8222313,-148940096242.95526,14397152381.907688,6258267023.4143677,1.1701033406464598,0.014052425524249557,-0.095737467084990299
6284823.5205029352,-148982689699.46744,14304440645.21723,6177585567.0381985,-148927140179.96393,13887388201.147175,6053682394.3902073,-148968528639.35294,14229970247.790968,6186341875.6324968,1.1703034161139074,0.010726909622051651,-0.095921101583738289
6290919.6348736966,-149010837042.13754,14137151107.43325,6105566228.0264921,-148948949412.63666,13721012038.734798,5981541601.2223835,-148996727521.16162,14062665697.830986,6114368329.0043736,1.1704520744391094,0.0073917669547055179,-0.096047792021795697
6297015.749244458,-149038746425.18201,13969736156.142971,6033519342.0907221,-148970537119.9982,13554615852.014938,5909392070.6167259,-149024691008.16632,13895239235.001518,6042346434.7601671,1.1705490778630601,0.0040497947829381455,-0.096117463452959198
6303111.8636152195,-149066416757.99677,13802196224.953125,5961445010.311656,-148991903305.15723,13388199887.960472,5837233911.7193527,-149052417223.96317,13727691394.530138,5970276256.5981293,1.1705942573024783,0.00070379954096953909,-0.096130064946893787
6309207.9779859809,-149093846951.39139,13634531753.035912,5889343327.310174,-149013047971.51175,13221764393.151335,5765067233.5239429,-149079904296.6358,13560022743.841412,5898157870.7190552,1.170587512774121,-0.0026434052464690281,-0.09608556968708655
6315261.9881749041,-149120848960.23752,13467902479.187134,5817712649.2985821,-149033827371.98135,13056459336.636711,5693390666.9127197,-149106963009.17612,13393393164.75153,5826489964.8163357,1.1705293972739099,-0.0059659059112620368,-0.09598487254379974
6321315.9983638274,-149147611996.86566,13301151259.030235,5746055163.5369406,-149054388310.5152,12891135501.760862,5621705912.0718155,-149133782206.87784,13226645648.238071,5754774701.4710922,1.1704200804458449,-0.0092840564710588679,-0.095827883214973666
6327370.0085527506,-149174134996.13708,13134278539.609495,5674370943.739069,-149074730791.23953,12725793128.882517,5550013075.3028431,-149160360073.44241,13059780843.862644,5683012192.0770798,1.1702596682720996,-0.012595092931358942,-0.095614646635011388
6333424.0187416738,-149200416892.63538,12967284773.818003,5602660057.3140974,-149094854818.52945,12560432457.980976,5478312262.7574253,-149186694799.56516,12892799432.151543,5611202560.2730598,1.1700483346862471,-0.015896252685827918,-0.095345231590793417
6339478.028930597,-149226456620.26141,12800170420.527328,5530922565.3671961,-149114760397.0007,12395053728.657202,5406603580.4369259,-149212784583.59048,12725702124.474829,5539345941.9512358,1.1697863215270687,-0.019184776609568455,-0.095019730824477719
6345532.0391195193,-149252253111.832,12632935944.725431,5459158522.7025003,-149134447531.50183,12229657180.135128,5334887134.1922512,-149238627632.16592,12558489662.911942,5467442485.2605515,1.1694739383992119,-0.022457911154345481,-0.094638261138012575
6351586.0493084425,-149277805298.6825,12465581817.662561,5387367977.82798,-149153916227.1059,12064243051.262962,5263163029.7236567,-149264222160.89551,12391162820.10375,5395492350.6047649,1.169111562439769,-0.025712910440955739,-0.094200963499249266
6357640.0594973657,-149303112110.27386,12298108517.005451,5315550972.9621649,-149173166489.10248,11898811580.514961,5191431372.5807409,-149289566394.99176,12223722399.091232,5323495710.6353874,1.1686996379907673,-0.028947038345514466,-0.093708003150202515
6363694.0696862889,-149328172473.80457,12130516526.999163,5243707544.0421953,-149192198322.98956,11733363005.99308,5119692268.1623783,-149314658569.92584,12056169233.140327,5251452750.2392159,1.1682386761775783,-0.032157570573112332,-0.093159569717828183
6369748.0798752122,-149352985313.82776,11962806338.636925,5171837720.7330189,-149211011734.4657,11567897565.428938,5047945821.7167845,-149339496932.07578,11888504185.553226,5179363666.5206032,1.1677292543935855,-0.035341796715098336,-0.092555877328019356
6375802.0900641354,-149377549551.8739,11794978449.837685,5099941526.4372454,-149229606729.42178,11402415496.185915,4976192138.3416319,-149364079739.37228,11720728149.465939,5107228668.7783327,1.1671720156912655,-0.038497022285271749,-0.091897164723393571
6381856.1002530586,-149401864106.07932,11627033365.631342,5028018978.3052349,-149247983313.9332,11236917035.261425,4904431322.9842319,-149388405261.94168,11552842047.632151,5035047978.4770603,1.1665676680804717,-0.041620570730439406,-0.09118369538574933
6387910.1104419818,-149425927890.8208,11458971598.351582,4956070087.2448921,-149266141494.25189,11071402419.289371,4832663480.4417896,-149412471782.74588,11384846832.193306,4962821829.2133217,1.1659169837343981,-0.044709785411049391,-0.090415757664157992
6393964.120630905,-149449739816.35657,11290793667.836248,4884094857.9306297,-149284081276.79858,10905871884.542727,4760888715.3617144,-149436277598.21841,11216743484.434959,4890550466.6760273,1.1652207981049347,-0.04776203154606784,-0.089593664909808732
6400018.1308198282,-149473298788.47369,11122500101.635231,4812093288.8108892,-149301802668.15469,10740325666.936344,4689107132.2420139,-149459821018.89703,11048533014.529369,4818234148.6014471,1.1644800089470559,-0.050774698120792133,-0.088717755618511626
6406072.1410087515,-149496603708.14221,10954091435.225798,4740065372.113574,-149319305675.05481,10574764002.029888,4617318835.4317427,-149483100370.05151,10880216461.264351,4745873144.7226362,1.1636955752552425,-0.053745199749880561,-0.087788393582619459
6412126.1511976747,-149519653471.17581,10785568212.235378,4668011093.8486958,-149336590304.37888,10409187125.030956,4545523929.1315298,-149506113992.30695,10711794891.758446,4673467736.7132921,1.162868516112153,-0.056670978493560183,-0.086805968053371221
6418180.1613865979,-149542446967.89929,10616930984.67181,4595930433.807498,-149353656563.14453,10243595270.798363,4473722517.3941689,-149528860242.26178,10543269401.162394,4601018218.1260166,1.1619999094508489,-0.059549505623892045,-0.085770893915325205
6424234.1715755202,-149564983082.82248,10448180313.161076,4523823365.5572748,-149370504458.49945,10077988673.845623,4401914704.125288,-149551337493.10037,10374641112.347034,4528524894.3249826,1.1610908907332893,-0.062378283334740943,-0.084683611874679043
6430288.1817644434,-149587260694.32077,10279316767.192453,4451689856.4309902,-149387133997.71402,9912367568.3444653,4330100593.0840406,-149573544135.19943,10205911175.57753,4455988082.4129295,1.1601426515456366,-0.065154846394182286,-0.083544588663057376
6436342.1919533666,-149609278674.32181,10110340925.371555,4379529867.5109949,-149403545188.17368,9746732188.1287766,4258280287.8839669,-149595478576.72809,10037080768.174362,4383408111.1526451,1.159156438112753,-0.067876763734698267,-0.082354317258789084
6442396.2021422898,-149631035887.99817,9941253375.6808434,4307343353.6056919,-149419738037.3717,9581082766.6984444,4186453891.9938202,-149617139244.24121,9868151094.1607151,4310785320.8827171,1.1581335497329601,-0.070541639979002257,-0.081113317127586557
6448450.2123312131,-149652531193.46552,9772054715.7482052,4235130263.2183638,-149435712552.90195,9415419537.2235069,4114621508.7385163,-149638524583.2652,9699123383.896698,4238120063.4277239,1.1570753371359079,-0.073147116896956882,-0.079822134484999641
6454504.2225201363,-149673763441.48596,9602745553.1235352,4162890538.507061,-149451468742.45157,9249742732.5484142,4042783241.3001404,-149659633058.8764,9529998893.7004128,4165412702.002809,1.1559832007638038,-0.075690874792234311,-0.078481342582621336
6460557.4054997433,-149694728628.24185,9433349662.1630402,4090633991.4187422,-149467004505.63953,9084075225.7079792,3970949009.7538195,-149680460329.16745,9360802033.8421211,4092673554.2537336,1.1548587447959511,-0.078170299460729897,-0.077091735240280013
6466610.5884793503,-149715428508.52625,9263844544.2946301,4018350682.4010816,-149482322018.12711,8918394611.9483128,3899109101.5020533,-149701007803.79938,9191511008.5387192,4019893073.9709144,1.1537033160927164,-0.080583504895903421,-0.075653760661265571
6472663.7714589573,-149735861909.78461,9094230838.3166866,3946040534.2642126,-149497421287.83633,8752701123.0693989,3827263619.2630715,-149721274010.48343,9022127149.0285091,3947071657.7480106,1.1525184525540311,-0.082928295470202543,-0.074168074925178046
6478716.9544385634,-149756027650.96481,8924509194.1384449,3873703463.2059479,-149512302322.75491,8586994990.5645208,3755412665.6170716,-149741257498.69598,8852651810.8504219,3874209713.1259756,1.1513057341732256,-0.085202518857291673,-0.072635362567458436
6484770.1374181705,-149775924542.23553,8754680273.1028404,3801339378.7108021,-149526965130.92969,8421276445.6252136,3683556343.0075212,-149760956840.21149,8683086373.4019527,3801307658.4700227,1.1500667809660721,-0.087404067030891666,-0.07105633702458887
6490823.3203977775,-149795551384.70465,8584744748.3206844,3728948183.4333825,-149541409720.46002,8255545719.1466169,3611694753.7426367,-149780370629.62518,8513432239.4852657,3728365922.8412838,1.1488032508330208,-0.089530877181779461,-0.0694317411200467
6496876.5033773845,-149814906970.13654,8414703305.0165386,3656529773.0646706,-149555636099.49161,8089803041.7327175,3539827999.9968195,-149799497484.86493,8343690834.8412085,3655384945.8630066,1.1475168373566413,-0.091580932551181354,-0.067762347594670508
6502929.6863569915,-149833990080.66687,8244556640.8877449,3584084036.1800528,-149569644276.21011,7924048643.70187,3467956183.8122101,-149818336047.69214,8173863607.6718655,3582365177.5815101,1.1462092675340239,-0.093552263181255757,-0.066048959684827352
6508982.8693365986,-149852799488.51337,8074305466.4776583,3511610854.0677104,-149583434258.83505,7758282755.0924244,3396079407.1002975,-149836884984.19101,8003952028.1517668,3509307078.3218946,1.1448822994455972,-0.095442946581725072,-0.064292411752366815
6515036.0523162056,-149871333955.68088,7903950505.5645466,3439110100.5360246,-149597006055.61411,7592505605.6684895,3324197771.6435914,-149855142985.246,7833957587.9280567,3436211118.5386024,1.143537719860575,-0.097251108313276879,-0.062493569970414435
6521089.2352958126,-149889592233.65906,7733492495.5678186,3366581641.6986265,-149610359674.81702,7426717424.9258356,3252311379.0973577,-149873108767.00693,7663881799.6099186,3363077778.6608982,1.1421773417790497,-0.098974922488339764,-0.060653333069229917
6527142.4182754196,-149907573063.11069,7562932187.9735107,3294025335.7357082,-149623495124.73022,7260918442.0979147,3180420330.9914131,-149890781071.34125,7493726196.2475653,3289907548.9333615,1.1408030019109476,-0.10061261219058112,-0.058772633146819013
6533195.6012550257,-149925275173.54855,7392270348.7812872,3221441032.6302209,-149636412413.65121,7095108886.1620426,3108524728.7319946,-149908158666.27344,7323492330.8011713,3216700929.2514915,1.1394165580906717,-0.10216244981515098,-0.056852436548917758
6539248.7842346327,-149942697282.99884,7221507758.9753637,3148828573.8775172,-149649111549.8833,6929288985.8455639,3036624673.6036291,-149925240346.4108,7153181775.5999031,3143458428.9924641,1.1380198866277338,-0.10362275733128153,-0.054893744823611167
6545301.9672142398,-149959838097.64859,7050645215.022706,3076187792.1672444,-149661592541.73053,6763458969.6323919,2964720266.7711754,-149942024933.35541,6982796121.7918234,3070180566.8413029,1.1366148795914273,-0.10499190647113829,-0.052897595755852345
6551355.1501938468,-149976696311.47476,6879683529.40135,3003518511.0359492,-149673855397.49255,6597619065.7694092,2892811609.2818079,-149958511276.10214,6812336978.7845144,2996867870.61237,1.1352034420271162,-0.10626831884901231,-0.050865064487339157
6557408.3331734538,-149993270605.85239,6708623531.163105,2930820544.4892974,-149685900125.46011,6431769502.2730923,2820898802.0671124,-149974698251.42181,6641805973.6771927,2923520877.0664487,1.1337874891044495,-0.10745046601418154,-0.048797264728028061
6563461.5161530608,-150009559649.13934,6537466066.5348911,2858093696.5926604,-149697726733.91019,6265910506.9362173,2748981945.9452262,-149990584764.22989,6471204750.6845703,2850140131.7234821,1.1323689431927961,-0.10853686944428929,-0.04669535006503811
6569514.6991326679,-150025562096.23462,6366211999.5637264,2785337761.0290093,-149709335231.10172,6100042307.3346682,2677061141.6230259,-150006169747.93976,6300534970.5528994,2776726188.6711144,1.1309497308622374,-0.10952610048546298,-0.044560515375693416
6575567.8821122739,-150041276588.1076,6194862212.8110771,2712552520.6231999,-149720725625.27127,5934165130.8343477,2605136489.69838,-150021452164.80084,6129798309.9686565,2703279610.3691773,1.1295317798053006,-0.1104167802476456,-0.042393998351069037
6581621.065091881,-150056701751.29565,6023417608.1028175,2639737746.8318443,-149731897924.62921,5768279204.5980597,2533208090.6623912,-150036431006.22073,5958996460.960146,2629800967.4502006,1.1281170156785076,-0.11120757946253605,-0.040197081137345742
6587674.248071488,-150071836197.3667,5851879107.3424358,2566893199.1984305,-149742852137.35562,5602384755.5927181,2461276044.9017997,-150051105293.07172,5788131130.2928677,2556290838.5162659,1.1267073588546535,-0.11189721831779169,-0.037971092101436774
6593727.431051095,-150086678522.34491,5680247653.3950901,2494018624.7732601,-149753588271.5968,5436482010.5963812,2389340452.7013168,-150065474075.98062,5617204038.8585958,2482749809.9321318,1.1253047210864042,-0.11248446627641825,-0.035717407728677694
6599780.614030702,-150101227306.09613,5508524211.0518456,2421113757.498466,-149764106335.46182,5270571196.2054758,2317401414.246057,-150079536435.60281,5446216921.0590153,2409178475.6149569,1.1239110020703746,-0.11296814189833446,-0.033437454659131539
6605897.9204063034,-150115630522.85687,5334889196.6102982,2347405523.3087025,-149774514281.1777,5102894865.7280121,2244696902.2801199,-150093435546.62311,5273359277.3170528,2334797599.5246553,1.1225135007522871,-0.11335056285227052,-0.031108169715773352
6612015.2267819038,-150129730977.42416,5161162287.9259195,2273665761.4755878,-149784699528.38358,4935210758.7521362,2171989076.0820117,-150107019914.0014,5100443929.3717728,2260387014.2534957,1.121128956981666,-0.11362493072526222,-0.028755150378937208
6618132.5331575051,-150143527149.46292,4987344556.0656557,2199894152.396255,-149794662085.31369,4767519108.6323032,2099278038.7600973,-150120288683.87292,4927472705.4783192,2185947354.9542823,1.1197592713625411,-0.11379017812617649,-0.026380039526802526
6624249.8395331064,-150157017498.74472,4813437100.0922241,2126090359.8704009,-149804401960.15115,4599820148.5644007,2026563893.3294544,-150133241034.66479,4754447445.349884,2111479263.7425528,1.1184063163708635,-0.11384528852177656,-0.023984542502639917
6630367.1459087078,-150170200464.26144,4639441048.6954861,2052254030.2900462,-149813919161.02548,4432114111.593503,1953846742.7145748,-150145876177.29456,4581369999.486269,2036983389.4592924,1.1170719321223492,-0.11378929636905884,-0.021570430103927639
6636484.4522843082,-150183074463.28998,4465357561.9960499,1978384791.8074288,-149823213696.01025,4264401230.6218157,1881126689.7521632,-150158193355.35028,4408242228.4998894,1962460387.4311671,1.1157579219940141,-0.1136212873982545,-0.0191395417575232
6642601.7586599095,-150195637890.4104,4291187833.5408382,1904482253.4872613,-149832285573.12112,4096681738.416492,1808403837.1938972,-150170191845.25174,4235066002.4394808,1887910919.2283423,1.1144660480962645,-0.11334039908195528,-0.016693788883917812
6648719.0650355108,-150207889116.48117,4116933092.5129037,1830546004.4515524,-149841134800.3139,3928955867.6177216,1735678287.7093263,-150181870956.39343,4061843200.1124763,1813335652.4202769,1.113198026583925,-0.1129458213347818,-0.014235158450699214
6654836.3714111112,-150219826487.57748,3942594606.1786203,1756575613.0267224,-149849761385.48306,3761223850.7466106,1662950143.8886943,-150193230031.26819,3888575708.4061317,1738735260.3294888,1.1119555228055997,-0.11243679748845382,-0.011765716713564628
6660953.6777867125,-150231448323.90103,3768173682.5979099,1682570625.9052863,-149858165336.46017,3593485920.2130575,1590219508.2457838,-150204268445.57272,3715265421.6082006,1664110421.7836037,1.110740146283729,-0.11181262559557216,-0.0092876131389845358
6667070.9841623139,-150242752918.67194,3593671673.6248283,1608530567.336941,-149866346661.01297,3425742308.323864,1517486483.2208757,-150214985608.29385,3541914240.7279625,1589461820.8660083,1.1095534455249074,-0.1110726601197002,-0.0068030844990400159
6673188.2905379143,-150253738537.01773,3419089978.2266455,1534454938.3665407,-149874305366.84433,3257993247.2906041,1444751171.1836305,-150225380961.77643,3368524072.8177052,1514790146.6651156,1.1083969026583853,-0.11021631407574221,-0.0043144591233064923
6679305.5969135156,-150264403414.87759,3244430046.1515207,1460343216.1400898,-149882041461.59161,3090238969.2374859,1372013674.4359756,-150235453981.77228,3195096830.2954531,1440096093.0225687,1.1072719279084535,-0.10924306168970956,-0.0018241612868576315
6685422.9032891169,-150274745757.94513,3069693381.9757729,1386194853.3036718,-149889554952.82614,2922479706.2094035,1299274095.215111,-150245204177.47067,3021634430.2697506,1365380358.2806969,1.1061798539052641,-0.10815244165463769,0.00066528429450789662
6691540.2096647182,-150284763740.67801,2894881549.5613332,1312009277.5241539,-149896845848.05307,2754715690.1797318,1226532535.6964045,-150254631091.51038,2848138793.8665605,1290643645.0292363,1.1051219298482986,-0.1069440610636561,0.0031512478992838894
6697657.5160403186,-150294455505.40939,2719996176.954567,1237785891.1656053,-149903914154.7113,2586947153.0582089,1153789097.9963627,-150263734299.97311,2674611845.5592418,1215886659.8517063,1.104099315538591,-0.10561760010844733,0.0056309902139033037
6703774.82241592,-150303819161.60245,2545038961.7556205,1163524071.1602283,-149910759880.1738,2419174326.6986413,1081043884.1755378,-150272513412.35904,2501055512.5018544,1141110113.0715351,1.1031130753072407,-0.10417281763471641,0.0081016577853672209
6709892.1287915213,-150312852785.29767,2370011676.985743,1089223169.1185129,-149917383031.74789,2251397442.9068189,1008296996.2415435,-150280968071.54382,2327471723.8667436,1066314718.498327,1.1021641718738346,-0.10260955765126893,0.010560278587760126
6716009.4351671217,-150321554418.81097,2194916177.4751716,1014882511.7289269,-149923783616.67609,2083616733.448123,935548536.15196896,-150289097953.71829,2153862410.1864381,991501193.17427611,1.1012534601777593,-0.10092775689162518,0.013003757793891955
6722126.741542723,-150329922070.75027,2019754406.7891731,940501401.50403702,-149929961642.13675,1915832430.0550957,862798605.81728625,-150296902768.30991,1980229502.7006273,916670257.12104416,1.1003816812419025,-0.09912745352628162,0.015428873861457706
6728244.0479183244,-150337953716.42838,1844528404.7018983,866079117.93638921,-149935917115.24542,1748044764.4351559,790047307.10385132,-150304382257.88727,1806574932.7089615,841822633.08741546,1.0995494561369406,-0.097208797122324844,0.017832275064103939
6734361.3542939257,-150345647298.76062,1669240315.2164211,791614919.13352573,-149941650043.056,1580253968.2779903,717294741.83678102,-150311536198.04718,1632900630.9296932,766959046.29773402,1.0987572801329208,-0.095172059939992643,0.020210476620150068
6740478.6606695261,-150353000729.74704,1493892395.1167026,717108044.00796247,-149947160432.56219,1412460273.2630186,644541011.80288506,-150318364397.28485,1459208526.8650455,692080224.20149493,1.098005517140725,-0.093017649645331199,0.022559858596363981
6746595.9670451274,-150360011892.64923,1318487023.0191207,642557715.10298061,-149952448290.6994,1244663911.0666094,571786218.75351429,-150324866696.84766,1285500548.1734962,617186896.22418022,1.0972943945640585,-0.090746123500514808,0.024876664790203205
6752862.8869967116,-150366837363.63123,1138734734.8014102,566138189.77225173,-149957634721.69211,1072761157.9201899,497251034.65138197,-150331189941.09354,1107529670.1225424,540447592.12467003,1.0966081125729621,-0.088298350810202084,0.02721228338406604
6759129.8069482958,-150373299043.91568,958927637.25809157,489671370.84972513,-149962587617.6716,900856097.79536247,422714950.9896841,-150337170916.74072,929546218.52568054,463694619.00933838,1.0959645081397207,-0.085729398444391411,0.029505296084332132
6765396.7268998791,-150379394587.94891,779068749.81364954,413156396.11969006,-149967306985.91742,728948979.8239069,348178077.07281923,-150342809558.89264,751552255.89195061,386928765.96907091,1.0953633531910474,-0.083040464425327157,0.031751226875245023
6771663.6468514632,-150385121638.95316,599161270.42728782,336592407.06844616,-149971792833.65454,557040053.16582012,273640522.17880011,-150348105837.89642,573549839.99041653,310150823.17941284,1.0948042545392001,-0.080232991769313186,0.033945461347933657
6777930.5668030474,-150390477837.61392,419208587.08260763,259978557.19152582,-149976045168.05652,385129567.0171442,199102395.56245232,-150353059759.08878,395541023.19013786,233361581.63035297,1.0942866533363549,-0.077308692704474394,0.036083255581019873
6784197.4867546316,-150395460832.51099,239214288.93269852,183314021.60671154,-149980063996.24863,213217770.61740875,124563806.45846605,-150357671362.52554,217527851.81103134,156561832.85883522,1.0938098263306397,-0.07426957407010748,0.03815974816242361
6790464.4067062158,-150400068292.43536,59182176.78189671,106598008.02783106,-149983849325.31128,41304913.257050514,50024864.084469795,-150361940722.69485,39512365.48644352,79752368.684374332,1.0933728892045493,-0.071117963529217162,0.040169975736040246
6796731.3266577991,-150404297920.70758,-120883727.47003648,29829769.12347506,-149987401162.28366,-130608755.7153101,-24514322.355943203,-150365867948.21475,-138503403.46229458,2933980.9479122162,1.0929748022699484,-0.067856536110904211,0.042108892435513773
6802998.2466093833,-150408147471.57227,-300979172.84869045,-46991383.755146585,-149990719514.1676,-302522986.88587475,-99053643.670277119,-150369453181.51575,-316517430.63905525,-73892538.745947361,1.0926143787739113,-0.064488340475283124,0.043971393524017431
6809265.1665609675,-150411614768.69052,-481099673.26502728,-123866065.54244378,-149993804387.9314,-474437530.76856804,-173592990.67413568,-150372696598.50876,-494527700.17309189,-150726399.2829752,1.0922902960403871,-0.061016824165410481,0.045752343488862174
6815532.0865125516,-150414697725.68301,-661240503.92709947,-200794801.24770236,-149996655790.51413,-646352137.79836273,-248132254.18837738,-150375598408.23904,-672532205.30640507,-227566810.28968,1.0920011096123901,-0.057445856985467038,0.04744660874104057
6821799.0064641349,-150417394368.59283,-841396700.73657107,-277778008.75778794,-149999273728.82983,-818266558.32460976,-322671325.03625727,-150378158852.52667,-850528948.96754837,-304412982.37964725,1.0917452704886641,-0.053779751530089973,0.049049094938105421
6828065.9264157191,-150419702860.04056,-1021563063.2042091,-354815980.92062348,-150001658209.77209,-990180542.60469723,-397210094.04068422,-150380378205.59418,-1028515944.3318901,-381264127.39583254,1.091521145447895,-0.050023279798109513,0.050554788785577759
6834332.8463673033,-150421621524.73618,-1201734161.3910153,-431908867.25451881,-150003809240.21854,-1162093840.797616,-471748452.0214138,-150382256773.68188,-1206491215.3676491,-458119458.64847755,1.0913270403338622,-0.046181684766095403,0.051958803978141579
6840599.7663188875,-150423148875.89825,-1381904347.3237336,-509056655.7060501,-150005726827.03574,-1334006202.9579544,-546286289.79241419,-150383794894.65152,-1384452797.3679924,-534978191.14873648,1.0911612260390182,-0.042260685786726135,0.053256430723142768
6846866.6862704717,-150424283642.01776,-1562067771.2377813,-586259154.94959605,-150007410977.08398,-1505917379.0299587,-620823498.15922928,-150384992937.5788,-1562398737.4685478,-611839541.837708,1.091021966768539,-0.038266476724828385,0.054443188054594749
6853133.6062220549,-150425024793.29813,-1742218402.8690543,-663515977.77988422,-150008861697.22241,-1677827118.8417625,-695359967.91639996,-150385851302.33545,-1740327095.1503048,-688702729.81080103,1.0909075500132261,-0.034205715861925091,0.055514877908197827
6859400.5261736391,-150425371567.01523,-1922350057.8480854,-740826526.18728292,-150010078994.31415,-1849735172.0999117,-769895589.84499359,-150386370419.16141,-1918235942.7278223,-765566976.53738022,1.0908163175068997,-0.03008550679230184,0.056467639703727451
6865667.4461252233,-150425323490.98038,-2102456429.0507827,-818189978.71751583,-150011062875.23145,-2021641288.3838453,-844430254.71009254,-150386550748.22772,-2096123365.822217,-842431506.07540751,1.0907466963087418,-0.025913369801952166,0.057298003988983125
6871934.3660768075,-150424880404.26535,-2282531122.5405731,-895605280.69827044,-150011813346.86127,-2193545217.1408024,-918963853.25844717,-150386392779.19083,-2273987463.819313,-919295545.28120661,1.0906972290491661,-0.021697203559366014,0.058002943559244374
6878201.2860283917,-150424042474.36847,-2462567697.5066366,-973071137.85979557,-150012330416.11053,-2365446707.6807795,-993496276.21613932,-150385897030.73889,-2451826350.3124466,-996158324.01408291,1.0906666023180764,-0.017445237339754779,0.058579920396109528
6884468.2059799749,-150422810210.06958,-2642559709.3812675,-1050586013.7855288,-150012614089.91187,-2537345509.1716928,-1068027414.2863069,-150385064050.13055,-2629638153.5299683,-1073019075.3357792,1.0906536721699032,-0.013165974430398053,0.059026926785848061
6890735.1259315591,-150421184469.3407,-2822500755.1216779,-1128148131.5036554,-150012664375.22906,-2709241370.6348562,-1142557158.1469893,-150383894412.72723,-2807421016.7474918,-1149877035.7047234,1.0906574857717095,-0.0088681277943431763,0.05934251908823019
6897002.0458831433,-150419166461.84683,-3002384519.4835339,-1205755479.375107,-150012481279.06305,-2881134040.9403658,-1217085398.4489336,-150382388721.51907,-2985173098.6844559,-1226731445.1648483,1.0906772983534403,-0.0045605494824348287,0.05952584283712594
6903505.7597618541,-150416659096.93939,-3188997959.1008949,-1286340630.0952857,-150012044496.73022,-3059517987.3654089,-1294427961.8063869,-150380471472.87799,-3169606994.2137585,-1306485214.0191913,1.0907142166924717,-8.9466803409401995e-05,0.059575972452277935
6910009.4736405648,-150413733070.33203,-3375536345.5982189,-1366969345.477119,-150011356378.71661,-3237897945.2471418,-1371768665.7475166,-150378193708.74286,-3354003750.6431847,-1386233503.4858522,1.0907674715208144,0.0043725457974226178,0.059483799141060729
6916513.1875192765,-150410390886.37762,-3561993230.5425582,-1447638665.1297169,-150010416933.01379,-3416273633.3548546,-1449107387.9463944,-150375556194.09537,-3538361365.3410568,-1465975477.6733766,1.0908369933632711,0.0088156484469668409,0.059250437804171358
6923016.9013979873,-150406635401.95154,-3748362467.0893083,-1528345432.3007073,-150009226167.6843,-3594644770.2638321,-1526444006.0361829,-150372559723.67545,-3722677855.2704659,-1545710305.672802,1.0909229656657249,0.0132302006306531,0.058877683523502054
6929520.615276698,-150402469797.0968,-3934638248.6733112,-1609086322.7095609,-150007784090.86771,-3773011074.3511219,-1603778397.6069708,-150369205121.36343,-3906951257.3913631,-1625437161.760355,1.0910258100317585,0.017606846264210878,0.058367979567557203
6936024.3291554088,-150397897541.17505,-4120815140.5165892,-1689857875.5627263,-150006090710.7894,-3951372263.791523,-1681110440.2036648,-150365493239.58408,-4091179629.0208149,-1705155225.5827389,1.091146165267346,0.021936591029893097,0.057724374592546111
6942528.0430341195,-150392922355.69907,-4306888103.3731594,-1770656525.7504795,-150004146035.76712,-4129728056.5538521,-1758440011.3239951,-150361424958.70236,-4275361048.1815166,-1784863682.3384976,1.0912848613273036,0.026210869913293702,0.056950470769492001
6949031.7569128303,-150387548175.08948,-4492852509.2922096,-1851478636.2366168,-150001950074.21829,-4308078170.3974209,-1835766988.4166069,-150357001186.41751,-4459493613.9304647,-1864561722.9521251,1.0914428893665402,0.030421603557678756,0.056050364843424995
6955535.470791541,-150381779106.58865,-4678704149.526742,-1932320529.718785,-149999502834.66739,-4486422322.8687468,-1913091248.8792276,-150352222857.15549,-4643575446.669467,-1944248544.2414093,1.0916213691899741,0.034561242598726179,0.05502858427193516
6962039.1846702527,-150375619390.48892,-4864439235.0209894,-2013178518.7488005,-149996804325.75323,-4664760231.2985029,-1990412670.0569296,-150347090931.46097,-4827604688.4377556,-2023923349.078073,1.0918215153968482,0.038622799718433444,0.053890020600304414
6968542.8985489635,-150369073361.70062,-5050054390.1590691,-2094048933.6456606,-149993854556.23636,-4843091612.7985573,-2067731129.2404203,-150341606395.38965,-5011579503.1867647,-2103585346.5416718,1.0920446034419666,0.042599869680737451,0.052639862122041775
6975046.6124276742,-150362145413.51694,-5235546640.640398,-2174928147.6953998,-149990653535.00635,-5021416184.2594872,-2145046503.6645241,-150335770259.9007,-5195498077.0377464,-2183233752.0669794,1.0922919367048696,0.046486638055526677,0.051283527669762047
6981550.326306385,-150354839964.24136,-5420913396.4593239,-2255812599.2969599,-149987201271.08914,-5199733662.3480434,-2222358670.5066342,-150329583560.2511,-5379358618.5220127,-2262867787.5846829,1.0925648154764034,0.050277879687458657,0.049826603110029073
6988054.0401850957,-150347161427.14832,-5606152431.0141544,-2336698810.8717351,-149983497773.65421,-5378043763.5049467,-2299667506.8852968,-150323047355.39145,-5563159358.804451,-2342486681.655632,1.0928645085770843,0.053968948206755012,0.048274781805232071
6994557.7540638074,-150339114184.05969,-5791261857.3592949,-2417583404.4960012,-149979543052.022,-5556346203.9429026,-2376972889.8588824,-150316162727.36444,-5746898551.8905659,-2422089669.5986638,1.093192228115486,0.057555758017461919,0.04663380998221734
7001061.4679425182,-150330702562.65109,-5976240102.5567236,-2498463114.3351207,-149975337115.67102,-5734640699.6446543,-2454274696.4242697,-150308930780.70605,-5930574474.8172064,-2501675993.6120253,1.0935491076985855,0.061034760244406218,0.044909437634264707
7007565.1818212289,-150321930817.45737,-6161085880.9921312,-2579334796.0532098,-149970879974.24493,-5912926966.3615274,-2531572803.5157218,-150301352641.85068,-6114185427.827776,-2581244902.8886628,1.0939361842263331,0.064402914088562649,0.043107375296942599
7014068.8956999397,-150312803114.43173,-6345798167.4069815,-2660195433.4406362,-149966171637.55991,-6091204719.6118689,-2608867088.0037279,-150293429458.53983,-6297729734.5317278,-2660795653.7252431,1.0943543832572891,0.06765765494556894,0.041233256789933774
7020572.6095786504,-150303323518.82568,-6530376170.2749147,-2741042142.5471635,-149961212115.61145,-6269473674.6798315,-2686157426.6939735,-150285162399.2355,-6481205742.04916,-2740327509.6251884,1.0948045078053918,0.070796860510073792,0.039292607813364494
7027076.3234573612,-150293495986.09793,-6714819306.0251493,-2821872173.6322083,-149956001418.58154,-6447733546.6142836,-2763443696.3263721,-150276552652.53867,-6664611821.1407394,-2819839741.3957715,1.0952872303401231,0.073818815927841855,0.037290820128922743
7033580.037336072,-150283324355.52542,-6899127174.4960546,-2902682911.2500119,-149950539556.84549,-6625984050.2279139,-2840725773.5741668,-150267601426.61295,-6847946366.3233671,-2899331627.239387,1.0958030877002656,0.07672217888653067,0.035233130941302308
7040083.7512147836,-150272812346.1748,-7083299535.8928471,-2983471872.7799726,-149944826540.97885,-6804224900.0965319,-2918003535.043117,-150258309948.61401,-7031207795.9720573,-2978802452.8391581,1.096352478593307,0.079505945366772343,0.033124607020626515
7046587.4650934944,-150261963554.89417,-7267336289.4273176,-3064236705.6946363,-149938862381.76419,-6982455810.5583839,-2995276857.2706928,-150248679464.12543,-7214394552.4082804,-3058251511.4389067,1.0969356633338947,0.082169416616183599,0.030970133064896647
7053091.1789722051,-150250781455.99771,-7451237453.7361431,-3144975183.8344841,-149932647090.19778,-7160676495.7139101,-3072545616.7254524,-150238711236.60086,-7397505101.975606,-3137678103.9178267,1.0975527654781125,0.084712167760333218,0.028774403784781435
7059888.4196745735,-150238742108.80685,-7643293704.6775875,-3229327118.9239564,-149925882911.76035,-7346929431.5992308,-3153296673.8000689,-150227933559.12607,-7588796750.0660057,-3220664632.2630963,1.0982339544624675,0.087240470173786694,0.026440365398089673
7066685.6603769409,-150226346039.07886,-7835202220.4001064,-3313645703.1783009,-149918844446.45578,-7533170558.8859339,-3234042470.7571788,-150216789845.32828,-7780001813.4420347,-3303625085.4165606,1.0989520175138763,0.089636761244225399,0.024071085190872251
7073482.9010793082,-150213596796.82654,-8026963322.3735991,-3397928803.3318043,-149911531707.63263,-7719399550.3571043,-3314782866.3277583,-150205281596.25351,-7971118625.7997417,-3386558692.4712663,1.0997066454759881,0.091901315335044059,0.021671236714001417
7080280.1417816766,-150200497798.27341,-8218577400.9832125,-3482174411.8130894,-149903944708.92599,-7905616078.5118532,-3395517719.1579266,-150193410331.63696,-8162145549.7146044,-3469464691.9302139,1.1004973897396297,0.094034606038651158,0.019245262248163832
7087077.3824840449,-150187052331.11322,-8410044901.9075861,-3566380639.638145,-149896083464.26529,-8091819815.5656557,-3476246887.8084569,-150181177589.25568,-8353080976.6615868,-3552342331.7675214,1.1013236706309375,0.09603728054708216,0.016797377584153013
7093874.6231864123,-150173263560.15436,-8601366314.3144722,-3650545709.3295326,-149887947987.88196,-8278010433.4509726,-3556970230.7543936,-150168584924.29163,-8543923327.0219831,-3635190869.4837189,1.1021847861980552,0.097910136729406752,0.014331578287806887
7100671.8638887797,-150159134533.17862,-8792542160.7041264,-3734667947.9646783,-149879538294.31686,-8464187603.8180141,-3637687606.3847456,-150155633908.70642,-8734671050.0775661,-3718009572.1553569,1.1030799211867897,0.099654102766348715,0.011851647076239235
7107469.104591148,-150144668186.87793,-8983572988.231329,-3818745780.4306984,-149870854398.42767,-8650350998.0355587,-3718398873.002203,-150142326130.6268,-8925322623.9925499,-3800797716.4790745,1.1040081560393247,0.10127021916382227,0.0093611619886089827
7114266.3452935163,-150129867352.76126,-9174459361.3423862,-3902777722.9418955,-149861896315.39612,-8836500287.1919079,-3799103888.8229156,-150128663193.74225,-9115876555.7840919,-3883554588.8104076,1.1049684757799312,0.10275962295650794,0.0068635050870470577
7121063.5859958837,-150114734762.94885,-9365201855.5720882,-3986762376.8583727,-149852664060.73492,-9022635142.096077,-3879802511.976378,-150114646716.71417,-9306331381.2820606,-3966279485.1975856,1.1059597786839372,0.10412353390665069,0.004361871469835619
7127860.8266982511,-150099273055.79208,-9555801052.3561516,-4070698422.8297696,-149843157650.29492,-9208755233.2791061,-3960494600.5053759,-150100278332.59695,-9496685665.0785618,-4048971711.4104962,1.1069808846513092,0.10536324250536509,0.0018592784200039258
7134658.0674006194,-150083484781.27478,-9746257534.7265816,-4154584615.27668,-149833377100.27161,-9394860230.9954014,-4041180012.3659425,-150085559688.2713,-9686938000.4677238,-4131630582.9649868,1.1080305432276611,0.10648009959060133,-0.0006414254518189741
7141455.3081029877,-150067372406.16577,-9936571883.7700043,-4238419777.2134509,-149823322427.21188,-9580949805.2241726,-4121858605.427372,-150070492443.88977,-9877087009.3764763,-4214255425.1427689,1.1091074412338096,0.10747550740555807,-0.003137551181189691
7148252.5488053551,-150050938318.90457,-10126744675.741365,-4322202795.4092331,-149812993648.02051,-9767023625.6710796,-4202530237.472322,-150055078272.33441,-10067131342.286987,-4296845573.0071812,1.1102102099800613,0.10835091193335769,-0.0056265606252836964
7155049.7895077225,-150034184834.21069,-10316776479.737087,-4405932615.8789625,-149802390779.96631,-9953081361.7699776,-4283194766.1969733,-150039318858.68695,-10257069678.151245,-4379400371.4150009,1.1113374320529319,0.10910779635647959,-0.0081060579035910699
7161847.0302100908,-150017114197.41473,-10506667855.843048,-4489608239.6922855,-149791513840.68848,-10139122682.684647,-4363852049.2111855,-150023215899.7114,-10446900724.29829,-4461919175.0244455,1.1124876476716614,0.10974767550332286,-0.010573781149804428
7168644.2709124591,-149999728588.51419,-10696419353.68339,-4573228719.0860386,-149780362848.20239,-10325147257.310612,-4444501944.0386963,-150006771103.34885,-10636623216.334734,-4544401348.2996521,1.1136593606195819,0.110272091156829,-0.013027594606185551
7175441.5116148265,-149982030125.96198,-10886031511.305738,-4656793153.864274,-149768937820.90567,-10511154754.277122,-4525144308.1174059,-149989986188.22491,-10826235918.039238,-4626846265.5118799,1.1148510437603216,0.11068260811396305,-0.015465481080099099
7182238.7523171939,-149964020870.19748,-11075504854.346828,-4740300688.068881,-149757238777.58371,-10697144841.949217,-4605778998.7997046,-149972862883.16934,-11015737621.251429,-4709253310.7375956,1.1160611441539907,0.11098081089536943,-0.017885534773134225
7189035.9930195622,-149945702826.9328,-11264839895.430288,-4823750506.9035006,-149745265737.41528,-10883117188.429735,-4686405873.3527803,-149955402926.74805,-11205127145.755636,-4791621877.8536167,1.1172880877898947,0.11116830101855533,-0.020285954485606873
7195833.2337219305,-149927077950.20779,-11454037133.755432,-4907141833.8936367,-149733018719.97794,-11069071461.561398,-4767024788.9589739,-149937608066.80734,-11394403339.160133,-4873951370.5295658,1.1185302839564253,0.11124669475470693,-0.022665037193920295
7202630.4744242979,-149908148145.22824,-11643097054.841963,-4990473928.2662477,-149720497745.25317,-11255007328.929024,-4847635602.7161932,-149919480060.0303,-11583565076.772463,-4956241202.2178583,1.1197861292680851,0.1112176213021078,-0.025021171993707125
7209427.7151266653,-149888915271.00168,-11832020130.4006,-5073746082.5326185,-149707702833.63168,-11440924457.861799,-4928238171.6383696,-149901020671.50513,-11772611261.471279,-5038490796.1414232,1.1210540113708714,0.11108272131617536,-0.027352834398439295
7216224.9558290336,-149869381142.78558,-12020806818.303671,-5156957620.2590036,-149694634005.91806,-11626822515.435482,-5008832352.6558857,-149882231674.30545,-11961540823.575068,-5120699585.2792625,1.122332312346292,0.1108436457430633,-0.029658580981402793
7223302.1862626476,-149848724158.12796,-12217225493.948925,-5243531670.1801758,-149680735801.09497,-11820357400.59761,-5092737275.5032797,-149862320391.07364,-12158127660.908289,-5206250731.3175535,1.1236725946629371,0.11048581017968356,-0.032030293850220382
7230379.4166962616,-149827744469.47256,-12413497281.278051,-5330038605.6494694,-149666540696.74097,-12013870873.334585,-5176632788.3238811,-149842055734.2052,-12354585794.924984,-5291756419.8116636,1.1250205868957375,0.11001872401263556,-0.034370968683958968
7237456.6471298747,-149806443989.80032,-12609622649.923315,-5416477756.7827072,-149652048717.80298,-12207362557.003347,-5260518729.3446703,-149821439729.81549,-12550914112.118874,-5377216044.3387556,1.1263744643727276,0.10944428093517292,-0.036679222518960032
7244533.8775634887,-149784824590.47278,-12805602053.882858,-5502848481.4481926,-149637259889.73636,-12400832074.674179,-5344394936.6969013,-149800474411.53217,-12747111530.577284,-5462629009.8516779,1.1277324090724343,0.10876438384326,-0.038953745770591353
7251611.1079971027,-149762888103.31198,-13001435931.791006,-5589150163.4587078,-149622174238.51031,-12594279049.133419,-5428261248.4167061,-149779161820.05219,-12943176999.810463,-5547994732.6517801,1.1290926123047327,0.10798094458682607,-0.041193297533100609
7258688.3384307167,-149740636322.53986,-13197124707.208973,-5675382210.9077711,-149606791790.61276,-12787703102.886452,-5512117502.4458265,-149757504002.71323,-13139109500.580833,-5633312640.36061,1.1304532771578584,0.10709588386094379,-0.043396701197422984
7265765.5688643306,-149718071006.59009,-13392668788.927107,-5761544054.6378946,-149591112573.05511,-12981103858.160545,-5595963536.6322985,-149735503013.07785,-13334908044.732258,-5718582171.8905449,1.1318126207357753,0.10611113120799155,-0.045562840367772334
7272842.7992979437,-149695193879.80484,-13588068571.272131,-5847635146.8298693,-149575136613.37711,-13174480936.9077,-5679799188.7311468,-149713160910.53104,-13530571675.020012,-5803802777.4146271,1.1331688762041561,0.10502862511245346,-0.047690655058107781
7279920.0297315577,-149672006634.02756,-13783324434.414318,-5933654959.7030926,-149558863939.65118,-13367833960.8076,-5763624296.4051456,-149690479759.89023,-13726099464.942053,-5888973918.3358936,1.1345202946636577,0.10385031317049805,-0.049779138150505664
7286997.2601651717,-149648510930.10196,-13978436744.670259,-6019602984.3176165,-149542294580.48694,-13561162551.27029,-5847438697.2254667,-149667461631.0278,-13921490518.571648,-5974095067.2562065,1.1358651468671921,0.1025781523210986,-0.05182733209844699
7294074.4905987857,-149624708399.2868,-14173405854.798805,-6105478729.4698343,-149525428565.03531,-13754466329.439083,-5931242228.6724463,-149644108598.50528,-14116743970.392368,-6059165707.9450369,1.1372017247979418,0.10121410912273029,-0.053834325859263579
7301151.7210323997,-149600600644.59476,-14368232104.287699,-6191281720.6740932,-149508265922.99261,-13947744916.1933,-6015034728.1362915,-149620422741.21933,-14311858985.135464,-6144185335.3082132,1.1385283431210671,0.099760160069600146,-0.055799252040410925
7308228.9514660127,-149576189242.06326,-14562915819.629614,-6277011499.2234297,-149490806684.60455,-14140997932.150993,-6098816032.9177856,-149596406142.05862,-14506834757.620136,-6229153455.356883,1.1398433405241308,0.098218291934169338,-0.057721284245778298
7315306.1818996267,-149551475741.96417,-14757457314.58688,-6362667621.3232784,-149473050880.67001,-14334224997.671734,-6182585980.2290421,-149572060887.57159,-14701670512.597282,-6314069585.1769199,1.1411450809568817,0.09659050213240386,-0.059599634608701935
7322383.4123332407,-149526461669.95889,-14951856890.444084,-6448249657.2923269,-149454998542.54468,-14527425732.859108,-6266344407.1941442,-149547389067.6445,-14896365504.596643,-6398933252.8987885,1.1424319547829538,0.094878799101620129,-0.061433551499612535
7329460.6427668547,-149501148528.20438,-15146114836.249031,-6533757190.8256311,-149436649702.14459,-14720599757.563419,-6350091150.849885,-149522392775.18915,-15090919017.778244,-6483743997.6682615,1.1437023798529737,0.093085202687866866,-0.063222317396833427
7336537.8732004678,-149475537796.41541,-15340231429.041874,-6619189818.3151541,-149418004391.94968,-14913746691.384186,-6433826048.1464224,-149497074105.84021,-15285330365.78804,-6568501369.6179562,1.1449548025087062,0.091211744537448555,-0.064965246909952049
7343615.1036340818,-149449630932.88773,-15534206934.073175,-6704547148.2236261,-149399062645.00696,-15106866153.672716,-6517548935.948,-149471435157.66141,-15479598891.618391,-6653204929.8400011,1.1461876985265687,0.089260468488692832,-0.066661684945935121
7350692.3340676958,-149423429375.48639,-15728041605.011118,-6789828800.5077066,-149379824494.93384,-15299957763.534401,-6601259651.0335331,-149445478030.86026,-15673723967.473248,-6737854250.3597794,1.1473995740086051,0.087233430960001135,-0.068311005008937095
7357769.5645013098,-149396934542.60291,-15921735684.139114,-6875034406.0871677,-149360289975.9213,-15493021139.83115,-6684958030.0972881,-149419204827.5108,-15867704994.638823,-6822448914.1111393,1.1485889662275965,0.085132701332107999,-0.069912607625190262
7364846.7949349238,-149370147834.08469,-16115289402.544277,-6960163606.3567276,-149340459122.73666,-15686055901.183678,-6768643909.7494965,-149392617651.28391,-16061541403.359646,-6906988514.9130154,1.1497544444327616,0.082960362321556375,-0.071465918885244797
7371924.0253685368,-149343070632.14011,-16308702980.297779,-7045216052.7376785,-149320331970.72687,-15879061665.973686,-6852317126.5169392,-149365718607.18454,-16255232652.720324,-6991472657.4476585,1.1508946106220892,0.080718510342015298,-0.072970389096331301
7379001.2558021508,-149315704302.22147,-16501976626.628168,-7130191406.2666988,-149299908555.82108,-16072038052.346119,-6935977516.8435717,-149338509801.29587,-16448778230.533407,-7075900957.2406549,1.1520081002856901,0.078409255854630877,-0.074425491537793376
7386078.4862357648,-149288050193.88904,-16695110540.088436,-7215089337.219182,-149279188914.53357,-16264984678.211075,-7019624917.091011,-149310993340.52911,-16642177653.233112,-7160273040.642664,1.1530935831262836,0.076034723700461923,-0.075830721313497135
7393323.4325780049,-149259444043.95804,-16892676789.960154,-7301918644.4142818,-149257671459.29684,-16462472519.177097,-7105240963.4948702,-149282508318.62799,-16840008380.889175,-7246585960.8830709,1.1541744272719998,0.073538537360322606,-0.077217087365128556
7400568.378920245,-149230539129.17026,-17090096993.221231,-7388666144.986104,-149235843650.72668,-16659928361.333733,-7190843049.5497341,-149253705357.32886,-17037685010.140226,-7332839211.0034513,1.1552232130647271,0.070978496575710884,-0.078550183831658724
7407813.3252624851,-149201336851.07343,-17287371329.158115,-7475331513.1655664,-149213705529.91818,-16857351794.026245,-7276430999.441021,-149224586718.02121,-17235207114.800804,-7419032425.3104219,1.1562386293185718,0.068356929699127614,-0.07982953356821966
7415058.2716047261,-149171838597.43155,-17484499966.027588,-7561914431.997653,-149191257138.62067,-17054742406.350399,-7362004637.265954,-149195154661.95023,-17432574299.719475,-7505165249.9411182,1.1572194054357285,0.065676182161192045,-0.081054679261989143
7422303.2179469662,-149142045743.11975,-17681483061.225636,-7648414593.0806131,-149168498519.24039,-17252099787.154217,-7447563787.0339909,-149165411449.96185,-17629786200.697105,-7591237342.8549023,1.1581643121401937,0.062938616737440764,-0.0822251826027178
7429548.1642892063,-149111959651.00894,-17878320761.455944,-7734831696.3323622,-149145429714.84344,-17449423525.039886,-7533108272.6673212,-149135359342.25122,-17826842484.413383,-7677248373.8279648,1.1590721622053137,0.060146613788973832,-0.083340623530723981
7436793.1106314464,-149081581672.84152,-18075013202.898468,-7821165449.7822418,-149122050769.15833,-17646713208.365326,-7618637918.0012321,-149105000598.11429,-18023742848.361244,-7763198024.4506493,1.1599418111768045,0.057302571476105971,-0.084400599558202671
7444038.0569736864,-149050913150.09964,-18271560511.379478,-7907415569.3868122,-149098361726.5787,-17843968425.245766,-7704152546.784483,-149074337475.70139,-18220487020.789532,-7849085988.1277618,1.1607721580934105,0.054408905944147296,-0.085404725159496403
7451283.0033159275,-149019955414.86685,-18467962802.5438,-7993581778.8682499,-149074362632.16602,-18041188763.555233,-7789651982.6796417,-149043372231.77277,-18417074760.653908,-7934911970.0818615,1.1615621462063246,0.051468051479318308,-0.086352631226702919
7458527.9496581675,-148988709790.68408,-18664220182.030014,-8079663809.5739994,-149050053531.65228,-18238373810.927799,-7875136049.26334,-149012107121.45505,-18613505857.575863,-8020675687.3595448,1.1623107636984902,0.048482460635757521,-0.087243964586929318
7465772.8960004076,-148957177593.40088,-18860332745.649788,-8165661400.3566713,-149025434471.44254,-18435523154.758987,-7960604570.0265884,-148980544397.9982,-18809780131.810192,-8106376868.8409309,1.1630170444045624,0.045454604330962649,-0.088078387578049283
7473017.8423426477,-148925360132.02258,-19056300579.571625,-8251574297.4728613,-149000505498.61761,-18632636382.206829,-8046057368.3749437,-148948686312.53235,-19005897434.220463,-8192015255.2521725,1.1636800685320718,0.042386971910294127,-0.088855577679815778
7480262.7886848878,-148893258709.55399,-19252123760.510117,-8337402254.5000467,-148975266660.93674,-18829713080.192936,-8131494267.6287012,-148916535113.82379,-19201857646.262749,-8277590599.1811924,1.1642989633840821,0.039282071179505759,-0.089575227197522297
7487507.7350271279,-148860874623.84021,-19447802355.921227,-8423145032.2705536,-148949718006.84027,-19026752835.403442,-8216915091.0230255,-148884093048.02979,-19397660679.977463,-8363102665.096611,1.1648729040834414,0.03614242840465906,-0.090237042995597302
7494752.681369368,-148828209168.40506,-19643336424.204266,-8508802398.8217545,-148923859585.45233,-19223755234.289856,-8302319661.7080441,-148851362358.45132,-19593306477.989227,-8448551229.3698664,1.165401114298368,0.032970588279114095,-0.090840746278836801
7501997.627711609,-148795263633.28735,-19838726014.911201,-8594374129.3617096,-148897691446.58347,-19420719863.069855,-8387707802.7489204,-148818345285.28311,-19788795013.514652,-8533936080.3006001,1.1658828669692294,0.029769113856718789,-0.091386072418880665
7509242.5740538491,-148762039305.87564,-20033971168.963665,-8679860006.2494755,-148871213640.73355,-19617646307.727814,-8473079337.1258202,-148785044065.36078,-19984126290.377838,-8619257018.1451817,1.166317485035925,0.026540586452148972,-0.091872770824083141
7516487.5203960892,-148728537471.74127,-20229071918.878567,-8765259818.9896049,-148844426219.09451,-19814534154.015526,-8558434087.7339554,-148751460931.90399,-20179300343.033726,-8704513855.1485786,1.1667043421654575,0.023287605507488495,-0.09230060485085799
7523732.4667383293,-148694759415.47052,-20424028289.002281,-8850573364.2400093,-148817329233.55316,-20011382987.452576,-8643771877.3834724,-148717598114.25528,-20374317236.598709,-8789706415.5793152,1.1670428634785039,0.020012788423771011,-0.092669351754908993
7530977.4130805694,-148660706421.49545,-20618840295.754211,-8935800445.8328705,-148789922736.69418,-20208192393.326744,-8729092528.7993603,-148683457837.61404,-20569177066.888657,-8874834535.7676659,1.1673325262746608,0.01671877036020163,-0.09297880268082373
7538222.3594228104,-148626379774.92395,-20813507947.879986,-9020940874.808073,-148762206781.80304,-20404961956.694298,-8814395864.6213284,-148649042322.76477,-20763879960.464043,-8959898064.1469994,1.1675728607548492,0.013408203998610651,-0.093228762688865013
7545467.3057650505,-148591780762.36884,-21008031246.71452,-9105994469.4587288,-148734181422.86911,-20601691262.380127,-8899681707.4035645,-148614353785.79929,-20958426074.681755,-9044896861.2981663,1.1677634507404013,0.010083759274744458,-0.093419050817685437
7552712.2521072906,-148556910672.7764,-21202410186.455666,-9190961055.3886375,-148705846714.58875,-20798379894.977982,-8984949879.6145935,-148579394437.83212,-21152815597.753822,-9129830799.9970818,1.167903934386723,0.0067481230755506777,-0.093549500182199694
7559957.1984495306,-148521770798.25394,-21396644754.448135,-9275840465.5811901,-148677202712.36859,-20995027438.850441,-9070200203.6369724,-148544166484.70889,-21347048748.812183,-9214699765.2651711,1.1679940048915114,0.0034039989049203779,-0.093619958105680592
7567177.1553799957,-148486485026.07654,-21590065719.999516,-9360340224.2591438,-148648349869.82556,-21190955412.50988,-9155138548.0274792,-148508795009.89395,-21540456631.671894,-9299211259.1269073,1.1680333625880526,6.5667819594182378e-05,-0.093630354150210843
7574397.1123104598,-148450933901.5058,-21783343263.753922,-9444753098.6267242,-148619189975.29172,-21386841755.58989,-9240058814.7050095,-148473161136.59344,-21733709746.000481,-9383658035.606493,1.1680222122374906,-0.0032756844040430525,-0.0935809120512575
7581617.0692409249,-148415118717.58554,-21976477354.66375,-9529078945.7827168,-148589723085.72757,-21582686056.053558,-9324960827.6270866,-148437267030.48141,-21926808400.757225,-9468040017.5336647,1.1679604174540505,-0.0066173351918673183,-0.093471523933062794
7588837.02617139,-148379040773.7291,-22169467956.149475,-9613317630.4872742,-148559949258.80786,-21778487901.635399,-9409844410.6650753,-148401114850.80316,-22119752935.708664,-9552357140.0426445,1.1678478988404777,-0.0099565472143342531,-0.093302096782897276
7596056.983101855,-148342701376.52887,-22362315026.433823,-9697469025.285305,-148529868552.92532,-21974246879.841122,-9494709387.6037827,-148364706750.04434,-22312543721.518837,-9636609350.635458,1.1676846346329419,-0.013290568870341033,-0.093072552744776729
7603276.9400323192,-148306101840.56491,-22555018518.887119,-9781533010.6411228,-148499481027.19406,-22169962577.947292,-9579555582.140995,-148328044873.59009,-22505181159.84013,-9720796609.2462387,1.1674706613425609,-0.016616634801356795,-0.092782829447018073
7610496.8969627842,-148269243489.21265,-22747578382.384159,-9865509475.0847416,-148468786741.45544,-22365634583.001064,-9664382817.8870659,-148291131359.36945,-22697665683.427895,-9804918888.3159981,1.1672060743183728,-0.019931966419079083,-0.092432880357602942
7617716.8538932493,-148232127655.44955,-22939994561.672199,-9949398315.3699551,-148437785756.27823,-22561262481.819595,-9749190918.3643169,-148253968337.50085,-22889997756.201302,-9888976172.8463268,1.1668910284716207,-0.023233772500669204,-0.092022675190252423
7624936.8108237134,-148194755682.66098,-23132266997.750607,-10033199436.644817,-148406478132.96683,-22756845860.989555,-9833979707.0065117,-148216557929.90591,-23082177873.395111,-9972968460.4909706,1.1665257387036201,-0.02651924974619288,-0.091552200320854371
7632156.7677541785,-148157128925.44489,-23324395628.261799,-10116912752.634895,-148374863933.56396,-22952384306.866829,-9918749007.1583748,-148178902249.92715,-23274206561.641853,-10056895761.620106,1.1661104805395455,-0.029785583412992284,-0.0910214592603589
7639376.7246846436,-148119248750.4158,-23516380387.893311,-10200538185.839771,-148342943220.85541,-23147877405.575836,-10003498642.07494,-148141003401.92746,-23466084379.081116,-10140758099.396601,1.165645590658799,-0.033029947956032153,-0.09043047315843282
7646596.6816151086,-148081116537.00784,-23708221208.791294,-10284075667.743649,-148310716058.3746,-23343324743.009102,-10088228434.921001,-148102863480.87582,-23657811915.469948,-10224555509.853775,1.1651314674019928,-0.036249507691283836,-0.089779281346586137
7653816.6385455728,-148042733678.27713,-23899918020.98502,-10367525139.040619,-148278182510.40778,-23538725904.82666,-10172938208.770462,-148064484571.91998,-23849389792.293514,-10308288041.974358,1.1645685712519458,-0.039441417481702941,-0.089067941922610874
7661036.5954760378,-148004101581.70355,-24091470752.822506,-10450886549.875563,-148245342641.99878,-23734080476.455593,-10257627786.605759,-148025868749.94449,-24040818662.875847,-10391955757.77063,1.1639574252868519,-0.042602823443194389,-0.08829653237835082
7668256.5524065029,-147965221669.99231,-24282879331.416805,-10534159860.101421,-148212196518.95447,-23929388043.089363,-10342296991.317139,-147987018079.11496,-24232099212.489708,-10475558732.365406,1.163298615603847,-0.045730863669675513,-0.087465150272865486
7675476.509336967,-147926095381.87543,-24474143683.10321,-10617345039.554079,-148178744207.85004,-24124648189.687363,-10426945645.702057,-147947934612.40692,-24423232158.465565,-10559097054.073885,1.1625927917081951,-0.048822668978386177,-0.086573913953949297
7682696.4662674321,-147886724172.91354,-24665263733.907036,-10700442068.345882,-148144985776.03473,-24319860500.974464,-10511573572.464533,-147908620391.11975,-24614218250.298744,-10642570824.486059,1.1618406668682622,-0.051875363670800409,-0.085622963330330065
7689916.4231978972,-147847109516.29846,-24856239410.021587,-10783450937.178936,-148110921291.63757,-24515024561.440418,-10596180594.214428,-147869077444.37503,-24805058269.754021,-10725980158.549377,1.1610430184322864,-0.054886066309877614,-0.08461246069794294
7697136.3801283613,-147807252903.6571,-25047070638.296547,-10866371647.679741,-148076550823.57343,-24710139955.33947,-10680766533.466808,-147829307788.59903,-24995753030.967278,-10809325184.651644,1.160200688103413,-0.057851890513272768,-0.083542591623576301
7704356.3370588263,-147767155845.8573,-25237757346.73645,-10949204212.756527,-148041874441.54901,-24905206266.690063,-10765331212.641308,-147789313426.98886,-25186303380.543495,-10892606044.703787,1.159314582171592,-0.060769945758803158,-0.082413565889487589
7711576.2939892914,-147726819873.81622,-25428299465.008823,-11031948656.980833,-148006892216.06949,-25100223079.274319,-10849874454.061409,-147749096348.96243,-25376710197.649967,-10975822894.222166,1.1583856716974907,-0.063637338203402741,-0.081225618503199148
7718796.2509197565,-147686246539.31244,-25618696924.962288,-11114605016.995268,-147971604218.44498,-25295189976.63789,-10934396079.953823,-147708658529.59167,-25566974394.104546,-11058975902.410355,1.157414992646401,-0.066451171512476051,-0.079979010776615386
7726016.2078502206,-147645437415.80243,-25808949661.154171,-11197173341.949207,-147936010520.79733,-25490106542.089695,-11018895912.447828,-147668001929.01871,-25757096914.457752,-11142065252.23995,1.1564036459668718,-0.069208547699920894,-0.078674031479435497
7733236.1647806857,-147604394099.24271,-25999057611.387749,-11279653693.964659,-147900111196.06714,-25684972358.701893,-11103373773.57468,-147627128491.85516,-25947078736.068203,-11225091140.530243,1.1553527976114455,-0.071906567976306929,-0.077310998071918061
7740238.0452354867,-147564368324.47681,-26183285064.724766,-11359558797.589249,-147865004349.18433,-25873903448.880318,-11185278853.791258,-147587284335.96729,-26131188784.584679,-11305548842.514393,1.1542971232053283,-0.074463660816547886,-0.075934012636334633
7747239.9256902877,-147524125311.92468,-26367376242.117348,-11439381314.953772,-147829610196.52835,-26062786036.574226,-11267162939.895735,-147547239802.29993,-26315168406.506714,-11385947261.670654,1.1532066356985298,-0.076959559859616999,-0.074503098912687915
7754241.8061450887,-147483666582.33118,-26551331098.525532,-11519121340.453262,-147793928806.87372,-26251619740.867592,-11349025869.2962,-147506996619.32108,-26499018582.025681,-11466286615.245285,1.1520825732654518,-0.079391623547018425,-0.073018631106785872
7761243.6865998907,-147442993679.2818,-26735149593.734028,-11598778981.880329,-147757960249.74533,-26440404180.635387,-11430867479.312016,-147466556499.51865,-26682740320.543316,-11546567132.995483,1.1509262310634476,-0.08175721262306139,-0.071481013881435601
7768245.5670546917,-147402108169.95135,-26918831692.853584,-11678354360.983509,-147721704595.42554,-26629138974.543877,-11512687607.17334,-147425921138.81165,-26866334660.697109,-11626789057.248735,1.1497389609389068,-0.084053690885916202,-0.069890683827011205
7775247.4475094927,-147361011645.86621,-27102377366.831181,-11757847614.064632,-147685161914.96112,-26817823741.051243,-11594486090.02079,-147385092215.94675,-27049802670.376076,-11706952642.959686,1.1485221710568061,-0.086278425940766498,-0.068248111031867106
7782249.3279642938,-147319705723.68198,-27285786592.96909,-11837258892.618042,-147648332280.17059,-27006458098.408115,-11676262764.905037,-147344071391.88049,-27233145446.725685,-11787058157.764051,1.1472773254475532,-0.088428789954595299,-0.06655380075976837
7789251.2084190948,-147278192045.97937,-27469059355.453785,-11916588364.015148,-147611215763.65164,-27195041664.658363,-11758017468.786486,-147302860309.14676,-27416364116.141602,-11867105882.029453,1.1460059434641643,-0.090502160412228458,-0.06480829524212578
7796253.0888738967,-147236472282.0806,-27652195645.895412,-11995836212.237965,-147573812438.78882,-27383574057.640038,-11839750038.535004,-147261460591.21039,-27599459834.251324,-11947096108.902788,1.1447095991426461,-0.092495920873536225,-0.063012175593676112
7803254.9693286978,-147194548128.88898,-27835195463.878807,-12075002638.665552,-147536122379.7612,-27572054894.986328,-11921460310.929636,-147219873841.8063,-27782433785.882862,-12027029144.35384,1.1433899204579741,-0.09440746173131144,-0.061166063860544448
7810256.8497834988,-147152421311.75504,-28018058817.527725,-12154087862.917974,-147498145661.55042,-27760483794.126949,-12003148122.65848,-147178101644.26468,-27965287185.020061,-12106905307.214912,1.1420485884654443,-0.096234180971277464,-0.059270625211006865
7817258.7302382998,-147110093585.3725,-28200785724.083603,-12233092123.762375,-147459882359.94879,-27948860372.289463,-12084813310.318506,-147136145560.82263,-28148021274.743301,-12186724929.216019,1.1406873363198724,-0.097973484933793445,-0.057326570279361937
7824260.6106931008,-147067566734.70773,-28383376210.50127,-12312015680.086687,-147421332551.56766,-28137184246.500896,-12166455710.415485,-147094007131.92203,-28330637327.155159,-12266488355.015451,1.1393079481599231,-0.099622789079942514,-0.055334657674763192
7831262.4911479019,-147024842575.96649,-28565830314.064121,-12390858811.946815,-147382496313.84567,-28325455033.589523,-12248075159.363979,-147051687875.49442,-28513136643.290134,-12346195942.225328,1.1379122578481708,-0.10117951876266239,-0.053295696667710099
7838264.3716027029,-146981922957.60251,-28748148083.021973,-12469621821.693777,-147343373725.05765,-28513672350.186874,-12329671493.487377,-147009189286.23288,-28695520553.007664,-12425848061.431835,1.1365021475526651,-0.10264111000696255,-0.051210550067593438
7845266.2520575048,-146938809761.37234,-28930329577.255486,-12548305035.187979,-147303964864.32318,-28701835812.729977,-12411244549.018026,-146966512834.85153,-28877790414.867687,-12505445096.209824,1.1350795461568162,-0.10400501030258995,-0.049080137306430516
7852268.1325123059,-146895504903.44113,-29112374868.97176,-12626908803.108524,-147264269811.61554,-28889945037.463665,-12492794162.09738,-146923659967.33286,-29059947615.98782,-12584987443.131382,1.1336464274839153,-0.10526867941364444,-0.046905437744328385
7859270.0129671069,-146852010335.54483,-29294284043.437061,-12705433502.366407,-147224288647.77084,-29077999640.443436,-12574320168.776325,-146880632104.16345,-29241993571.881763,-12664475511.768206,1.1322048083171419,-0.10642959021310262,-0.044687494214132671
7866271.8934219079,-146808328046.21381,-29476057199.752991,-12783879537.631098,-147184021454.49716,-29265999237.538223,-12655822405.015488,-146837430639.55862,-29423929726.277679,-12743909724.687216,1.1307567462002168,-0.10748522954895935,-0.042427416823654134
7873273.7738767089,-146764460062.06345,-29657694451.684525,-12862247342.981333,-147143468314.38382,-29453943444.433617,-12737300706.685677,-146794056940.67661,-29605757550.916119,-12823290517.439251,1.1293043369985127,-0.10843309915339194,-0.040126387035157952
7880275.6543315109,-146720408449.15759,-29839195928.5494,-12940537383.691843,-147102629310.91092,-29641831876.635284,-12818754909.568417,-146750512346.82242,-29787478545.326679,-12902618338.540468,1.1278497121976292,-0.10927071660828441,-0.037785662043451573
7887277.5347863119,-146676175314.45013,-30020561776.180084,-13018750158.168982,-147061504528.45889,-29829664149.472588,-12900184849.356525,-146706798168.64291,-29969094236.582512,-12981893649.446024,1.1263950359202706,-0.10999561638211387,-0.035406579475098558
7894279.4152411129,-146631762807.31018,-30201792157.972111,-13096886200.049692,-147020094052.31802,-30017439878.102695,-12981590361.654882,-146662915687.31253,-30150606179.032276,-13061116924.515907,1.1249425016328072,-0.11060535095965511,-0.032990562432499926
7901281.295695914,-146587173121.13675,-30382887256.033119,-13174946080.478861,-146978397968.69836,-30205158677.514751,-13062971281.981216,-146618866153.71176,-30332015954.008465,-13140288650.972351,1.1234943285172261,-0.11109749208428431,-0.030539124908000523
7907960.6852128934,-146544474064.10324,-30555515623.626305,-13249340277.450859,-146938356214.54626,-30384178159.282227,-13140580909.21734,-146576690874.2998,-30504976658.789879,-13215766321.719454,1.1221189757301215,-0.11145516264595763,-0.028169061144107017
7914640.0747298729,-146501617794.48361,-30728021259.55167,-13323666289.549669,-146898054711.66641,-30563145150.119896,-13218167864.925667,-146534365718.33331,-30677847271.917843,-13291197982.766632,1.1207515908796846,-0.11170156019170435,-0.025769714976803439
7921319.4642468523,-146458606337.20779,-30900404376.321541,-13397924721.06468,-146857493537.28653,-30742059315.398811,-13295732006.10351,-146491891690.45825,-30850629233.135509,-13366584089.509415,1.1193941446608155,-0.11183463332304923,-0.023342662316796634
7927998.8537638318,-146415441759.65289,-31072665206.801224,-13472116216.424175,-146816672769.42822,-30920920320.367096,-13373273189.679527,-146449269767.52383,-31023324003.391449,-13441925107.786169,1.118048614205752,-0.11185235206938889,-0.020889575216116667
7934678.2432808112,-146372126173.29465,-31244804005.772224,-13546241462.905161,-146775592486.91486,-31099727830.154522,-13450791272.514793,-146406500897.91193,-31195933064.511299,-13517221513.808826,1.1167169785751452,-0.11175270975028358,-0.018412227880889386
7941357.6327977907,-146328661735.43015,-31416821051.694733,-13620301193.572151,-146734252769.37952,-31278481509.777325,-13528286111.40399,-146363586000.86459,-31368457918.848946,-13592473794.085987,1.1154012138495215,-0.11153372513510557,-0.015912503082936846
7948037.0223147701,-146285050650.96573,-31588716648.701145,-13694296190.464314,-146692653697.27313,-31457181024.143272,-13605757563.07666,-146320525965.81027,-31540900088.916882,-13667682445.338154,1.1141032877958215,-0.11119344495756861,-0.013392398987661662
7954716.4118317496,-146241295174.26114,-31760491128.85688,-13768227288.05134,-146650795351.87244,-31635826038.057014,-13683205484.198595,-146277321651.68921,-31713261116.995346,-13742847974.404938,1.1128251540785341,-0.11072994685460764,-0.01085403641321595
7961395.8013487291,-146197397611.01636,-31932144854.729519,-13842095376.979141,-146608677815.28793,-31814416216.225677,-13760629731.373295,-146233973886.27939,-31885542564.719955,-13817970898.144024,1.1115687459911168,-0.11014134280771155,-0.0082996665323427019
7968075.1908657085,-146153360320.18295,-32103678222.312687,-13915901408.126902,-146566301170.47192,-31992951223.264725,-13838030161.143547,-146190483465.52319,-32057746012.647507,-13893051743.321712,1.1103359696777444,-0.10942578317904603,-0.0057316790236632137
7974754.580382688,-146109185715.875,-32275091664.356747,-13989646396.997002,-146523665501.22653,-32171430723.704102,-13915406629.993107,-146146851152.8562,-32229873059.799648,-13968091046.494862,1.1091286968228558,-0.10858146144727332,-0.0031526106720302883
7981433.9698996674,-146064876269.24719,-32446385654.164429,-14063331428.458708,-146480770892.21155,-32349854381.994659,-13992758994.348488,-146103077678.53876,-32401925323.184219,-14043089353.884069,1.1079487567867272,-0.1076066197627094,-0.00056515440925528982
7988113.3594166469,-146020434510.29825,-32617560709.915859,-14136957661.86512,-146437617428.95236,-32528221862.51482,-14070087110.580858,-146059163738.99103,-32573904437.294033,-14118047221.237938,1.1067979281683855,-0.10649955545874283,0.0020278312248781902
7994792.7489336263,-145975863029.54733,-32788617399.593876,-14210526336.560354,-146394205197.84787,-32706532829.577572,-14147390835.008041,-146015109996.1329,-32745812053.582886,-14192965213.688282,1.1056779297873363,-0.10525862867287443,0.0046233122363528653
8001472.1384506058,-145931164479.51709,-32959556346.586815,-14284038777.790148,-146350534286.1781,-32884786947.43771,-14224670023.896652,-145970917076.72937,-32917649839.918724,-14267843905.596117,1.1045904110814726,-0.10388227124957317,0.0072180689979302907
8008151.5279675853,-145886341575.94269,-33130378236.051884,-14357496403.023521,-146306604782.11197,-33062983880.299362,-14301924533.464321,-145926585571.74234,-33089419480.013802,-14342683880.388365,1.1035369419296202,-0.10236899711579339,0.0098086858130277919
8014830.9174845647,-145841397098.6077,-33301083822.12738,-14430900728.685474,-146262416774.71494,-33241123292.323822,-14379154219.882051,-145882116035.69009,-33261122672.831779,-14417485730.385115,1.102519001925542,-0.10071741433838291,0.012391540325594304
8021510.3070015442,-145796333891.68744,-33471673936.08572,-14504253377.290422,-146217970353.95636,-33419204847.637623,-14456358939.276686,-145837508986.01526,-33432761131.971737,-14492250056.617367,1.1015379691463241,-0.098926239090140394,0.014962792912683386
8028189.6965185236,-145751154863.45752,-33642149495.52108,-14577556084.952673,-146173265610.71695,-33597228210.34095,-14533538547.733492,-145792764902.46219,-33604336585.029129,-14566977468.635195,1.1005951084802652,-0.096994311766460076,0.017518376236244339
8034869.0860355031,-145705862985.19937,-33812511514.664215,-14650810709.233049,-146128302636.79602,-33775193044.516277,-14610692901.298866,-145747884226.46506,-33775850772.93372,-14641668584.306232,1.099691559613055,-0.094920615505286646,0.020053985178621895
8041548.4755524825,-145660461289.10657,-33982761115.91193,-14724019237.259249,-146083081524.91846,-33953099014.237335,-14687821855.983166,-145702867360.54752,-33947305449.264591,-14716324029.604464,1.0988283247991291,-0.092704297368345609,0.022565067440874706
8048227.865069462,-145614952864.96558,-34152899542.648285,-14797183794.030987,-146037602368.74179,-34130945783.578323,-14764925267.763638,-145657714667.73505,-34118702379.542381,-14790944438.389252,1.0980062565914617,-0.090344692437389698,0.025046815146609291
8054907.2545864414,-145569340855.35367,-34322928173.417423,-14870306650.788868,-145991865262.86298,-34308733016.623421,-14842002992.587494,-145612426470.98099,-34290043340.49894,-14865530452.174641,1.0972260457449876,-0.087841351063556242,0.027494157865087888
8061586.6441034209,-145523628449.07681,-34492848537.47377,-14943390233.28447,-145945870302.82483,-34486460377.476555,-14919054886.37509,-145567003052.60745,-34461330119.324623,-14940082719.888859,1.096488209539886,-0.085194069450754653,0.029901757543962144
8067953.239432632,-145479966245.29517,-34654712344.896194,-15013017140.714689,-145901789339.9689,-34655808769.31041,-14992474281.789547,-145523581151.99341,-34624546790.804901,-15011112911.547613,1.0958246777737299,-0.082536838926943953,0.032154478976699825
8074319.8347618431,-145436218575.46179,-34816480955.196495,-15082613101.440842,-145857474280.00452,-34825102169.283234,-15065869953.110853,-145480036790.95984,-34787717432.064186,-15082113613.815294,1.095200073123745,-0.079749234850043732,0.034360914346369169
8080686.4300910542,-145392388267.23325,-34978156163.540718,-15152180645.856939,-145812925208.10162,-34994340286.614342,-15139241775.516569,-145436370108.25885,-34950843613.397308,-15153085406.1905,1.0946143534512383,-0.076831885724881754,0.036515759700264043
8087053.0254202653,-145348478146.09293,-35139739949.982475,-15221722454.081709,-145768142210.23059,-35163522830.572952,-15212589624.173286,-145392581207.43463,-35113926911.133194,-15224028873.439785,1.0940673052358838,-0.073785749616618657,0.038613498836869389
8093419.6207494764,-145304491019.55417,-35301234496.148232,-15291241359.024666,-145723125373.1665,-35332649510.486938,-15285913374.23959,-145348670156.45236,-35276968906.960594,-15294944605.371456,1.0935585407716268,-0.070612151405348447,0.040648414382617938
8099786.2160786875,-145260429658.54111,-35462642202.230621,-15360740347.896065,-145677874784.49338,-35501720035.751686,-15359212900.869106,-145304636987.3429,-35439971187.238815,-15365833196.602306,1.0930874978099798,-0.067312821946530932,0.042614603670064914
8106152.8114078995,-145216296775.76163,-35623965703.930908,-15430222561.780579,-145632390532.60791,-35670734115.839211,-15432488079.213642,-145260481695.86398,-35602935342.293839,-15436695246.317438,1.092653442111164,-0.063889938564207591,0.044506000080373108
8112519.4067371106,-145172095000.94998,-35785207888.898735,-15499691292.866674,-145586672706.72345,-35839691460.307259,-15505738784.426353,-145216204241.1785,-35765862965.700134,-15507531358.023163,1.0922554733644283,-0.060346166100531388,0.046316400484136384
8118886.0020663217,-145127826852.94495,-35946371912.121513,-15569149978.908957,-145540721396.87326,-36008591778.808884,-15578964891.66511,-145171804545.55078,-35928755653.548904,-15578342139.293297,1.0918925349165611,-0.056684697524908428,0.048039499345598938
8125252.5973955328,-145083494708.68484,-36107461209.619606,-15638602194.503687,-145494536693.91394,-36177434781.101929,-15652166276.095827,-145127282494.06143,-36091615003.702972,-15649128201.508757,1.0915634276877204,-0.052909292872587652,0.049668929934892303
8131619.1927247439,-145039100769.34525,-36268479509.717873,-15708051638.785387,-145448118689.52841,-36346220177.058739,-15725342812.895941,-145082637934.34149,-36254442615.038986,-15719890159.590742,1.0912668285647897,-0.049024315055466804,0.051198312915476551
8137985.788053955,-144994647024.01535,-36429430841.095009,-15777502119.209156,-145401467476.22873,-36514947676.676064,-15798494377.257929,-145037870676.32657,-36417240086.677444,-15790628631.727636,1.0910013134237431,-0.045034760880477795,0.052621312332639322
8144352.383383166,-144950135211.50165,-36590319536.772278,-15846957531.174664,-145354583147.35858,-36683616990.085083,-15871620844.392933,-144992980492.03149,-36580009017.20121,-15861344239.095768,1.0907653847570933,-0.040946285449418217,0.053931698723705054
8150718.9787123771,-144905566781.05191,-36751150233.203049,-15916421833.376402,-145307465797.09555,-36852227827.561508,-15944722089.534435,-144947967115.3461,-36742751003.863022,-15932037605.574249,1.0905575036607755,-0.036765218021834578,0.055123418705533701
8157085.5740415882,-144860942852.99863,-36911927863.675964,-15985899018.930655,-145260115520.45319,-37020779899.535919,-16017797987.942005,-144902830241.85303,-36905467641.782722,-16002709357.454069,1.0903761256802265,-0.032498567428660807,0.056190669983672677
8163452.1693707993,-144816264180.50946,-37072657645.355881,-16055393082.529373,-145212532413.28262,-37189272916.604095,-16090848414.905134,-144857569528.66769,-37068160523.134857,-16073360123.141651,1.0902197397386335,-0.028154015252100088,0.057127980290148678
8169818.7647000104,-144771531113.78522,-37233345059.464142,-16124907984.096186,-145164716572.2742,-37357706589.53759,-16163873245.747105,-144812184594.30124,-37230831236.327332,-16143990532.857113,1.0900869090884093,-0.023739895256120264,0.057930288323573588
8176185.3600292224,-144726743568.14203,-37393995824.34304,-16194447609.657017,-145116668094.95837,-37526080629.294296,-16236872355.828959,-144766675018.54684,-37393481365.171867,-16214601218.327456,1.089976312964136,-0.019265157972192047,0.058593024374182408
8182551.9553584335,-144681900997.43289,-37554615861.450577,-16264015730.369524,-145068387079.70685,-37694394747.029068,-16309845620.553459,-144721040342.39008,-37556112488.046951,-16285192812.474865,1.0898867874048284,-0.014739319908511832,0.059112188006963544
8188918.5506876446,-144637002374.19073,-37715211254.67717,-16333615960.860991,-145019873625.73291,-37862648654.10466,-16382792915.369221,-144675280067.94342,-37718726177.054214,-16355765949.100567,1.0898173635680508,-0.010172397538425556,0.059484419993731275
8195285.1460168557,-144592046177.69965,-37875788203.740265,-16403251718.180595,-144971127833.09186,-38030842062.102463,-16455714115.774771,-144629393658.40567,-37881323997.168808,-16426321262.564247,1.0897673018247074,-0.0055748269911321587,0.059707065661407537
8201651.7413460668,-144547030390.92618,-38036352972.769867,-16472926182.759712,-144922149802.68085,-38198974682.833427,-16528609097.322741,-144583380538.04639,-38043907505.384697,-16496859387.459513,1.0897361199957973,-0.0009573711614023259,0.059778226988217477
8208018.3366752779,-144501952506.87961,-38196911835.512711,-16542642262.7761,-144872939636.23849,-38367046228.349052,-16601477735.624065,-144537240092.216,-38206478249.855774,-16567380958.285597,1.0897236142966864,0.0036689832957482529,0.059696801135283313
8214384.932004489,-144456809544.51685,-38357471018.834892,-16612402563.223003,-144823497436.34433,-38535056410.952377,-16674319906.352242,-144490971667.38162,-38369037769.033485,-16637886609.115623,1.0897298719209103,0.0082931359347778958,0.059462503662212861
8220524.1941670505,-144413213669.79605,-38512303121.743835,-16679715933.63916,-144775601021.28125,-38697009039.319893,-16744535905.458469,-144446233504.00888,-38525783544.847786,-16705860217.173639,1.0897540308744691,0.012739699118715041,0.059092290199009329
8226663.456329613,-144369550652.65405,-38667146570.27787,-16747074278.155096,-144727489037.07483,-38858904083.965462,-16814727066.509802,-144401375039.49744,-38682521663.418816,-16773820177.654032,1.089796586471236,0.017164036437826845,0.058581628712884658
8232802.7184921745,-144325816726.48953,-38822006538.198105,-16814479023.852385,-144679161577.91895,-39020741287.64534,-16884893278.215603,-144356395585.53467,-38839253474.070862,-16841767056.225338,1.0898583720469197,0.021556480721429232,0.057932405475465042
8238941.980654736,-144282007838.577,-38976887982.151794,-16881931285.09672,-144630618738.72943,-39182520393.37088,-16955034429.354097,-144311294420.52924,-38995980314.7957,-16909701417.037144,1.0899404388820533,0.02590763848141998,0.057147156202385488
8245081.2428172985,-144238119692.29883,-39131795608.561653,-16949431865.92395,-144581860615.14215,-39344241144.41774,-17025150408.776012,-144266070789.74936,-39152703511.530037,-16977623822.43317,1.0900440312147115,0.030208466548579713,0.056229021540441883
8251220.50497986,-144194147791.38232,-39286733846.36306,-17016981267.909918,-144532887303.51093,-39505903284.334938,-17095241105.408224,-144220723905.48254,-39309424377.434494,-17045534832.663069,1.0901705565067605,0.034450338467556831,0.055181693706767905
8257359.7671424216,-144150087484.74698,-39441706826.001427,-17084579702.950548,-144483698900.90512,-39667506556.954208,-17165306408.257536,-144175252947.21716,-39466144212.174805,-17113435005.593355,1.0903215522387151,0.038625099349214431,0.054009356374738519
8263499.029304984,-144105934010.65356,-39596718364.80838,-17152227110.218872,-144434295505.10672,-39829050706.39904,-17235346206.414341,-144129657061.84546,-39622864301.205696,-17181324896.417496,1.0904986505627652,0.042725108483662663,0.052716620014060432
8269638.2914675456,-144061682538.99802,-39751771958.604759,-17219923176.462967,-144384677214.60764,-39990535477.093735,-17305360389.056313,-144083935363.88828,-39779585915.058197,-17249205057.365547,1.0907035421340223,0.046743269588707101,0.051308454873588483
8275777.5536301071,-144017328210.79022,-39906870779.145981,-17287667358.763168,-144334844128.60629,-40151960613.772568,-17375348845.452183,-144038086935.74149,-39936310308.631409,-17317076037.413685,1.0909379403367796,0.050673049093981175,0.049790123657210791
8281916.8157926695,-143972866174.08249,-40062017676.842438,-17355458908.87392,-144284796347.00421,-40313325861.488693,-17445311464.965416,-143992110827.94382,-40093038720.488884,-17384938381.993687,1.0912035469754899,0.05450848329088407,0.048167115713834585
8288056.0779552311,-143928291615.84216,-40217215188.060799,-17423296898.327824,-144234533970.40216,-40474630965.623016,-17515248137.057907,-143946006059.46609,-40249772372.160484,-17452792632.702782,1.0915020203075172,0.058244175507147729,0.046445084270374755
8294195.3401177926,-143883599789.48578,-40372465546.239449,-17491180243.565262,-144184057100.09628,-40635875671.893127,-17585158751.293728,-143899771618.02197,-40406512467.450752,-17520639327.014118,1.0918349460870651,0.061875284682753065,0.044629787910690166
8300334.6022803551,-143838786037.99017,-40527770696.027893,-17559107730.460991,-144133365838.0737,-40797059726.36187,-17655043197.342724,-143853406460.37851,-40563260191.767349,-17588478997.994946,1.0922038120552553,0.065397506909576714,0.042727037172742462
8306473.8644429166,-143793845812.66577,-40683132309.679504,-17627078037.739189,-144082460287.00812,-40958182875.446159,-17724901364.984291,-143806909512.75098,-40720016711.421837,-17656312174.007278,1.0926099862402139,0.068807051165339084,0.040742646820679691
8312613.1266054781,-143748774687.81094,-40838551804.978622,-17695089758.890163,-144031340550.25449,-41119244865.925415,-17794733144.110954,-143760279671.13577,-40876783172.976692,-17724139378.431225,1.0930546989477214,0.072100611150500787,0.038682394060045706
8318752.3887680406,-143703568371.56479,-40994030364.056808,-17763141422.317661,-143980006731.84488,-41280245444.950195,-17864538424.732094,-143713515801.71994,-41033560702.577835,-17791961129.376568,1.0935390285888429,0.075275334161541793,0.036551982729441851
8324891.6509306021,-143658222713.34103,-41149568952.541283,-17831231509.551128,-143928458936.4826,-41441184360.05027,-17934317096.977463,-143666616741.28967,-41190350405.309998,-17859777939.403042,1.0940638910578011,0.078328788426121884,0.034357013300610251
8331030.9130931636,-143612733708.26089,-41305168338.572227,-17899358471.447727,-143876697269.53687,-41602061359.14299,-18004069051.100819,-143619581297.6618,-41347153364.556786,-17927590315.240498,1.0946300324138301,0.081258929831768717,0.032102958371943102
8337170.1752557261,-143567097499.01401,-41460829111.317841,-17967520742.383392,-143824721837.03693,-41762876190.541245,-18073794177.483459,-143572408250.13458,-41503970641.371437,-17995398757.511555,1.0952380245542399,0.084064068911644974,0.029795143237206834
8343309.4374182876,-143521310375.56738,-41616551698.703979,-18035716752.491123,-143772532745.66626,-41923628602.961349,-18143492366.637703,-143525096349.95712,-41660803273.859138,-18063203760.457108,1.0958882635269258,0.086742838761001653,0.027438731044908602
8349448.6995808491,-143475368773.11996,-41772336384.154503,-18103944938.048244,-143720130102.7561,-42084318345.530922,-18213163509.210426,-143477644320.81729,-41817652276.571655,-18131005811.665012,1.096580970123854,0.089294164391738415,0.025038712031887535
8355587.9617434116,-143429269268.66748,-41928183322.206482,-18172203750.144192,-143667514016.27921,-42244945167.796478,-18282807495.986481,-143430050859.34729,-41974518639.914307,-18198805391.801949,1.0973161923984112,0.091717233892688169,0.022599896307924326
8361727.2239059731,-143383008576.51056,-42084092552.927513,-18240491661.78516,-143614684594.84323,-42405508819.730782,-18352424217.892036,-143382314635.64709,-42131403329.566063,-18266602974.348866,1.0980938097504513,0.094011471633762819,0.020126909671156008
8367748.1323316004,-143337480105.27655,-42237056583.303802,-18307489923.841682,-143562666527.82321,-42562915502.134277,-18420672270.196629,-143335358710.14032,-42285282276.955772,-18333092053.178909,1.098897339951068,0.096135998290372893,0.017672694067088983
8373769.0407572277,-143291790710.76813,-42390080327.788231,-18374513347.592319,-143510443480.65527,-42720260951.258591,-18488893891.349625,-143288262866.95154,-42439180618.329971,-18399580091.362896,1.0997409595712009,0.098136095618610503,0.015193898120859625
8379789.949182855,-143245937647.36353,-42543163572.208542,-18441560581.286366,-143458015557.52634,-42877544932.494446,-18557088978.879242,-143241025780.32635,-42593099192.19458,-18466067513.949314,1.1006241156216008,0.10001175406306191,0.012694367139482878
8385810.8576084832,-143199918274.9335,-42696306038.299797,-18508630308.072575,-143405382863.18436,-43034767211.652756,-18625257430.456467,-143193646102.03281,-42747038812.184158,-18532554738.40596,1.1015461233939396,0.10176310442112167,0.010177780143529731
8391831.7660341095,-143153730053.11249,-42849507391.522438,-18575721247.486633,-143352545502.93152,-43191927554.970413,-18693399143.897861,-143146122461.90735,-42901000266.60083,-18599042174.398735,1.1025061737151125,0.10339040325661777,0.0076476540425234633
8397852.6744597368,-143107370535.64212,-43002767247.999367,-18642832156.331486,-143299503582.61697,-43349025729.116379,-18761514017.168453,-143098453468.41412,-43054984317.967499,-18665530223.574841,1.1035033403845464,0.10489402002280543,0.0051073485234930018
8403873.5828853659,-143060837364.85989,-43156085180.643166,-18709961829.050682,-143246257208.62979,-43506061501.19706,-18829601948.384403,-143050637709.21619,-43208991702.594978,-18732019279.350243,1.1045365876792286,0.10627442577316207,0.0025600714533095931
8409894.4913109932,-143014128266.38708,-43309460724.546402,-18777109097.684395,-143192806487.89154,-43663034638.761703,-18897662835.815647,-143002673751.75864,-43363023130.163811,-18798509726.701775,1.1056047778405809,0.10753218332604557,8.884627026816018e-06
8415915.3997366205,-142967241044.0549,-43462893381.70723,-18844272831.487236,-143139151527.84875,-43819944909.807869,-18965696577.888638,-142954560143.8627,-43517079283.321404,-18865001941.964127,1.1067066784671822,0.10866793875245262,-0.0025432902766670813
8421936.3081622478,-142920173575.09418,-43616382625.158073,-18911451936.276157,-143085292436.4653,-43976792082.786362,-19033703073.188828,-142906295414.33069,-43671160817.293793,-18931496292.63155,1.1078409697616973,0.10968241405217337,-0.0050936656466774675
8427957.216587875,-142872923805.60416,-43769927902.563354,-18978645353.568096,-143031229322.21463,-44133575926.606079,-19101682220.463188,-142857878073.56088,-43825268359.513031,-18997993137.164646,1.1090062515865213,0.11057640089502618,-0.0076395818891038534
8433978.1250135023,-142825489746.30667,-43923528639.346642,-19045852059.558025,-142976962294.0719,-44290296210.638771,-19169633918.622658,-142809306614.17215,-43979402509.260216,-19064492824.802326,1.1102010503011535,0.11135075530408095,-0.010178501447845635
8439999.0334391296,-142777869468.58618,-44077184241.403236,-19113071063.980408,-142922491461.50601,-44446952704.72345,-19237558066.744495,-142760579511.63742,-44133563837.324173,-19130995695.379017,1.1114238253586137,0.11200639316892574,-0.012708002952518806
8446019.9418647569,-142730061100.81015,-44230894097.449219,-19180301408.890205,-142867816934.47147,-44603545179.170746,-19305454564.074619,-142711695224.92566,-44287752885.67627,-19197502079.147247,1.1126729756484921,0.11254428648632837,-0.015225775536867102
8452040.8502903841,-142682062824.92145,-44384657581.053032,-19247542167.393505,-142812938823.40018,-44760073404.76696,-19373323310.029816,-142662652197.15167,-44441970167.161194,-19264012296.605721,1.1139468455806933,0.11296546023070912,-0.017729613358486284
8458061.7587160114,-142633872873.29071,-44538474052.391014,-19314792442.352486,-142757857239.19324,-44916537152.777969,-19441164204.199932,-142613448856.23337,-44596216165.204079,-19330526658.332977,1.1152437309081424,0.11327098976907847,-0.02021741034237404
8464082.6671416387,-142585489525.81543,-44692342859.763741,-19382051365.08493,-142702572293.21249,-45072936194.952927,-19508977146.349964,-142564083615.55554,-44750491333.533897,-19397045464.826717,1.116561884290513,0.11346199874249134,-0.022687155162147313
8470103.5755672678,-142536911107.25104,-44846263340.905922,-19449318094.074471,-142647084097.27213,-45229270303.527756,-19576762036.422119,-142514554874.64008,-44904796095.923416,-19463569006.34885,1.1178995206052915,0.11353965734289173,-0.025136926467388233
8476124.4839928951,-142488135984.75845,-45000234824.118324,-19516591813.704342,-142591392763.63025,-45385539251.228317,-19644518774.537685,-142464861019.82159,-45059130845.945297,-19530097562.776321,1.1192548220127549,0.11350518092350909,-0.027564888359699159
8482145.3924185224,-142439162565.65289,-45154256629.247604,-19583871733.024879,-142535498404.98007,-45541742811.273697,-19712247260.999039,-142415000424.92831,-45213495946.745316,-19596631403.457973,1.1206259427855254,0.11335982888771617,-0.029969286117296743
8488166.3008441497,-142389989295.33823,-45308328068.535172,-19651157084.561989,-142479401134.44156,-45697880757.37896,-19779947396.291389,-142364971451.96738,-45367891730.831566,-19663170787.077129,1.1220110139110082,0.11310490380669638,-0.032348442163703438
8494187.2092697769,-142340614655.41193,-45462448447.35479,-19718447123.172424,-142423101065.55255,-45853952863.757828,-19847619081.084526,-142314772451.814,-45522318499.880539,-19729715961.520287,1.1234081474793005,0.11274175072425796,-0.034700752275062384
8500208.1176954042,-142291037161.92633,-45616617064.855225,-19785741124.949684,-142366598312.26016,-46009958905.125153,-19915262216.234489,-142264401764.90433,-45676776524.559631,-19796267163.751778,1.124815440866757,0.11227175660893908,-0.037024682017620908
8506229.0261210315,-142241255363.79156,-45770833214.522614,-19853038386.183525,-142309892988.91196,-46165898656.699219,-19982876702.78516,-142213857721.93103,-45831266044.366188,-19862824619.694496,1.1262309807252358,0.11169634992116818,-0.039318763407641413
8512228.2782256491,-142191448009.383,-45924541240.436234,-19920096150.956623,-142253190261.80133,-46321211360.578667,-20050219397.649815,-142163321389.25717,-45985231420.366005,-19929149111.644947,1.1276477235100499,0.11101962827006459,-0.041573510344562727
8518227.5303302668,-142141435033.10114,-46078295041.918709,-19987155813.092339,-142196286647.04233,-46476457806.646484,-20117533454.060047,-142112609610.50308,-46139228446.9366,-19995480226.971474,1.1290688442224628,0.11024120419565789,-0.043795898729731449
8524226.7824348863,-142091215088.56717,-46232093905.972603,-20054216730.654915,-142139182258.88727,-46631637774.040527,-20184818774.688862,-142061720709.58084,-46293257267.871376,-20061818155.812809,1.1304924401876195,0.10936261191538948,-0.045984655484610594
8530226.034539504,-142040786856.66174,-46385937115.6492,-20121278278.055733,-142081877211.9487,-46786751042.401634,-20252075262.399872,-142010653003.5542,-46447317995.766891,-20128163077.014454,1.1319166121790101,0.1083854254842118,-0.048138561861293686
8536225.2866441216,-141990149044.4791,-46539823950.351189,-20188339845.296837,-142024371621.1904,-46941797391.875168,-20319302820.248642,-141959404803.32819,-46601410711.944916,-20194515158.0415,1.1333394675444506,0.10731125858874004,-0.050256451098552694
8542224.5387487411,-141939300384.35648,-46693753686.104866,-20255400837.264301,-141966665601.91895,-47096776603.111931,-20386501351.483734,-141907974414.33875,-46755535466.389557,-20260874554.897209,1.1347591232000183,0.10614176433883424,-0.052337206235112878
8548223.7908533588,-141888239632.97064,-46847725595.80661,-20322460673.069805,-141908759269.77487,-47251688457.268906,-20453670759.547691,-141856360137.2417,-46909692277.699852,-20327241412.04752,1.1361737085002073,0.10487863504163153,-0.054379758070208443
8554223.0429579765,-141836965570.49362,-47001738949.447449,-20389518785.438564,-141850652740.72403,-47406532736.010147,-20520810948.07814,-141804560268.60065,-47063881133.058144,-20393615862.351662,1.1375813679916997,0.10352360195049788,-0.056383083262514545
8560222.2950625941,-141785476999.80197,-47155793014.317802,-20456574620.141151,-141792346131.04907,-47561309221.507156,-20587921820.908623,-141752573101.57343,-47218101988.213066,-20459998026.99844,1.1389802640560163,0.10207843498131275,-0.058346202558557672
8566221.5471672118,-141733772745.73303,-47309887055.195305,-20523627635.4673,-141733839557.34064,-47716017696.439163,-20655003282.069431,-141700396926.59659,-47372354767.477722,-20526388015.448502,1.1403685794479732,0.10054494238987539,-0.060268179142318495
8572220.7992718313,-141681851654.38284,-47464020334.517433,-20590677301.739334,-141675133136.48895,-47870657943.99334,-20722055235.788399,-141648030032.06754,-47526639363.742615,-20592785925.382381,1.1417445197346949,0.09892497040385588,-0.062148117098060486
8578220.0513764489,-141629712592.44104,-47618192112.540176,-20657723100.862926,-141616226985.67514,-48025229747.864532,-20789077586.491508,-141595470705.02411,-47680955638.50296,-20659191842.654228,1.1431063156399328,0.097220402807154563,-0.063985159979115205
8584219.3034810666,-141577354446.55804,-47772401647.484596,-20724764525.913223,-141557121222.36273,-48179732892.255302,-20856070238.803627,-141542717231.82086,-47835303421.90078,-20725605841.251488,1.1444522252982472,0.095433160471473891,-0.06577848947516704
8590218.5555856861,-141524776122.74103,-47926648195.671303,-20791801080.753769,-141497815964.28922,-48334167161.875381,-20923033097.548992,-141489767898.80188,-47989682512.780708,-20792027983.260044,1.1457805364222129,0.093565200833944262,-0.067527324171893652
8596217.8076903038,-141471976545.77493,-48080931011.643982,-20858832279.686317,-141438311329.45764,-48488532341.940964,-20989966067.751633,-141436620992.96994,-48144092678.759743,-20858458318.83498,1.1470895683865012,0.091618517317409026,-0.069230918396333968
8602217.0597949214,-141418954658.66528,-48235249348.282829,-20925857647.129555,-141378607436.12805,-48642828218.174194,-21056869054.635902,-141383274802.65128,-48298533656.311066,-20924896886.177097,1.1483776742314353,0.089595138694058621,-0.070888561142391907
8608216.3118995391,-141365709422.10037,-48389602456.907433,-20992876717.324421,-141318704402.80945,-48797054576.802132,-21123741963.62674,-141329727618.15588,-48453005150.860901,-20991343711.514721,1.1496432425884962,0.087497128389716905,-0.072499575070918629
8614215.5640041567,-141312239813.93008,-48543989587.369995,-21059889034.064327,-141258602348.25128,-48951211204.555634,-21190584700.349968,-141275977732.43301,-48607506836.898743,-21057798809.091042,1.1508846995301181,0.085326583728806776,-0.074063315579173492
8620214.8161087763,-141258544828.65933,-48698409988.13884,-21126894150.448353,-141198301391.43536,-49105297888.668236,-21257397170.632511,-141222023441.72156,-48762038358.100609,-21124262181.156799,1.1521005103452251,0.083085635120221588,-0.075579169934910581
8626214.0682133939,-141204623476.95435,-48852862906.372032,-21193891628.65551,-141137801651.56772,-49259314416.874527,-21324179280.50248,-141167863046.19495,-48916599327.464691,-21190733817.968185,1.1532891812421082,0.080776445185494705,-0.077046556470558247
8632213.3203180116,-141150474785.15961,-49007347587.981865,-21260881039.738693,-141077103248.07053,-49413260577.408905,-21390930936.189354,-141113494850.60022,-49071189327.460022,-21257213697.790146,1.1544492609801389,0.078401207826761632,-0.078464923833398592
8638212.5724226311,-141096097794.82471,-49161863277.68927,-21327861963.436279,-141016206300.57404,-49567136159.003716,-21457652044.123943,-141058917164.8913,-49225807910.186806,-21323701786.904648,1.1555793424307883,0.075962147239168873,-0.079833750287370428
8644211.8245272487,-141041491562.23947,-49316409219.068596,-21394833988.000053,-140955110928.90884,-49720940950.887283,-21524342510.93829,-141004128304.85605,-49380454597.54879,-21390198039.624008,1.1566780640689411,0.073461516865482426,-0.081152543063422886
8650211.0766318664,-140986655157.97617,-49470984654.583038,-21461796710.03801,-140893817253.09787,-49874674742.782196,-21591002243.465672,-140949126592.73654,-49535128881.437637,-21456702398.309391,1.1577441113952032,0.070901598296760251,-0.082420837754021342
8656257.128045205,-140931157182.04984,-49626794981.621376,-21529271986.206177,-140831844925.41858,-50029535744.290344,-21658150789.891338,-140893478776.24356,-49691037131.892784,-21523733678.470623,1.1587841329586266,0.068264068215878396,-0.083647492890488437
8662303.1794585418,-140875423576.00757,-49782633716.627716,-21596737016.592251,-140769671432.95657,-50184324206.466896,-21725267931.278568,-140837611374.80417,-49846972283.679611,-21590773037.450481,1.1597884376148562,0.065571055643811785,-0.084821996716643866
8668349.2308718804,-140819453429.76001,-49938500080.889053,-21664191413.210022,-140707296899.11096,-50339039915.584473,-21792353572.882172,-140781522694.75403,-50002933725.441643,-21657820379.572182,1.1607558329125502,0.062824975409197778,-0.085943957973136073
8674395.2822852191,-140763245846.11374,-50094393294.589714,-21731634796.168327,-140644721447.44797,-50493682658.415588,-21859407620.163364,-140725211051.58511,-50158920815.741119,-21724875596.956558,1.1616851800860537,0.060028266283939209,-0.087013012550428231
8680441.3336985577,-140706799940.32147,-50250312576.796646,-21799066793.564686,-140581945201.69284,-50648252222.230095,-21926429978.78944,-140668674770.55383,-50314932883.30735,-21791938569.565937,1.1625753951745863,0.057183389578286566,-0.088028823045450691
8686487.3851118945,-140650114839.63635,-50406257145.434097,-21866487041.386692,-140518968285.72263,-50802748394.792191,-21993420554.633259,-140611912187.28067,-50470969227.29538,-21859009165.252602,1.1634254500686616,0.054292827691360651,-0.088991078347363903
8692533.4365252331,-140593189682.86966,-50562226217.248161,-21933895183.420364,-140455790823.55826,-50957170964.357559,-22060379253.772781,-140554921648.34198,-50627029117.555244,-21926087239.811989,1.1642343734837974,0.051359082618102701,-0.089899493250011869
8698579.4879385717,-140536023619.952,-50718219007.760544,-22001290871.164112,-140392412939.35754,-51111519719.669952,-22127305982.490383,-140497701511.85309,-50783111794.910759,-21993172637.04018,1.1650012518609174,0.04838467441562179,-0.090753808088893911
8704625.5393519085,-140478615811.49765,-50874234731.212402,-22068673763.747852,-140328834757.40778,-51265794449.958061,-22194200647.272255,-140440250148.04321,-50939216471.448486,-22060265188.796013,1.1657252301927481,0.045372139630755134,-0.09155378840038314
8710671.5907652471,-140420965428.37219,-51030272600.49807,-22136043527.856209,-140265056402.11835,-51419994944.932274,-22261063154.807789,-140382565939.82138,-51095342330.816177,-22127364715.067513,1.1664055127764266,0.04232402969297331,-0.092299224601512186
8716717.6421785858,-140363071651.26352,-51186331827.088203,-22203399837.654861,-140201077998.01398,-51574120994.780869,-22327893411.988689,-140324647283.33377,-51251488528.529984,-22194471024.042381,1.1670413638911408,0.039242909275049427,-0.092989931688309366
8722763.6935919225,-140304933670.25607,-51342411620.943382,-22270742374.719654,-140136899669.7276,-51728172390.166595,-22394691325.908257,-140266492588.51205,-51407654192.291115,-22261583912.182838,1.1676321084014598,0.036131354624296667,-0.093625748951142146
8728809.7450052612,-140246550684.4086,-51498511190.417915,-22338070827.967636,-140072521541.99347,-51882148922.223038,-22461456803.860588,-140208100279.6127,-51563838422.311127,-22328703164.304508,1.1681771322846954,0.032991951867018358,-0.094206539705265033
8734855.7964185998,-140187921901.33563,-51654629742.153549,-22405384893.589233,-140007943739.64056,-52036050382.550552,-22528189753.339558,-140149468795.74725,-51720040291.64521,-22395828553.659096,1.1686758830830761,0.029827295290588283,-0.094732191035393126
8740901.8478319384,-140129046536.79266,-51810766480.964157,-22472684274.981403,-139943166387.58585,-52189876563.212517,-22594890082.03796,-140090596591.40329,-51876258846.534225,-22462959842.021187,1.1691278702799259,0.026639985604916989,-0.095202613552819615
8746947.8992452752,-140069923814.26566,-51966920609.710915,-22539968682.68092,-139878189610.82785,-52343627256.731224,-22661557697.846481,-140031482136.95599,-52032493106.754311,-22530096779.778679,1.1695326656003848,0.023432628188670607,-0.095617741163931722
8752993.9506586138,-140010552964.56454,-52123091329.168671,-22607237834.297615,-139813013534.44009,-52497302256.083923,-22728192508.852734,-139972123919.17056,-52188742065.974487,-22597239106.027077,1.1698899032350372,0.020207831320178279,-0.095977530848796094
8759040.0020719524,-139950933225.42188,-52279277837.883034,-22674491454.446873,-139747638283.56509,-52650901354.698387,-22794794423.34005,-139912520441.69492,-52345004692.1213,-22664386548.667225,1.1701992799888157,0.016968204400258008,-0.09628196244926146
8765086.0534852892,-139891063841.09592,-52435479332.019264,-22741729274.681366,-139682063983.40793,-52804424346.4487,-22861363349.786434,-139852670225.54294,-52501279927.751038,-22731538824.506741,1.1704605553534337,0.013716356168009534,-0.096531038465230354
8771132.1048986278,-139830944061.97925,-52591695005.202866,-22808951033.421654,-139616290759.23038,-52957871025.651039,-22927899196.863438,-139792571809.56818,-52657566690.42897,-22798695639.364933,1.1706735515039768,0.010454892912535402,-0.096724783858658001
8777178.1563119665,-139770573144.21307,-52747924048.351654,-22876156475.885159,-139550318736.34488,-53111241187.058937,-22994401873.43483,-139732223750.92783,-52813863873.114944,-22865856688.180916,1.1708381532211818,0.0071864166866989895,-0.096863245864403258
8783224.2077253051,-139709950349.30725,-52904165649.500458,-22943345354.013725,-139484148040.10883,-53264534625.858887,-23060871288.555443,-139671624625.53693,-52970170344.555969,-22933021655.125225,1.1709543077381031,0.0039135235228906903,-0.096946493807469031
8789270.2591386419,-139649074943.76672,-53060418993.618004,-23010517426.399345,-139417778795.91882,-53417751137.665657,-23127307351.469814,-139610773028.51294,-53126484949.68483,-23000190213.714535,1.171022024513608,0.0006388016574222239,-0.096974618926225234
8795316.3105519805,-139587946198.72455,-53216683262.416756,-23077672458.208153,-139351211129.20505,-53570890518.517769,-23193709971.610966,-139549667574.61023,-53282806510.025124,-23067362026.929653,1.171041374932084,-0.0026351702356321562,-0.096947734201172336
